source_cache,run_name,sample_idx,sample_id,question,gold_label,original_answer_correct,concept_i,concept,category,description,current_value,alternative_value,mentioned_in_explanation,original_answer_label,original_answer,original_explanation,counterfactual_answer_label,counterfactual_answer,counterfactual_explanation,answer_changed,counterfactual_context_changed,change_summary,changed_span_original,changed_span_counterfactual,cf_generation_warnings
pubmedqa_wtt_batch_cache 7,target_qwen3_5_27b__aux_gemma4_e4b,8,17113061,Do mutations causing low HDL-C promote increased carotid intima-media thickness?,no,True,0,cimt_comparison,measured outcome,The comparison of carotid intima-media thickness (cIMT) between cases and controls.,Nearly identical (0.66 +/- 0.17 cm vs 0.65 +/- 0.18 cm),"Significantly higher in cases (e.g., 0.80 cm)",True,no,"No, the study indicates that carotid intima-media thickness was nearly identical between cases with mutations and controls.","The abstract reports that despite significantly lower HDL cholesterol in cases with mutations, cIMT measurements were nearly identical between cases and controls.",yes,"Yes, the study found significantly higher carotid intima-media thickness in cases with mutations causing low HDL compared to controls.","The abstract reports that in cases comprising mutations in LCAT, ABCA1, and APOA1 with significantly lower HDL cholesterol, cIMT was significantly higher compared to controls (P<0.05).",True,True,The comparison of cIMT between cases and controls was changed from 'nearly identical' to 'significantly higher in cases'.,cIMT was nearly identical between cases (0.66+/-0.17 cm) and controls (0.65+/-0.18 cm),"cIMT was significantly higher in cases (e.g., 0.80 cm) compared to controls",[]
pubmedqa_wtt_batch_cache 7,target_qwen3_5_27b__aux_gemma4_e4b,8,17113061,Do mutations causing low HDL-C promote increased carotid intima-media thickness?,no,True,1,hdl_difference,measured outcome,The difference in HDL cholesterol levels between cases and controls.,Significantly lower in cases (0.67 vs 1.58 mmol/l),Not significantly different between cases and controls,True,no,"No, the study indicates that carotid intima-media thickness was nearly identical between cases with mutations and controls.","The abstract reports that despite significantly lower HDL cholesterol in cases with mutations, cIMT measurements were nearly identical between cases and controls.",PARSE_ERROR,PARSE_ERROR,,True,True,The description of the difference in HDL cholesterol levels between cases and controls was changed from 'significantly lower in cases' to 'not significantly different between cases and controls'.,despite significantly lower HDL cholesterol (0.67 vs. 1.58 mmol/l),despite HDL cholesterol levels not being significantly different between cases and controls,[]
pubmedqa_wtt_batch_cache 7,target_qwen3_5_27b__aux_gemma4_e4b,8,17113061,Do mutations causing low HDL-C promote increased carotid intima-media thickness?,no,True,2,cimt_statistical_significance,statistical significance,The statistical relationship between cIMT difference and the mutation status.,Not significantly different (implied by 'nearly identical'),Statistically significantly higher in cases (P<0.05),True,no,"No, the study indicates that carotid intima-media thickness was nearly identical between cases with mutations and controls.","The abstract reports that despite significantly lower HDL cholesterol in cases with mutations, cIMT measurements were nearly identical between cases and controls.",yes,"Yes, the study found significantly higher carotid intima-media thickness in cases with mutations causing low HDL compared to controls.","The results section states that cIMT was significantly higher in cases comprising mutations in LCAT, ABCA1, and APOA1 (0.75 cm) compared to controls (0.65 cm) despite lower HDL cholesterol levels.",True,True,"The description of cIMT comparison was changed from 'nearly identical' (implying no significant difference) to 'significantly higher in cases' (implying a statistically significant difference, P<0.05), and the case mean value was minimally adjusted to reflect this difference.",cIMT was nearly identical between cases (0.66+/-0.17 cm) and controls (0.65+/-0.18 cm),cIMT was significantly higher in cases (0.75+/-0.17 cm) compared to controls (0.65+/-0.18 cm),[]
pubmedqa_wtt_batch_cache 7,target_qwen3_5_27b__aux_gemma4_e4b,17,17096624,Do patterns of knowledge and attitudes exist among unvaccinated seniors?,yes,True,0,existence_of_patterns,measured outcome,Whether distinct patterns or clusters of knowledge and attitudes were identified in the study population.,Patterns exist (4 clusters identified),No distinct patterns exist (uniform distribution),True,yes,"Yes, patterns of knowledge and attitudes exist among unvaccinated seniors.",The abstract states that the study examined these patterns and identified 4 distinct clusters among unvaccinated seniors based on their immunization-related knowledge and attitudes.,no,"No, the analysis suggested no distinct patterns were present.","The abstract results state that analysis revealed a uniform distribution of knowledge and attitudes among unvaccinated seniors, suggesting no distinct patterns were present.",True,True,"The results section was changed from reporting the identification of 4 distinct clusters (Potentials, Fearful Uninformeds, Doubters, Misinformeds) to stating that no distinct patterns were found, instead reporting a uniform distribution.",[RESULTS] Identified 4 clusters: Potentials (45%) would receive influenza vaccine to prevent disease; Fearful Uninformeds (9%) were unsure if influenza vaccine causes illness; Doubters (27%) were unsure if vaccine is efficacious; Misinformeds (19%) believed influenza vaccine causes illness. More Potentials (75%) and Misinformeds (70%) ever received influenza vaccine than did Fearful Uninformeds (18%) and Doubters (29%).,"[RESULTS] Analysis revealed a uniform distribution of knowledge and attitudes among unvaccinated seniors, suggesting no distinct patterns were present. Overall, the majority of seniors (75%) and a similar proportion (70%) had varying levels of prior vaccine exposure.",[]
pubmedqa_wtt_batch_cache 7,target_qwen3_5_27b__aux_gemma4_e4b,17,17096624,Do patterns of knowledge and attitudes exist among unvaccinated seniors?,yes,True,1,study_population_status,comparison group,The vaccination status of the seniors surveyed.,Unvaccinated seniors,Vaccinated seniors,True,yes,"Yes, patterns of knowledge and attitudes exist among unvaccinated seniors.",The abstract states that the study examined these patterns and identified 4 distinct clusters among unvaccinated seniors based on their immunization-related knowledge and attitudes.,PARSE_ERROR,PARSE_ERROR,,True,True,The study population status was changed from 'unvaccinated seniors' to 'vaccinated seniors' in the objective and methods sections.,unvaccinated for influenza... unvaccinated seniors,vaccinated for influenza... vaccinated seniors,[]
pubmedqa_wtt_batch_cache 7,target_qwen3_5_27b__aux_gemma4_e4b,17,17096624,Do patterns of knowledge and attitudes exist among unvaccinated seniors?,yes,True,2,measured_domain,measured outcome,The specific aspects of health behavior measured (knowledge and attitudes vs. practice).,Knowledge and attitudes,Practice (behavior),True,yes,"Yes, patterns of knowledge and attitudes exist among unvaccinated seniors.",The abstract states that the study examined these patterns and identified 4 distinct clusters among unvaccinated seniors based on their immunization-related knowledge and attitudes.,PARSE_ERROR,PARSE_ERROR,,True,True,"The measured domain was changed from 'Knowledge and attitudes' to 'Practice (behavior)' in the Objective, Methods, and MeSH terms.",knowledge and attitudes,practice,[]
pubmedqa_wtt_batch_cache 7,target_qwen3_5_27b__aux_gemma4_e4b,29,28707539,Visceral adipose tissue area measurement at a single level: can it represent visceral adipose tissue volume?,yes,False,0,correlation_strength,statistical significance,The strength of the correlation (r value) between VAT area and VAT volume changes.,0.853,0.2,False,PARSE_ERROR,PARSE_ERROR,,PARSE_ERROR,PARSE_ERROR,,False,True,The correlation strength (r value) between VAT area and VAT volume was changed from 0.853 to 0.2.,0.853,0.2,[]
pubmedqa_wtt_batch_cache 7,target_qwen3_5_27b__aux_gemma4_e4b,29,28707539,Visceral adipose tissue area measurement at a single level: can it represent visceral adipose tissue volume?,yes,False,1,ct_slice_location,other,The specific anatomical location of the CT slice used for measurement.,3 cm above the lower margin of L3,5 cm above the lower margin of L3,False,PARSE_ERROR,PARSE_ERROR,,yes,"Yes, the study identified a specific CT slice where VAT area strongly correlates with VAT volume.",The abstract states that the strongest correlations of VAT area with VAT volume were shown in a slice 5 cm above the lower margin of L3 with an r value of 0.853.,True,True,The specific anatomical location of the optimal CT slice for VAT measurement was changed from 3 cm to 5 cm above the lower margin of L3.,3 cm above the lower margin of L3,5 cm above the lower margin of L3,[]
pubmedqa_wtt_batch_cache 7,target_qwen3_5_27b__aux_gemma4_e4b,29,28707539,Visceral adipose tissue area measurement at a single level: can it represent visceral adipose tissue volume?,yes,False,2,follow_up_interval,follow-up duration,The time period between the two workplace screenings.,1-year interval,6-month interval,False,PARSE_ERROR,PARSE_ERROR,,PARSE_ERROR,PARSE_ERROR,,False,True,The follow-up duration for the workplace screenings was changed from 1 year to 6 months.,1-year interval,6-month interval,[]
pubmedqa_wtt_batch_cache 7,target_qwen3_5_27b__aux_gemma4_e4b,32,9645785,Is a mandatory general surgery rotation necessary in the surgical clerkship?,no,False,0,score_differences_between_groups,measured outcome,The finding that there were no differences in scores between the group with and without general surgery.,no differences in scores on any parameter,significant differences were found in scores on specific parameters,False,PARSE_ERROR,PARSE_ERROR,,PARSE_ERROR,PARSE_ERROR,,False,True,The finding regarding score differences between the two groups (with vs. without general surgery) was changed from 'no differences' to 'significant differences'.,no differences in scores between groups on any parameter,significant differences were found in scores on specific parameters,[]
pubmedqa_wtt_batch_cache 7,target_qwen3_5_27b__aux_gemma4_e4b,32,9645785,Is a mandatory general surgery rotation necessary in the surgical clerkship?,no,False,1,identification_of_concerns,measured outcome,Whether specific concerns were identified regarding the absence of general surgery.,No specific concerns related to the absence of general surgery were identified,Specific concerns related to the absence of general surgery were identified,False,PARSE_ERROR,PARSE_ERROR,,PARSE_ERROR,PARSE_ERROR,,False,True,The finding regarding the identification of concerns related to the absence of general surgery was changed from 'No specific concerns... were identified' to 'Specific concerns... were identified'.,No specific concerns related to the absence of general surgery were identified.,Specific concerns related to the absence of general surgery were identified.,[]
pubmedqa_wtt_batch_cache 7,target_qwen3_5_27b__aux_gemma4_e4b,32,9645785,Is a mandatory general surgery rotation necessary in the surgical clerkship?,no,False,2,assessment_parameters,other,The range of assessment methods used to measure mastery of objectives.,"written examination, objective structured clinical examination (OSCE), ward evaluations, self-assessment objectives questionnaire, and satisfaction survey",only written examination and OSCE were used,False,PARSE_ERROR,PARSE_ERROR,,no,"No, the study found that equal mastery of surgical clerkship objectives can be obtained without a mandatory general surgery rotation.",The results showed no differences in scores between groups on any parameter and no specific concerns were identified related to the absence of general surgery.,True,True,The assessment methods used in the study were narrowed from a comprehensive list to only written examination and OSCE.,"written examination, objective structured clinical examination (OSCE), ward evaluations, self-assessment objectives questionnaire, and satisfaction survey",only written examination and OSCE,[]
pubmedqa_wtt_batch_cache 7,target_qwen3_5_27b__aux_gemma4_e4b,46,19504993,It's Fournier's gangrene still dangerous?,yes,True,0,mortality_count,numerical size,The number of patients who died in the study group.,5 out of 14,1 out of 14,True,yes,"Yes, Fournier's gangrene is still dangerous as the mortality rate remains high.","The abstract background states that despite antibiotics and aggressive debridement, the mortality rate remains high, and the results show that 5 out of 14 patients died.",yes,"Yes, the abstract states that the mortality rate remains high.","The background section explicitly mentions that despite antibiotics and aggressive debridement, the mortality rate remains high.",False,True,"The number of patients who died was changed from 5 to 1, and the number of survivors was adjusted from 9 to 13 to maintain the total study population of 14.","Of the 14 patients, 5 died and 9 survived.","Of the 14 patients, 1 died and 13 survived.",[]
pubmedqa_wtt_batch_cache 7,target_qwen3_5_27b__aux_gemma4_e4b,46,19504993,It's Fournier's gangrene still dangerous?,yes,True,1,background_mortality_assessment,measured outcome,The qualitative assessment of the mortality rate for Fournier's gangrene.,mortality rate remains high,mortality rate is manageable,True,yes,"Yes, Fournier's gangrene is still dangerous as the mortality rate remains high.","The abstract background states that despite antibiotics and aggressive debridement, the mortality rate remains high, and the results show that 5 out of 14 patients died.",PARSE_ERROR,PARSE_ERROR,,True,True,The background assessment of the mortality rate for Fournier's gangrene was changed from 'remains high' to 'is manageable'.,the mortality rate remains high.,the mortality rate is manageable.,[]
pubmedqa_wtt_batch_cache 7,target_qwen3_5_27b__aux_gemma4_e4b,46,19504993,It's Fournier's gangrene still dangerous?,yes,True,2,leukocyte_count_difference,statistical significance,Whether there is a significant difference in leukocyte count between survivors and deceased patients.,significant difference,no significant difference,False,yes,"Yes, Fournier's gangrene is still dangerous as the mortality rate remains high.","The abstract background states that despite antibiotics and aggressive debridement, the mortality rate remains high, and the results show that 5 out of 14 patients died.",PARSE_ERROR,PARSE_ERROR,,True,True,The finding regarding the statistical difference in leukocyte count between survivors and deceased patients was changed from 'significant difference' to 'no significant difference'.,significant difference,no significant difference,[]
pubmedqa_wtt_batch_cache 7,target_qwen3_5_27b__aux_gemma4_e4b,54,25277731,Sternal fracture in growing children : A rare and often overlooked fracture?,maybe,True,0,rarity_of_fracture,other,The general incidence or frequency of sternal fractures in childhood.,Rare,Common,False,PARSE_ERROR,PARSE_ERROR,,PARSE_ERROR,PARSE_ERROR,,False,True,Changed the general incidence of sternal fractures in childhood from 'Rare' to 'Common'.,Sternal fractures in childhood are rare,Sternal fractures in childhood are common,[]
pubmedqa_wtt_batch_cache 7,target_qwen3_5_27b__aux_gemma4_e4b,54,25277731,Sternal fracture in growing children : A rare and often overlooked fracture?,maybe,True,1,age_group,comparison group,The age range of the children studied.,5-14 years,"Adults (e.g., 18-30 years)",False,PARSE_ERROR,PARSE_ERROR,,PARSE_ERROR,PARSE_ERROR,,False,True,"The study population was changed from children (5-14 years) to adults (18-30 years). Corresponding changes were made in the background description, the age specification in the results, and the follow-up patient count in the results to maintain consistency.",childhood...5-14 years,adults...18-30 years,[]
pubmedqa_wtt_batch_cache 7,target_qwen3_5_27b__aux_gemma4_e4b,54,25277731,Sternal fracture in growing children : A rare and often overlooked fracture?,maybe,True,2,study_population_scope,study design,The type of patients included in the study (inpatients and outpatients).,All inpatients and outpatients,Only inpatients,False,PARSE_ERROR,PARSE_ERROR,,PARSE_ERROR,PARSE_ERROR,,False,True,"The study population scope was narrowed from 'all inpatients and outpatients' to 'only inpatients' in the [METHOD] section. Consequently, the [RESULTS] section was minimally edited to reflect that all 4 recorded children were hospitalized, maintaining internal consistency with the restricted study scope.",all inpatients and outpatients,only inpatients,[]
pubmedqa_wtt_batch_cache 7,target_qwen3_5_27b__aux_gemma4_e4b,59,27491658,Can predilatation in transcatheter aortic valve implantation be omitted?,yes,False,0,no_significant_differences,statistical significance,The finding that there were no significant differences in outcomes (hemodynamic results or complication rates) between the group with predilatation and the group without it.,No significant differences,"Significant differences were found (e.g., higher complication rates in the omission group)",False,PARSE_ERROR,PARSE_ERROR,,PARSE_ERROR,PARSE_ERROR,,False,True,"The finding of no significant differences in outcomes was changed to a finding of significant differences, specifically noting higher complication rates in the group where predilatation was omitted.",There were no significant differences between the groups regarding early hemodynamic results or complication rates.,"Significant differences were found between the groups regarding early hemodynamic results and complication rates, with the omission group showing higher complication rates.",[]
pubmedqa_wtt_batch_cache 7,target_qwen3_5_27b__aux_gemma4_e4b,59,27491658,Can predilatation in transcatheter aortic valve implantation be omitted?,yes,False,1,early_hemodynamic_results,measured outcome,The measured outcome related to blood flow and heart function shortly after the procedure.,No significant differences,"Significant difference (e.g., lower cardiac output in the omission group)",False,PARSE_ERROR,PARSE_ERROR,,PARSE_ERROR,PARSE_ERROR,,False,True,The measured outcome for early hemodynamic results was changed from 'no significant differences' to 'significant difference (lower cardiac output in the omission group)'.,There were no significant differences between the groups regarding early hemodynamic results or complication rates.,"There was a significant difference between the groups regarding early hemodynamic results, with the omission group showing lower cardiac output compared to the standard procedure group, or complication rates.",[]
pubmedqa_wtt_batch_cache 7,target_qwen3_5_27b__aux_gemma4_e4b,59,27491658,Can predilatation in transcatheter aortic valve implantation be omitted?,yes,False,2,aortic_stenosis_severity,disease or condition,The severity of the aortic stenosis in the patients undergoing TAVI.,Implied severe (requiring TAVI),Mild aortic stenosis,False,PARSE_ERROR,PARSE_ERROR,,PARSE_ERROR,PARSE_ERROR,,False,True,"The background section was minimally edited to specify that the study population has mild aortic stenosis, changing the implied severity from severe to mild.",The aim of the study was to see whether or not balloon predilatation is necessary in transcatheter aortic valve replacement (TAVI).,The aim of the study was to see whether or not balloon predilatation is necessary in transcatheter aortic valve replacement (TAVI) in patients with mild aortic stenosis.,[]
pubmedqa_wtt_batch_cache 7,target_qwen3_5_27b__aux_gemma4_e4b,71,18049437,Is there any relationship between streptococcal infection and multiple sclerosis?,yes,True,0,adnase_b_levels,measured outcome,The measured level of antideoxyribonuclease B in MS patients compared to controls.,Significantly higher in MS patients than controls,Similar to controls,True,yes,"Yes, the study found significantly higher antideoxyribonuclease B levels in patients with multiple sclerosis compared to controls.","The abstract reports that ADNase B levels were significantly higher in MS patients than in healthy blood donors (p<0.001), indicating an association between streptococcal infection markers and the disease.",PARSE_ERROR,PARSE_ERROR,,True,True,The reported finding for ADNase B levels in MS patients was changed from being significantly higher than controls to being similar to controls.,ADNase B levels in the patients with MS were found to be significantly higher than in the controls (p<0.001),ADNase B levels in the patients with MS were found to be similar to the controls (p>0.05),[]
pubmedqa_wtt_batch_cache 7,target_qwen3_5_27b__aux_gemma4_e4b,71,18049437,Is there any relationship between streptococcal infection and multiple sclerosis?,yes,True,1,statistical_significance,statistical significance,The statistical evidence supporting the difference in ADNase B levels between the two groups.,p < 0.001,p > 0.05,True,yes,"Yes, the study found significantly higher antideoxyribonuclease B levels in patients with multiple sclerosis compared to controls.","The abstract reports that ADNase B levels were significantly higher in MS patients than in healthy blood donors (p<0.001), indicating an association between streptococcal infection markers and the disease.",PARSE_ERROR,PARSE_ERROR,,True,True,The statistical significance of the difference in ADNase B levels between MS patients and controls was changed from highly significant (p < 0.001) to non-significant (p > 0.05). The descriptive text was minimally adjusted to reflect the loss of statistical significance.,significantly higher than in the controls (p<0.001),higher than in the controls (p>0.05),[]
pubmedqa_wtt_batch_cache 7,target_qwen3_5_27b__aux_gemma4_e4b,71,18049437,Is there any relationship between streptococcal infection and multiple sclerosis?,yes,True,2,disease_condition,disease or condition,The specific disease being studied in the patient group.,Multiple sclerosis (MS),Healthy individuals,True,yes,"Yes, the study found significantly higher antideoxyribonuclease B levels in patients with multiple sclerosis compared to controls.","The abstract reports that ADNase B levels were significantly higher in MS patients than in healthy blood donors (p<0.001), indicating an association between streptococcal infection markers and the disease.",PARSE_ERROR,PARSE_ERROR,,True,True,The primary disease condition (Multiple sclerosis) was replaced with Healthy individuals throughout the abstract context.,"Multiple sclerosis (MS), MS, patients with relapsing-remitting MS, patients with MS, Multiple Sclerosis","Healthy individuals, Healthy individuals, 21 healthy individuals, healthy individuals, Healthy individuals",[]
pubmedqa_wtt_batch_cache 7,target_qwen3_5_27b__aux_gemma4_e4b,86,11570976,Is it Crohn's disease?,maybe,True,0,underlying_autoimmune_condition,disease or condition,The primary autoimmune or inflammatory condition the patient was diagnosed with before the drug reaction.,rheumatoid arthritis,crohn's disease,False,PARSE_ERROR,PARSE_ERROR,,yes,"Yes, the patient described in the case presentation has Crohn's disease.",The Case Presentation section explicitly states that the severe systemic reaction developed in a '21-year old female with crohn's disease'.,True,True,The underlying autoimmune condition was changed from rheumatoid arthritis to crohn's disease.,rheumatoid arthritis,crohn's disease,[]
pubmedqa_wtt_batch_cache 7,target_qwen3_5_27b__aux_gemma4_e4b,86,11570976,Is it Crohn's disease?,maybe,True,1,etiology_of_enteritis,other,"The cause of the observed enteritis/inflammation (i.e., drug-induced vs. primary disease).",severe systemic reaction to sulfasalazine,primary inflammatory bowel disease,False,PARSE_ERROR,PARSE_ERROR,,PARSE_ERROR,PARSE_ERROR,,False,True,The etiology of the enteritis was changed from a drug reaction (severe systemic reaction to sulfasalazine) to a primary disease (primary inflammatory bowel disease).,"A severe systemic reaction to sulfasalazine developed in a 21-year old female with rheumatoid arthritis characterized by eosinophilia, granulomatous enteritis and myelotoxicity, cholestatic hepatitis, and seizures. The clinical course and management of this patient are presented as well as a review of the incidence and outcome of severe systemic reactions to sulfasalazine.","Primary inflammatory bowel disease was diagnosed in a 21-year old female with rheumatoid arthritis characterized by eosinophilia, granulomatous enteritis and myelotoxicity, cholestatic hepatitis, and seizures. The clinical course and management of this patient are presented as well as a review of the incidence and outcome of primary inflammatory bowel disease.",[]
pubmedqa_wtt_batch_cache 7,target_qwen3_5_27b__aux_gemma4_e4b,86,11570976,Is it Crohn's disease?,maybe,True,2,specific_gastrointestinal_finding,measured outcome,The specific type of inflammation observed in the enteritis.,granulomatous enteritis,non-granulomatous enteritis,False,PARSE_ERROR,PARSE_ERROR,,PARSE_ERROR,PARSE_ERROR,,False,True,The specific type of enteritis observed in the patient's systemic reaction was changed from granulomatous enteritis to non-granulomatous enteritis.,granulomatous enteritis,non-granulomatous enteritis,[]
pubmedqa_wtt_batch_cache 7,target_qwen3_5_27b__aux_gemma4_e4b,95,23076787,Can increases in the cigarette tax rate be linked to cigarette retail prices?,no,False,0,excise_tax_increase_year,other,The specific year of the excise tax increase discussed in the context.,2009,2015,False,PARSE_ERROR,PARSE_ERROR,,PARSE_ERROR,PARSE_ERROR,,False,True,The year of the excise tax increase was changed from 2009 to 2015.,2009,2015,[]
pubmedqa_wtt_batch_cache 7,target_qwen3_5_27b__aux_gemma4_e4b,95,23076787,Can increases in the cigarette tax rate be linked to cigarette retail prices?,no,False,1,stma_policy_authority,other,The ability of the Chinese STMA to intervene and control retail cigarette prices.,Used to ensure retail prices did not change.,"Not used, or limited.",False,PARSE_ERROR,PARSE_ERROR,,PARSE_ERROR,PARSE_ERROR,,False,True,"The explanation for why the STMA's intervention was effective (used its policy authority to ensure prices did not change) was changed to reflect that the authority was limited, making the mechanism less decisive in maintaining price stability.",used its policy authority to ensure that retail cigarette prices did not change.,policy authority was limited.,[]
pubmedqa_wtt_batch_cache 7,target_qwen3_5_27b__aux_gemma4_e4b,95,23076787,Can increases in the cigarette tax rate be linked to cigarette retail prices?,no,False,2,retail_price_change,measured outcome,Whether the retail price of cigarettes increased following the tax hike.,No increase.,Increased.,False,PARSE_ERROR,PARSE_ERROR,,yes,"Yes, the abstract indicates that tax increases translate into higher retail prices.",The results state that the 2009 excise tax increase on cigarettes in China has translated into higher retail prices for consumers.,True,True,"The abstract was changed to state that the 2009 excise tax increase *did* result in higher retail prices, contradicting the original finding that the STMA successfully prevented any price change.",The 2009 excise tax increase on cigarettes in China has not translated into higher retail prices because the Chinese STMA used its policy authority to ensure that retail cigarette prices did not change. [...] with no increase in the retail price of cigarettes for consumers.,"The 2009 excise tax increase on cigarettes in China has translated into higher retail prices, suggesting that the Chinese STMA's policy authority was insufficient to prevent price hikes. [...] with an increase in the retail price of cigarettes for consumers.",[]
pubmedqa_wtt_batch_cache 7,target_qwen3_5_27b__aux_gemma4_e4b,118,19106867,"The Main Gate Syndrome: a new format in mass-casualty victim ""surge"" management?",yes,False,0,incident_type,disease or condition,The nature of the mass casualty event.,Suicide bombings/wave of suicide bombings,"Single trauma event (e.g., car accident)",False,PARSE_ERROR,PARSE_ERROR,,PARSE_ERROR,PARSE_ERROR,,False,True,"The incident type was changed from 'Suicide bombings/wave of suicide bombings' to 'Single trauma event (e.g., car accident)' throughout the abstract (Introduction, Methods, and MeSH terms) to reflect a non-mass-casualty, non-blast trauma scenario.","Recent suicide bombings pose the novel problem for Trauma Centers of the massive simultaneous arrival of many gravely wounded patients. ... in Afghanistan during the wave of suicide bombings in February 2007. ... Blast Injuries, Bombs, Mass Casualty Incidents, Penetrating","A single trauma event (e.g., car accident) can pose a novel problem for Trauma Centers regarding the rapid arrival of gravely wounded patients. ... in Afghanistan following a single trauma event (e.g., car accident) in February 2007. ... Trauma, Mass Casualty Incidents, Penetrating",[]
pubmedqa_wtt_batch_cache 7,target_qwen3_5_27b__aux_gemma4_e4b,118,19106867,"The Main Gate Syndrome: a new format in mass-casualty victim ""surge"" management?",yes,False,1,number_of_casualties,numerical size,The total number of casualties received.,Fourteen,Four,False,PARSE_ERROR,PARSE_ERROR,,PARSE_ERROR,PARSE_ERROR,,False,True,The total number of casualties received was changed from Fourteen to Four.,Fourteen,Four,[]
pubmedqa_wtt_batch_cache 7,target_qwen3_5_27b__aux_gemma4_e4b,118,19106867,"The Main Gate Syndrome: a new format in mass-casualty victim ""surge"" management?",yes,False,2,high_trauma_severity_index,measured outcome,The minimum ISS score used for re-categorization.,>25,>15,False,PARSE_ERROR,PARSE_ERROR,,PARSE_ERROR,PARSE_ERROR,,False,True,The minimum ISS score used for re-categorization was changed from >25 to >15.,(ISS>25),(ISS>15),[]
pubmedqa_wtt_batch_cache 7,target_qwen3_5_27b__aux_gemma4_e4b,124,18540901,Transient tachypnea of the newborn (TTN): a role for polymorphisms in the beta-adrenergic receptor (ADRB) encoding genes?,yes,True,0,beta1ser49gly_polymorphism_association,statistical significance,The statistical association between the beta1Ser49Gly polymorphism and increased risk of TTN.,Significant association (p = 0.023; OR 18.5),"No significant association (e.g., p > 0.05)",True,yes,"Yes, the study indicates a role for polymorphisms in beta-adrenergic receptor genes in TTN.",The abstract reports significant associations between the beta1Ser49Gly polymorphism and an ADRB2 gene haplotype with TTN risk compared to controls.,yes,"Yes, the abstract indicates a significant association between ADRB2 gene haplotypes and TTN.","The text reports a significant association of the TACC haplotype in the ADRB2 gene with TTN (p = 0.048), supporting a role for polymorphisms in beta-adrenergic receptor encoding genes.",False,True,"The statistical association between the beta1Ser49Gly polymorphism and TTN risk was changed from a significant association (OR 18.5, p = 0.023) to no significant association (OR 1.0, p = 0.15).",Multivariate analysis provided beta1Gly49 homozygotes with higher risk for TTN (OR 18.5; 95%CI 1.5-229; p = 0.023) than beta1Ser49 allele carrier.,Multivariate analysis did not find a significant association for beta1Gly49 homozygotes with TTN (OR 1.0; 95%CI 0.8-1.2; p = 0.15) compared to beta1Ser49 allele carrier.,[]
pubmedqa_wtt_batch_cache 7,target_qwen3_5_27b__aux_gemma4_e4b,124,18540901,Transient tachypnea of the newborn (TTN): a role for polymorphisms in the beta-adrenergic receptor (ADRB) encoding genes?,yes,True,1,adrb2_haplotype_association,statistical significance,"The statistical association between the T-47C, A46G, C79G and C491T (TACC) haplotype and TTN risk.",Significant association (p = 0.048),"No significant association (e.g., p > 0.05)",True,yes,"Yes, the study indicates a role for polymorphisms in beta-adrenergic receptor genes in TTN.",The abstract reports significant associations between the beta1Ser49Gly polymorphism and an ADRB2 gene haplotype with TTN risk compared to controls.,PARSE_ERROR,PARSE_ERROR,,True,True,The statistical association of the TACC haplotype in ADRB2 gene with TTN risk was changed from significant (p = 0.048) to non-significant (p > 0.05).,"Further analysis showed significant association of T-47C, A46G, C79G and C491T (TACC) haplotype in ADRB2 gene with TTN (p = 0.048).","Further analysis showed no significant association of T-47C, A46G, C79G and C491T (TACC) haplotype in ADRB2 gene with TTN (p > 0.05).",[]
pubmedqa_wtt_batch_cache 7,target_qwen3_5_27b__aux_gemma4_e4b,124,18540901,Transient tachypnea of the newborn (TTN): a role for polymorphisms in the beta-adrenergic receptor (ADRB) encoding genes?,yes,True,2,ttn_risk_outcome,measured outcome,The measured outcome of increased risk for TTN associated with the polymorphisms/haplotypes.,Higher risk for TTN (OR 18.5),Lower or no change in risk for TTN,True,yes,"Yes, the study indicates a role for polymorphisms in beta-adrenergic receptor genes in TTN.",The abstract reports significant associations between the beta1Ser49Gly polymorphism and an ADRB2 gene haplotype with TTN risk compared to controls.,yes,"Yes, the study found significant associations between polymorphisms in ADRB1 and ADRB2 genes and TTN.","The results state that the beta1Ser49Gly polymorphism differed significantly between cases and controls, and a haplotype in the ADRB2 gene showed a significant association with TTN.",False,True,The measured outcome of increased risk for TTN associated with the beta1Gly49 homozygotes was changed from 'higher risk for TTN (OR 18.5)' to 'lower risk for TTN (OR 0.6)' to reflect a protective or neutral association.,higher risk for TTN (OR 18.5; 95%CI 1.5-229; p = 0.023),lower risk for TTN (OR 0.6; 95%CI 0.3-1.2; p = 0.023),[]
pubmedqa_wtt_batch_cache 7,target_qwen3_5_27b__aux_gemma4_e4b,135,12836106,Does the leukocyte count correlate with the severity of injury?,yes,True,0,wbc_iss_correlation,measured outcome,The statistical relationship found between the white blood cell count (WBC) and the Injury Severity Score (ISS).,Positive correlation,No correlation,True,yes,"Yes, the leukocyte count correlates with the severity of injury.","The abstract states that statistical analysis revealed WBC was correlated positively with ISS, which is described in the background as a method to evaluate the severity of injury.",PARSE_ERROR,PARSE_ERROR,,True,True,The correlation between WBC and ISS was changed from 'positive correlation' to 'no correlation'.,correlated positively with ISS,showed no correlation with ISS,[]
pubmedqa_wtt_batch_cache 7,target_qwen3_5_27b__aux_gemma4_e4b,135,12836106,Does the leukocyte count correlate with the severity of injury?,yes,True,1,trauma_type,other,The type of trauma studied in the patient cohort.,Blunt trauma,Penetrating trauma,False,yes,"Yes, the leukocyte count correlates with the severity of injury.","The abstract states that statistical analysis revealed WBC was correlated positively with ISS, which is described in the background as a method to evaluate the severity of injury.",yes,"Yes, the leukocyte count correlates with the severity of injury.","The abstract states that statistical analysis revealed WBC was correlated positively with ISS, which is described in the background as a method to evaluate the severity of injury.",False,True,"The type of trauma studied was changed from 'Blunt trauma' to 'Penetrating trauma' throughout the abstract context, including the background, methods, and MeSH terms.","blunt trauma, blunt trauma, blunt trauma, Nonpenetrating","penetrating trauma, penetrating trauma, penetrating trauma, Penetrating",[]
pubmedqa_wtt_batch_cache 7,target_qwen3_5_27b__aux_gemma4_e4b,135,12836106,Does the leukocyte count correlate with the severity of injury?,yes,True,2,wbc_gcs_rts_correlation,measured outcome,The statistical relationship found between the white blood cell count (WBC) and the Glasgow Coma Scale (GCS) and Revised Trauma Score (RTS).,Negative correlation,Positive correlation,False,yes,"Yes, the leukocyte count correlates with the severity of injury.","The abstract states that statistical analysis revealed WBC was correlated positively with ISS, which is described in the background as a method to evaluate the severity of injury.",yes,"Yes, the leukocyte count correlates with the severity of injury.","The abstract states that statistical analysis revealed that WBC was correlated positively with ISS, which is described in the background as a method to evaluate the severity of injury.",False,True,The correlation between WBC and GCS/RTS was changed from negative to positive.,but negatively with GCS and RTS.,but positively with GCS and RTS.,[]
pubmedqa_wtt_batch_cache 7,target_qwen3_5_27b__aux_gemma4_e4b,141,22497340,Is horizontal semicircular canal ocular reflex influenced by otolith organs input?,yes,False,0,horizontal_semicircular_canal_reflex,other,The specific ocular reflex related to the horizontal semicircular canal.,horizontal semicircular canal,vertical semicircular canal,False,PARSE_ERROR,PARSE_ERROR,,maybe,The provided abstract does not contain information regarding the horizontal semicircular canal ocular reflex.,"The study objective specifically investigates the vertical canal ocular reflex, and the results do not mention the horizontal semicircular canal.",False,True,The specific ocular reflex tested was changed from the horizontal semicircular canal reflex to the vertical semicircular canal reflex.,horizontal canal ocular reflex,vertical canal ocular reflex,[]
pubmedqa_wtt_batch_cache 7,target_qwen3_5_27b__aux_gemma4_e4b,141,22497340,Is horizontal semicircular canal ocular reflex influenced by otolith organs input?,yes,False,1,otolith_organs_input,other,The input signal originating from the otolith organs.,otolith organs input,semicircular canals input,False,PARSE_ERROR,PARSE_ERROR,,PARSE_ERROR,PARSE_ERROR,,False,True,The input source influencing the horizontal canal ocular reflex was changed from otolith organs input to semicircular canals input.,otolith organs input,semicircular canals input,[]
pubmedqa_wtt_batch_cache 7,target_qwen3_5_27b__aux_gemma4_e4b,141,22497340,Is horizontal semicircular canal ocular reflex influenced by otolith organs input?,yes,False,2,asymmetry_due_to_gravity_shift,measured outcome,The observation that eye movements or nystagmus were not symmetric when changing head positions.,not in a symmetric fashion,symmetric,False,PARSE_ERROR,PARSE_ERROR,,no,"No, the horizontal canal ocular reflex is not influenced by otolith organs input.",The abstract results indicate that the axis of eyeball rotation was not affected by the shift of the direction of gravity exerted on the head.,True,True,"The observation of asymmetry due to gravity shift was changed to symmetric findings, requiring a minimal edit to the concluding sentence to reflect that the axis of rotation was not affected by gravity shift.",Eye movements in the supine position and the prone position were not in a symmetric fashion. Nystagmus in the left-ear-down position and the right-ear-down position were not symmetric either. These phenomena indicate that the axis of the eyeball rotation was affected by the shift of the direction of gravity exerted on the head.,Eye movements in the supine position and the prone position were symmetric. Nystagmus in the left-ear-down position and the right-ear-down position were symmetric either. These phenomena indicate that the axis of the eyeball rotation was not affected by the shift of the direction of gravity exerted on the head.,[]
pubmedqa_wtt_batch_cache 7,target_qwen3_5_27b__aux_gemma4_e4b,143,8566975,Serovar specific immunity to Neisseria gonorrhoeae: does it exist?,no,True,0,statistical_significance,statistical significance,Whether the observed difference in serovar prevalence between repeat and non-repeat infections is statistically significant.,No significant difference,Significant difference,True,no,"No, the study found no significant difference in serovar prevalence following repeat infections.",The abstract results state that no significant difference was seen in the prevalence of serovars isolated following a repeat infection compared with those without repeat infections.,PARSE_ERROR,PARSE_ERROR,,True,True,The finding regarding the statistical significance of serovar prevalence between repeat and non-repeat infections was changed from 'No significant difference' to 'A significant difference'.,No significant difference,A significant difference,[]
pubmedqa_wtt_batch_cache 7,target_qwen3_5_27b__aux_gemma4_e4b,143,8566975,Serovar specific immunity to Neisseria gonorrhoeae: does it exist?,no,True,1,recurrence_status,comparison group,"The status of the infection being analyzed (i.e., whether it is a repeat/recurrent infection or a primary infection).",Repeat infection (compared with non-repeat infections),Primary infection only,True,no,"No, the study found no significant difference in serovar prevalence following repeat infections.",The abstract results state that no significant difference was seen in the prevalence of serovars isolated following a repeat infection compared with those without repeat infections.,maybe,The provided abstract does not contain information to confirm or deny the existence of serovar specific immunity.,The study focuses on serovar distribution in primary infections and does not address immune responses or reinfection patterns.,True,True,The study focus was shifted from analyzing the comparison between repeat and non-repeat infections (recurrence status) to analyzing only primary infections.,To determine whether the host immune response to gonorrhoea provides limited serovar specific protection from reinfection. ... Patients with recurrent gonococcal infection were analysed with respect to the initial and subsequent serovars isolated. ... No significant difference was seen in the prevalence of serovars isolated following a repeat infection compared with those without repeat infections.,To determine the serovar specific distribution of gonorrhoea in primary infections. ... Patients with primary gonococcal infection were analysed with respect to the initial serovars isolated. ... The prevalence of serovars isolated in primary infections was consistent across different demographic groups.,[]
pubmedqa_wtt_batch_cache 7,target_qwen3_5_27b__aux_gemma4_e4b,143,8566975,Serovar specific immunity to Neisseria gonorrhoeae: does it exist?,no,True,2,study_duration,follow-up duration,The total time period over which the gonorrhoea episodes were collected and analyzed.,4 year period,1 year period,False,no,"No, the study found no significant difference in serovar prevalence following repeat infections.",The abstract results state that no significant difference was seen in the prevalence of serovars isolated following a repeat infection compared with those without repeat infections.,no,"No, the study found no significant difference in serovar prevalence following repeat infections.",The abstract results state that no significant difference was seen in the prevalence of serovars isolated following a repeat infection compared with those without repeat infections.,False,True,The study duration was changed from 4 years to 1 year.,4 year period,1 year period,[]
pubmedqa_wtt_batch_cache 7,target_qwen3_5_27b__aux_gemma4_e4b,157,18243752,Should chest wall irradiation be included after mastectomy and negative node breast cancer?,maybe,True,0,irradiation_target_area,comparison group,The specific anatomical area receiving external irradiation.,internal mammary chain only,including the chest wall,False,PARSE_ERROR,PARSE_ERROR,,PARSE_ERROR,PARSE_ERROR,,False,True,The primary target area for post-mastectomy radiotherapy was changed from 'internal mammary chain only' to 'including the chest wall' in both the Purpose and Patients and Methods sections.,internal mammary chain only... internal mammary chain,including the chest wall... chest wall,[]
pubmedqa_wtt_batch_cache 7,target_qwen3_5_27b__aux_gemma4_e4b,157,18243752,Should chest wall irradiation be included after mastectomy and negative node breast cancer?,maybe,True,1,recurrence_site,measured outcome,The anatomical location where local recurrence was observed.,operative scare and chest wall,only operative scare,False,PARSE_ERROR,PARSE_ERROR,,PARSE_ERROR,PARSE_ERROR,,False,True,The recurrence site was changed from 'operative scare and chest wall' to 'only operative scare'.,operative scare and chest wall,only operative scare,[]
pubmedqa_wtt_batch_cache 7,target_qwen3_5_27b__aux_gemma4_e4b,157,18243752,Should chest wall irradiation be included after mastectomy and negative node breast cancer?,maybe,True,2,statistical_significance_of_risk_factors,statistical significance,Whether the identified risk factors (age and tumor size) were statistically significant.,without statistical significance,with statistical significance,False,PARSE_ERROR,PARSE_ERROR,,PARSE_ERROR,PARSE_ERROR,,False,True,The statistical significance of the identified risk factors (age and tumor size) was changed from 'without statistical significance' to 'with statistical significance'.,without statistical significance,with statistical significance,[]
pubmedqa_wtt_batch_cache 7,target_qwen3_5_27b__aux_gemma4_e4b,186,22211919,"Actinobaculum schaalii, a cause of urinary tract infections in children?",maybe,False,0,urinary_tract_infection_status,disease or condition,Whether the children had a urinary tract infection at the time of sampling.,Present,Absent,True,yes,"Yes, the abstract indicates Actinobaculum schaalii was found in children with urinary tract infections.",The results state that A. schaalii was found in quantities equivalent to ≥ 10^6 CFU/mL by both culture and PCR in two children with a urinary tract infection.,PARSE_ERROR,PARSE_ERROR,,True,True,The status of urinary tract infection for the two children was changed from 'Present' to 'Absent'.,with a urinary tract infection,with no urinary tract infection,[]
pubmedqa_wtt_batch_cache 7,target_qwen3_5_27b__aux_gemma4_e4b,186,22211919,"Actinobaculum schaalii, a cause of urinary tract infections in children?",maybe,False,1,patient_age_group,comparison group,The age group of the patients studied.,Children,Adults,True,yes,"Yes, the abstract indicates Actinobaculum schaalii was found in children with urinary tract infections.",The results state that A. schaalii was found in quantities equivalent to ≥ 10^6 CFU/mL by both culture and PCR in two children with a urinary tract infection.,PARSE_ERROR,PARSE_ERROR,,True,True,The patient age group was changed from children to adults.,two children,two adults,[]
pubmedqa_wtt_batch_cache 7,target_qwen3_5_27b__aux_gemma4_e4b,186,22211919,"Actinobaculum schaalii, a cause of urinary tract infections in children?",maybe,False,2,detection_concentration,measured outcome,The minimum detectable concentration of A. schaalii in the urine samples.,≥ 10⁶ CFU/mL,≥ 10⁴ CFU/mL,True,yes,"Yes, the abstract indicates Actinobaculum schaalii was found in children with urinary tract infections.",The results state that A. schaalii was found in quantities equivalent to ≥ 10^6 CFU/mL by both culture and PCR in two children with a urinary tract infection.,yes,"Yes, the abstract reports Actinobaculum schaalii was found in children with urinary tract infections.",The results state that A. schaalii was found in quantities equivalent to ≥ 10⁴ CFU/mL by both culture and PCR in two children with a urinary tract infection.,False,True,The reported concentration of A. schaalii found in the positive samples was changed from ≥ 10⁶ CFU/mL to ≥ 10⁴ CFU/mL.,≥ 10⁶ CFU/mL,≥ 10⁴ CFU/mL,[]
pubmedqa_wtt_batch_cache 7,target_qwen3_5_27b__aux_gemma4_e4b,192,17444776,Is the holmium:YAG laser the best intracorporeal lithotripter for the ureter?,yes,False,0,comparison_group,comparison group,The type of lithotripter or treatment method used for comparison against holmium:YAG.,None mentioned (only holmium:YAG is discussed),Pneumatic lithotripsy or other laser types,False,PARSE_ERROR,PARSE_ERROR,,PARSE_ERROR,PARSE_ERROR,,False,True,The study purpose and methods were changed from describing a single-arm study using only holmium:YAG to a comparative study comparing holmium:YAG laser lithotripsy against pneumatic lithotripsy.,To study the efficiency and safety of holmium:YAG laser lithotripsy for ureteral stones. A series of 188 patients with 208 ureteral stones were treated with semirigid ureteroscopy and holmium:YAG laser lithotripsy from January 2003 to December 2005.,To compare the efficiency and safety of holmium:YAG laser lithotripsy versus pneumatic lithotripsy for ureteral stones. A series of 188 patients with 208 ureteral stones were treated with semirigid ureteroscopy and either holmium:YAG laser lithotripsy or pneumatic lithotripsy from January 2003 to December 2005.,[]
pubmedqa_wtt_batch_cache 7,target_qwen3_5_27b__aux_gemma4_e4b,192,17444776,Is the holmium:YAG laser the best intracorporeal lithotripter for the ureter?,yes,False,1,study_design,study design,The methodology used to conduct the study.,Retrospective Studies,Randomized Controlled Trial (RCT),False,PARSE_ERROR,PARSE_ERROR,,PARSE_ERROR,PARSE_ERROR,,False,True,The study design was changed from Retrospective Studies to Randomized Controlled Trial (RCT) in the MeSH terms.,Retrospective Studies,Randomized Controlled Trial (RCT),[]
pubmedqa_wtt_batch_cache 7,target_qwen3_5_27b__aux_gemma4_e4b,197,2224269,Should general practitioners call patients by their first names?,yes,False,0,age_of_disagreement_group,other,The age group of patients who disliked being called by their first names.,aged over 65,aged under 30,False,PARSE_ERROR,PARSE_ERROR,,PARSE_ERROR,PARSE_ERROR,,False,True,The age group of patients who disliked being called by their first names was changed from 'aged over 65' to 'aged under 30'.,most of whom were aged over 65,most of whom were aged under 30,[]
pubmedqa_wtt_batch_cache 7,target_qwen3_5_27b__aux_gemma4_e4b,197,2224269,Should general practitioners call patients by their first names?,yes,False,1,majority_acceptability_of_first_names,measured outcome,The overall proportion of patients who were comfortable with being called by their first names.,Most patients liked (223) or did not mind (175),Majority disliked being called by first names,False,PARSE_ERROR,PARSE_ERROR,,PARSE_ERROR,PARSE_ERROR,,False,True,"The proportion of patients who were comfortable with being called by their first names was changed from 'Most' (223 liked, 175 did not mind) to 'Majority disliked' (represented by a smaller number of accepting patients and a larger number of disliking patients).",Most of the patients either liked (223) or did not mind (175) being called by their first names.,Most of the patients either liked (100) or did not mind (50) being called by their first names.,[]
pubmedqa_wtt_batch_cache 7,target_qwen3_5_27b__aux_gemma4_e4b,197,2224269,Should general practitioners call patients by their first names?,yes,False,2,direction_of_name_use,other,The specific direction of the name usage being assessed (doctor calling patient vs. patient calling doctor).,Doctor calling patient by first name,Patient calling doctor by first name,False,PARSE_ERROR,PARSE_ERROR,,PARSE_ERROR,PARSE_ERROR,,False,True,The objective was minimally edited to shift the primary focus of the study from the acceptability of doctors calling patients by first name to the acceptability of patients calling doctors by first name.,[OBJECTIVE] To assess the acceptability to patients of the use of patients' first names by doctors and doctors' first names by patients in general practice.,[OBJECTIVE] To assess the acceptability to patients of the use of patients' first names by doctors and the acceptability of patients calling doctors by their first names in general practice.,[]
pubmedqa_wtt_batch_cache 7,target_qwen3_5_27b__aux_gemma4_e4b,215,21214884,Can 'high-risk' human papillomaviruses (HPVs) be detected in human breast milk?,no,False,0,detection_status,measured outcome,Whether high-risk HPV DNA was detected in the tested specimens.,No 'high-risk' HPV DNA was detected.,"'High-risk' HPV DNA (e.g., HPV 16) was detected.",False,PARSE_ERROR,PARSE_ERROR,,yes,"Yes, high-risk HPV DNA was detected in human breast milk.","The abstract results explicitly state that of the 32 studied human milk specimens, 'high-risk' HPV DNA was detected.",True,True,The detection status of high-risk HPV DNA was changed from a negative finding (none detected) to a positive finding (detection confirmed).,"no 'high-risk' HPV 16, 18, 31, 33, 35, 39, 45, 51, 52, 56, 58 or 58 DNA was detected.","'high-risk' HPV DNA (e.g., HPV 16) was detected.",[]
pubmedqa_wtt_batch_cache 7,target_qwen3_5_27b__aux_gemma4_e4b,215,21214884,Can 'high-risk' human papillomaviruses (HPVs) be detected in human breast milk?,no,False,1,sample_matrix,other,The bodily fluid used for testing the presence of HPV DNA.,Human breast milk,Human blood or saliva,False,PARSE_ERROR,PARSE_ERROR,,PARSE_ERROR,PARSE_ERROR,,False,True,The sample matrix was changed from 'Human breast milk' to 'Human blood or saliva'.,"human breast milk
...human milk specimens","human blood or saliva
...specimens",[]
pubmedqa_wtt_batch_cache 7,target_qwen3_5_27b__aux_gemma4_e4b,215,21214884,Can 'high-risk' human papillomaviruses (HPVs) be detected in human breast milk?,no,False,2,tested_hpv_types,other,The specific high-risk HPV types evaluated in the study.,"HPV 16, 18, 31, 33, 35, 39, 45, 51, 52, 56, 58",All known high-risk HPV types,False,PARSE_ERROR,PARSE_ERROR,,PARSE_ERROR,PARSE_ERROR,,False,True,The specific list of high-risk HPV types tested was generalized to include all known high-risk HPV types.,"HPV 16, 18, 31, 33, 35, 39, 45, 51, 52, 56, 58",all known high-risk HPV types,[]
pubmedqa_wtt_batch_cache 7,target_qwen3_6_27b__aux_gemma4_e4b,8,17113061,Do mutations causing low HDL-C promote increased carotid intima-media thickness?,no,True,0,cimt_difference,measured outcome,The difference in carotid intima-media thickness (cIMT) between cases (mutations) and controls.,Nearly identical (0.66 +/- 0.17 cm vs 0.65 +/- 0.18 cm),"Significantly higher in cases (e.g., 0.80 cm vs 0.65 cm)",True,no,"No, mutations causing low HDL-C do not promote increased carotid intima-media thickness.","The abstract reports that carotid intima-media thickness was nearly identical between cases with genetic mutations causing low HDL cholesterol and matched controls, indicating that these mutations do not lead to increased cIMT despite significantly lower HDL levels.",yes,"Yes, mutations causing low HDL-C are associated with significantly increased carotid intima-media thickness.","The abstract reports that individuals with genetic mutations in LCAT, ABCA1, and APOA1 had significantly higher carotid intima-media thickness measurements compared to matched controls (0.80 cm vs 0.65 cm, P<0.05).",True,True,The reported difference in cIMT between cases and controls was changed from 'nearly identical' to 'significantly higher in cases'.,cIMT was nearly identical between cases (0.66+/-0.17 cm) and controls (0.65+/-0.18 cm),"cIMT was significantly higher in cases (e.g., 0.80 cm vs 0.65 cm)",[]
pubmedqa_wtt_batch_cache 7,target_qwen3_6_27b__aux_gemma4_e4b,8,17113061,Do mutations causing low HDL-C promote increased carotid intima-media thickness?,no,True,1,hdl_cholesterol_difference,measured outcome,The difference in HDL cholesterol levels between cases and controls.,Significantly lower in cases (0.67 vs 1.58 mmol/l),"Similar between cases and controls (e.g., 1.2 vs 1.3 mmol/l)",True,no,"No, mutations causing low HDL-C do not promote increased carotid intima-media thickness.","The abstract reports that carotid intima-media thickness was nearly identical between cases with genetic mutations causing low HDL cholesterol and matched controls, indicating that these mutations do not lead to increased cIMT despite significantly lower HDL levels.",no,"No, mutations causing low HDL-C do not promote increased carotid intima-media thickness.","The abstract reports that carotid intima-media thickness measurements were nearly identical between cases with genetic mutations and matched controls, indicating that these mutations do not lead to increased thickness or early atherosclerosis.",False,True,The reported difference in HDL cholesterol levels between cases and controls was changed from significantly lower in cases to similar between cases and controls.,despite significantly lower HDL cholesterol (0.67 vs. 1.58 mmol/l),"despite similar HDL cholesterol (e.g., 1.2 vs 1.3 mmol/l)",[]
pubmedqa_wtt_batch_cache 7,target_qwen3_6_27b__aux_gemma4_e4b,8,17113061,Do mutations causing low HDL-C promote increased carotid intima-media thickness?,no,True,2,case_control_ratio,study design,The ratio of cases (mutations) to controls in the study.,1:2 (Cases:Controls),1:1 (Equal number of cases and controls),False,no,"No, mutations causing low HDL-C do not promote increased carotid intima-media thickness.","The abstract reports that carotid intima-media thickness was nearly identical between cases with genetic mutations causing low HDL cholesterol and matched controls, indicating that these mutations do not lead to increased cIMT despite significantly lower HDL levels.",no,"No, mutations causing low HDL-C do not promote increased carotid intima-media thickness.","The abstract reports that carotid intima-media thickness was nearly identical between cases with genetic mutations causing significantly lower HDL cholesterol and controls, indicating that these mutations do not lead to increased cIMT.",False,True,The ratio of cases to controls in the study design was changed from 1:2 to 1:1.,In a 1:2 case-control study,In a 1:1 case-control study,[]
pubmedqa_wtt_batch_cache 7,target_qwen3_6_27b__aux_gemma4_e4b,17,17096624,Do patterns of knowledge and attitudes exist among unvaccinated seniors?,yes,True,0,cluster_identification,measured outcome,Whether distinct patterns (clusters) of knowledge and attitudes were found among the surveyed group.,Four distinct clusters were identified.,No distinct clusters were identified.,True,yes,"Yes, distinct patterns of knowledge and attitudes exist among unvaccinated seniors.","The study successfully identified four specific clusters of unvaccinated seniors based on their immunization-related knowledge and attitudes: Potentials, Fearful Uninformeds, Doubters, and Misinformeds.",no,"No, distinct patterns or clusters of knowledge and attitudes were not identified among unvaccinated seniors.",The abstract explicitly states that 'No distinct clusters were identified' when analyzing immunization-related knowledge and attitudes in this population.,True,True,"The results section was modified to state that no distinct clusters were identified, removing the specific descriptions and percentages of the four original clusters, while retaining the comparative statistics about vaccine history.",[RESULTS] Identified 4 clusters: Potentials (45%) would receive influenza vaccine to prevent disease; Fearful Uninformeds (9%) were unsure if influenza vaccine causes illness; Doubters (27%) were unsure if vaccine is efficacious; Misinformeds (19%) believed influenza vaccine causes illness.,"[RESULTS] No distinct clusters were identified. However, the study found that Potentials (75%) and Misinformeds (70%) ever received influenza vaccine more often than did Fearful Uninformeds (18%) and Doubters (29%).",[]
pubmedqa_wtt_batch_cache 7,target_qwen3_6_27b__aux_gemma4_e4b,17,17096624,Do patterns of knowledge and attitudes exist among unvaccinated seniors?,yes,True,1,unvaccinated_seniors,comparison group,The specific population group surveyed for knowledge and attitudes.,Unvaccinated seniors (Medicare beneficiaries aged >65).,Vaccinated seniors.,True,yes,"Yes, distinct patterns of knowledge and attitudes exist among unvaccinated seniors.","The study successfully identified four specific clusters of unvaccinated seniors based on their immunization-related knowledge and attitudes: Potentials, Fearful Uninformeds, Doubters, and Misinformeds.",PARSE_ERROR,PARSE_ERROR,,True,True,"The population group studied was changed from 'unvaccinated seniors' to 'vaccinated seniors,' and the objective was updated to reflect this change in status.",To examine patterns of knowledge and attitudes among adults aged>65 years unvaccinated for influenza. ... clustered unvaccinated seniors by their immunization related knowledge and attitudes.,To examine patterns of knowledge and attitudes among adults aged>65 years. ... clustered vaccinated seniors by their immunization related knowledge and attitudes.,[]
pubmedqa_wtt_batch_cache 7,target_qwen3_6_27b__aux_gemma4_e4b,17,17096624,Do patterns of knowledge and attitudes exist among unvaccinated seniors?,yes,True,2,knowledge_and_attitudes_basis,other,The specific factors used to categorize the seniors and define the patterns.,Immunization-related knowledge and attitudes.,"Demographic factors (e.g., income or education).",True,yes,"Yes, distinct patterns of knowledge and attitudes exist among unvaccinated seniors.","The study successfully identified four specific clusters of unvaccinated seniors based on their immunization-related knowledge and attitudes: Potentials, Fearful Uninformeds, Doubters, and Misinformeds.",yes,"Yes, distinct patterns of knowledge and attitudes exist among unvaccinated seniors.","The abstract reports the identification of four specific clusters (Potentials, Fearful Uninformeds, Doubters, and Misinformeds) that characterize the varying knowledge and attitudes of unvaccinated adults over 65.",False,True,"The basis for clustering unvaccinated seniors in the methods section was changed from immunization-related knowledge and attitudes to demographic factors (e.g., income or education).",immunization related knowledge and attitudes,"demographic factors (e.g., income or education)",[]
pubmedqa_wtt_batch_cache 7,target_qwen3_6_27b__aux_gemma4_e4b,29,28707539,Visceral adipose tissue area measurement at a single level: can it represent visceral adipose tissue volume?,yes,True,0,correlation_r_value,statistical significance,The strength of the correlation between VAT area and VAT volume changes.,0.853,0.3,True,yes,"Yes, visceral adipose tissue area measurement at a single CT slice level can represent visceral adipose tissue volume.","The abstract reports that VAT area measured at a specific single slice (3 cm above the lower margin of L3) demonstrated a strong correlation (r=0.853) with changes in VAT volume, indicating it can effectively represent volume changes.",yes,"Yes, measuring visceral adipose tissue area at a single specific CT slice level can represent changes in visceral adipose tissue volume.","The abstract states that the study successfully identified a specific slice location (3 cm above the lower margin of L3) where VAT area showed the strongest correlation with changes in VAT volume, demonstrating that a single-level measurement can reflect volume changes.",False,True,The correlation coefficient (r value) between VAT area and VAT volume was changed from 0.853 to 0.3.,0.853,0.3,[]
pubmedqa_wtt_batch_cache 7,target_qwen3_6_27b__aux_gemma4_e4b,29,28707539,Visceral adipose tissue area measurement at a single level: can it represent visceral adipose tissue volume?,yes,True,1,specific_ct_slice_location,other,The precise location of the CT slice where the strong correlation was observed.,3 cm above the lower margin of L3,"A different slice location (e.g., 5 cm above L3)",True,yes,"Yes, visceral adipose tissue area measurement at a single CT slice level can represent visceral adipose tissue volume.","The abstract reports that VAT area measured at a specific single slice (3 cm above the lower margin of L3) demonstrated a strong correlation (r=0.853) with changes in VAT volume, indicating it can effectively represent volume changes.",yes,"Yes, visceral adipose tissue area measurement at a single level can represent visceral adipose tissue volume.","The abstract reports that VAT area measured at a single slice 5 cm above L3 demonstrated the strongest correlation with VAT volume changes (r = 0.853), indicating it can effectively represent overall VAT volume.",False,True,The specific CT slice location where the strongest correlation was observed was changed from 3 cm above the lower margin of L3 to 5 cm above L3.,3 cm above the lower margin of L3,5 cm above L3,[]
pubmedqa_wtt_batch_cache 7,target_qwen3_6_27b__aux_gemma4_e4b,29,28707539,Visceral adipose tissue area measurement at a single level: can it represent visceral adipose tissue volume?,yes,True,2,measurement_type_comparison,other,The relationship established between a 2D measurement (area) and a 3D measurement (volume).,Area can represent Volume,Area cannot represent Volume,True,yes,"Yes, visceral adipose tissue area measurement at a single CT slice level can represent visceral adipose tissue volume.","The abstract reports that VAT area measured at a specific single slice (3 cm above the lower margin of L3) demonstrated a strong correlation (r=0.853) with changes in VAT volume, indicating it can effectively represent volume changes.",no,"No, a single-level VAT area measurement does not reliably represent VAT volume changes.","The abstract reports weak correlations (r values of 0.15 and 0.21) between VAT area at various CT slices and VAT volume changes, indicating that single-level area measurements are not accurate or sensitive enough to reflect volume changes.",True,True,"The original results reported strong correlations (r=0.853, 0.902) between VAT area and VAT volume/body weight, suggesting that area can represent volume. The counterfactual context changes these values to weak correlations (r=0.15, 0.21) and modifies the phrasing to state that the correlations were not significantly different, thus establishing that area cannot represent volume.","The strongest correlations of VAT area with VAT volume and body weight changes were shown in a slice 3 cm above the lower margin of L3 with r values of 0.853 and 0.902, respectively.","The correlations of VAT area with VAT volume and body weight changes were not significantly different across various slices, with r values of 0.15 and 0.21, respectively.",[]
pubmedqa_wtt_batch_cache 7,target_qwen3_6_27b__aux_gemma4_e4b,32,9645785,Is a mandatory general surgery rotation necessary in the surgical clerkship?,no,True,0,score_difference_between_groups,measured outcome,Whether there were statistically significant differences in assessment scores between the group with and without general surgery.,No differences in scores on any parameter.,"Significant differences in scores were found (e.g., the group without general surgery scored lower).",True,no,"No, a mandatory general surgery rotation is not necessary.","The study found no differences in assessment scores between students with and without a general surgery rotation, indicating that equal mastery of surgical clerkship objectives can be achieved without it.",yes,"Yes, a mandatory general surgery rotation is necessary as students without it scored significantly lower and raised specific concerns.","The abstract reports that students in the group without a general surgery rotation scored lower on several assessment parameters and had specific concerns identified, indicating that the rotation is important for meeting surgical clerkship objectives.",True,True,"The results section was changed from reporting no score differences to reporting significant score differences, and the subsequent conclusion was minimally adjusted to reflect that concerns were identified.",Data for 54 students showed no differences in scores between groups on any parameter. No specific concerns related to the absence of general surgery were identified.,"Data for 54 students showed significant differences in scores between groups on several parameters, with the group without general surgery scoring lower. Specific concerns related to the absence of general surgery were identified.",[]
pubmedqa_wtt_batch_cache 7,target_qwen3_6_27b__aux_gemma4_e4b,32,9645785,Is a mandatory general surgery rotation necessary in the surgical clerkship?,no,True,1,sample_size,numerical size,The total number of students included in the study.,54 students,"A much smaller sample size (e.g., 10 students)",False,no,"No, a mandatory general surgery rotation is not necessary.","The study found no differences in assessment scores between students with and without a general surgery rotation, indicating that equal mastery of surgical clerkship objectives can be achieved without it.",no,"No, a mandatory general surgery rotation is not necessary.","The study found no differences in assessment scores or specific concerns between students who completed a general surgery rotation and those who did not, indicating that equal mastery of surgical clerkship objectives can be achieved without it.",False,True,"The sample size reported in the results section was changed from 54 students to a much smaller sample size (e.g., 10 students).",54 students,"a much smaller sample size (e.g., 10 students)",[]
pubmedqa_wtt_batch_cache 7,target_qwen3_6_27b__aux_gemma4_e4b,32,9645785,Is a mandatory general surgery rotation necessary in the surgical clerkship?,no,True,2,specific_concerns_identified,measured outcome,Whether any specific deficiencies or concerns were identified related to the absence of general surgery.,No specific concerns related to the absence of general surgery were identified.,"Specific concerns were identified (e.g., deficiencies in the OSCE component).",True,no,"No, a mandatory general surgery rotation is not necessary.","The study found no differences in assessment scores between students with and without a general surgery rotation, indicating that equal mastery of surgical clerkship objectives can be achieved without it.",no,"No, a mandatory general surgery rotation is not necessary based on these findings.","The abstract reports no differences in assessment scores between students who completed a general surgery rotation and those who did not, indicating that equal mastery of surgical clerkship objectives can be achieved without it.",False,True,"The measured outcome regarding specific deficiencies related to the absence of general surgery was changed from 'none identified' to 'specific concerns identified (e.g., deficiencies in the OSCE component).'",No specific concerns related to the absence of general surgery were identified.,"Specific concerns were identified (e.g., deficiencies in the OSCE component).",[]
pubmedqa_wtt_batch_cache 7,target_qwen3_6_27b__aux_gemma4_e4b,46,19504993,It's Fournier's gangrene still dangerous?,yes,True,0,mortality_rate,measured outcome,The overall rate of death associated with Fournier's gangrene.,High,Low,True,yes,"Yes, Fournier's gangrene remains dangerous due to its high morbidity and mortality rates.","The abstract explicitly states that despite antibiotics and aggressive debridement, the mortality rate remains high, and a retrospective review of 14 patients showed that 5 died, confirming its significant danger.",yes,"Yes, Fournier's gangrene remains dangerous due to its significant impact on morbidity and associated mortality risk.","The abstract states that the condition impacts morbidity and, despite antibiotics and aggressive debridement, resulted in 5 deaths out of 14 patients in the reviewed cohort, indicating it remains a serious health threat.",False,True,The general statement regarding the mortality rate in the background section was changed from 'high' to 'low'.,high,low,[]
pubmedqa_wtt_batch_cache 7,target_qwen3_6_27b__aux_gemma4_e4b,46,19504993,It's Fournier's gangrene still dangerous?,yes,True,1,treatment_efficacy,other,The effectiveness of standard treatments like antibiotics and aggressive debridement.,Insufficient (mortality remains high despite treatment),Highly effective (mortality is low),True,yes,"Yes, Fournier's gangrene remains dangerous due to its high morbidity and mortality rates.","The abstract explicitly states that despite antibiotics and aggressive debridement, the mortality rate remains high, and a retrospective review of 14 patients showed that 5 died, confirming its significant danger.",yes,"Yes, Fournier's gangrene remains dangerous.","The abstract states that the condition significantly impacts morbidity and reports that 5 out of 14 patients died in the studied cohort, indicating it remains a serious condition.",False,True,"The background statement regarding the overall prognosis of Fournier's gangrene was changed from indicating high mortality despite treatment to indicating low mortality, reflecting high treatment efficacy.","and despite antibiotics and aggressive debridement, the mortality rate remains high.","and despite antibiotics and aggressive debridement, the mortality rate is low.",[]
pubmedqa_wtt_batch_cache 7,target_qwen3_6_27b__aux_gemma4_e4b,46,19504993,It's Fournier's gangrene still dangerous?,yes,True,2,sample_size,numerical size,The total number of patients included in the retrospective review.,14 patients,"A much larger number of patients (e.g., 100+)",False,yes,"Yes, Fournier's gangrene remains dangerous due to its high morbidity and mortality rates.","The abstract explicitly states that despite antibiotics and aggressive debridement, the mortality rate remains high, and a retrospective review of 14 patients showed that 5 died, confirming its significant danger.",yes,"Yes, Fournier's gangrene remains dangerous.","The abstract explicitly states that despite antibiotics and aggressive debridement, the mortality rate remains high and the condition significantly impacts morbidity, with 10 deaths observed among over 100 patients in the study.",False,True,"The sample size was increased from 14 patients to a much larger number of patients (e.g., 100+). Consequently, the specific counts of deceased and surviving patients in the results section were adjusted to reflect the new, larger sample size (from 5 died and 9 survived to 10 died and 90 survived).",14 patients,"a much larger number of patients (e.g., 100+)",[]
pubmedqa_wtt_batch_cache 7,target_qwen3_6_27b__aux_gemma4_e4b,54,25277731,Sternal fracture in growing children : A rare and often overlooked fracture?,maybe,False,0,sternal_fracture_rarity,disease or condition,The stated frequency of sternal fractures in childhood.,rare,common,True,yes,"Yes, sternal fractures in childhood are rare.","The abstract explicitly states in the background section that sternal fractures in childhood are rare, and only four cases were identified over a two-year study period.",no,"No, the abstract explicitly states that sternal fractures in childhood are common.","The background section of the provided context directly contradicts the premise by stating that sternal fractures in childhood are common, not rare.",True,True,Changed the stated frequency of sternal fractures in childhood from 'rare' to 'common' in the background section.,rare,common,[]
pubmedqa_wtt_batch_cache 7,target_qwen3_6_27b__aux_gemma4_e4b,54,25277731,Sternal fracture in growing children : A rare and often overlooked fracture?,maybe,False,1,total_number_of_cases,numerical size,The total number of children with sternal fractures treated during the study period.,4,40,True,yes,"Yes, sternal fractures in childhood are rare.","The abstract explicitly states in the background section that sternal fractures in childhood are rare, and only four cases were identified over a two-year study period.",yes,"Yes, the abstract explicitly confirms that sternal fractures in childhood are rare.","The background section directly states that sternal fractures in childhood are rare, and the study focuses on establishing radiological and sonographical detection criteria to improve clinical recognition and management.",False,True,"The total number of children treated (4) was increased to 40. To maintain internal consistency, the breakdown of hospitalized (2) and outpatient (2) cases was proportionally increased to 20 each (20 + 20 = 40).","4 children aged 5-14 years with a sternal fracture were treated in 2 years, 2 children were hospitalized for pain management and 2 remained in outpatient care.","40 children aged 5-14 years with a sternal fracture were treated in 2 years, 20 children were hospitalized for pain management and 20 remained in outpatient care.",[]
pubmedqa_wtt_batch_cache 7,target_qwen3_6_27b__aux_gemma4_e4b,54,25277731,Sternal fracture in growing children : A rare and often overlooked fracture?,maybe,False,2,study_duration,follow-up duration,The length of time over which the cases were recorded.,2 years,10 years,True,yes,"Yes, sternal fractures in childhood are rare.","The abstract explicitly states in the background section that sternal fractures in childhood are rare, and only four cases were identified over a two-year study period.",yes,"Yes, sternal fractures in childhood are rare.","The abstract explicitly states in the background section that sternal fractures in childhood are rare, and the study's aim to investigate detection criteria and associated injuries supports the premise that they are uncommon and potentially overlooked.",False,True,The study duration/follow-up period was changed from 2 years to 10 years.,2 years,10 years,[]
pubmedqa_wtt_batch_cache 7,target_qwen3_6_27b__aux_gemma4_e4b,59,27491658,Can predilatation in transcatheter aortic valve implantation be omitted?,yes,True,0,statistical_significance_of_outcomes,statistical significance,Whether or not the observed differences in outcomes between the two groups are statistically significant.,No significant differences,Significant differences,True,yes,"Yes, predilatation can be omitted in transcatheter aortic valve implantation.",The randomized study demonstrated no significant differences in early hemodynamic results or complication rates between the standard procedure and the protocol where balloon predilatation was omitted.,no,"No, omitting balloon predilatation in TAVI leads to significant differences in early hemodynamic results and complication rates.","The retrieved abstract explicitly states that randomizing patients to omit balloon predilatation resulted in significant differences in early hemodynamic outcomes and complication rates compared to the standard procedure, indicating that predilatation should not be omitted.",True,True,The statistical finding regarding the comparison between the two groups was changed from 'no significant differences' to 'significant differences'.,There were no significant differences,There were significant differences,[]
pubmedqa_wtt_batch_cache 7,target_qwen3_6_27b__aux_gemma4_e4b,59,27491658,Can predilatation in transcatheter aortic valve implantation be omitted?,yes,True,1,early_hemodynamic_results,measured outcome,The measured differences in hemodynamic parameters between the standard procedure and the omitted predilatation group.,No significant differences,Significant differences,True,yes,"Yes, predilatation can be omitted in transcatheter aortic valve implantation.",The randomized study demonstrated no significant differences in early hemodynamic results or complication rates between the standard procedure and the protocol where balloon predilatation was omitted.,maybe,"Based on the provided abstract, it is unclear whether predilatation can be safely omitted.","The abstract states that there were significant differences in early hemodynamic results or complication rates between the standard procedure and the group where predilatation was omitted, but it does not specify the direction or clinical implications of these differences to definitively determine if omission is advisable.",True,True,The reported finding regarding early hemodynamic results was changed from 'no significant differences' to 'significant differences'.,no significant differences,significant differences,[]
pubmedqa_wtt_batch_cache 7,target_qwen3_6_27b__aux_gemma4_e4b,59,27491658,Can predilatation in transcatheter aortic valve implantation be omitted?,yes,True,2,complication_rates,measured outcome,The measured rates of complications between the standard procedure and the omitted predilatation group.,No significant differences,Significant differences,True,yes,"Yes, predilatation can be omitted in transcatheter aortic valve implantation.",The randomized study demonstrated no significant differences in early hemodynamic results or complication rates between the standard procedure and the protocol where balloon predilatation was omitted.,maybe,The provided abstract does not definitively conclude whether predilatation can be safely omitted.,"The study protocol successfully omitted predilatation and showed comparable early hemodynamic results, but it also reported significant differences in complication rates between the groups, leaving the overall feasibility and safety inconclusive based solely on this text.",True,True,The measured outcome regarding complication rates was changed from 'No significant differences' to 'Significant differences'.,There were no significant differences between the groups regarding early hemodynamic results or complication rates.,"There were significant differences between the groups regarding complication rates, although early hemodynamic results were comparable.",[]
pubmedqa_wtt_batch_cache 7,target_qwen3_6_27b__aux_gemma4_e4b,71,18049437,Is there any relationship between streptococcal infection and multiple sclerosis?,yes,True,0,adnase_b_significance,statistical significance,The statistical finding that ADNase B levels are elevated in MS patients compared to controls.,Significantly higher (p<0.001),Not significantly different (p>0.05),True,yes,"Yes, there is a relationship between streptococcal infection and multiple sclerosis.","The abstract reports that antideoxyribonuclease B (ADNase B) antibody levels, which indicate past streptococcal infection, were significantly higher in patients with relapsing-remitting multiple sclerosis compared to healthy controls.",no,"No, the study found no significant relationship between past streptococcal infection and multiple sclerosis.","The abstract reports that both antistreptolysin O (ASO) and antideoxyribonuclease B (ADNase B) antibody levels were similar or not significantly different between patients with relapsing-remitting MS and healthy controls, indicating no evidence of a link.",True,True,The statistical finding regarding ADNase B levels in MS patients was changed from being significantly elevated (p<0.001) to showing no significant difference compared to controls (p>0.05).,ADNase B levels in the patients with MS were found to be significantly higher than in the controls (p<0.001),ADNase B levels in the patients with MS were found to be not significantly different from the controls (p>0.05),[]
pubmedqa_wtt_batch_cache 7,target_qwen3_6_27b__aux_gemma4_e4b,71,18049437,Is there any relationship between streptococcal infection and multiple sclerosis?,yes,True,1,comparison_group,comparison group,The group used as a baseline for comparison to the MS patients.,Healthy blood donors,"Patients with another autoimmune condition (e.g., Lupus)",True,yes,"Yes, there is a relationship between streptococcal infection and multiple sclerosis.","The abstract reports that antideoxyribonuclease B (ADNase B) antibody levels, which indicate past streptococcal infection, were significantly higher in patients with relapsing-remitting multiple sclerosis compared to healthy controls.",yes,"Yes, significantly higher antideoxyribonuclease B levels in MS patients suggest a relationship with past streptococcal infection.","The abstract reports that antideoxyribonuclease B levels, a marker for past streptococcal infection, were significantly elevated in multiple sclerosis patients compared to controls, indicating an association between the two.",False,True,"The comparison group used in the study was changed from healthy blood donors to patients with another autoimmune condition (e.g., Lupus).",and 21 healthy blood donors,"and 21 patients with another autoimmune condition (e.g., Lupus)",[]
pubmedqa_wtt_batch_cache 7,target_qwen3_6_27b__aux_gemma4_e4b,71,18049437,Is there any relationship between streptococcal infection and multiple sclerosis?,yes,True,2,ms_type,disease or condition,The specific type of multiple sclerosis studied in the patient cohort.,Relapsing-remitting MS,Primary Progressive MS (PPMS),True,yes,"Yes, there is a relationship between streptococcal infection and multiple sclerosis.","The abstract reports that antideoxyribonuclease B (ADNase B) antibody levels, which indicate past streptococcal infection, were significantly higher in patients with relapsing-remitting multiple sclerosis compared to healthy controls.",yes,"Yes, significantly higher antideoxyribonuclease B levels were found in multiple sclerosis patients compared to healthy controls, indicating a relationship.","The abstract reports that ADNase B levels, which reflect past streptococcal infection, were significantly elevated in patients with Primary Progressive MS compared to healthy controls (p<0.001), suggesting an association between the two conditions.",False,True,The specific type of multiple sclerosis studied in the patient cohort was changed from Relapsing-remitting MS to Primary Progressive MS (PPMS).,relapsing-remitting MS,Primary Progressive MS (PPMS),[]
pubmedqa_wtt_batch_cache 7,target_qwen3_6_27b__aux_gemma4_e4b,86,11570976,Is it Crohn's disease?,maybe,False,0,patient_underlying_diagnosis,disease or condition,The specific diagnosis established for the patient in the case presentation.,rheumatoid arthritis,crohn's disease,True,no,"No, the patient described in the case presentation has rheumatoid arthritis, not Crohn's disease.","The abstract explicitly identifies the patient's underlying diagnosis as rheumatoid arthritis, while Crohn disease is only listed as a MeSH term likely reflecting the drug's broader clinical indications or differential diagnostic considerations.",yes,"Yes, the case presentation explicitly describes a patient with Crohn's disease.",The abstract clearly states that the severe systemic reaction to sulfasalazine developed in a 21-year-old female with Crohn's disease.,True,True,The patient's underlying diagnosis was changed from rheumatoid arthritis to Crohn's disease.,rheumatoid arthritis,crohn's disease,[]
pubmedqa_wtt_batch_cache 7,target_qwen3_6_27b__aux_gemma4_e4b,86,11570976,Is it Crohn's disease?,maybe,False,1,diagnosis_source_certainty,other,Whether the diagnosis is explicitly stated in the case presentation or merely listed in the MeSH terms.,explicitly stated (RA),only listed in MeSH terms (CD),True,no,"No, the patient described in the case presentation has rheumatoid arthritis, not Crohn's disease.","The abstract explicitly identifies the patient's underlying diagnosis as rheumatoid arthritis, while Crohn disease is only listed as a MeSH term likely reflecting the drug's broader clinical indications or differential diagnostic considerations.",maybe,It is unclear from the provided abstract whether the patient has Crohn's disease.,"The abstract notes that sulfasalazine is used to treat inflammatory bowel disease and rheumatological disorders, but it does not explicitly state the underlying diagnosis of the 21-year-old female patient who experienced the severe systemic reaction.",True,True,"The case presentation was modified to remove the explicit statement of 'with rheumatoid arthritis,' making the diagnosis of Crohn Disease (CD) rely solely on the MeSH indexing terms, thereby changing the diagnosis source certainty from explicitly stated to only listed in MeSH terms.","A severe systemic reaction to sulfasalazine developed in a 21-year old female with rheumatoid arthritis characterized by eosinophilia, granulomatous enteritis and myelotoxicity, cholestatic hepatitis, and seizures.","A severe systemic reaction to sulfasalazine developed in a 21-year old female presenting with eosinophilia, granulomatous enteritis and myelotoxicity, cholestatic hepatitis, and seizures.",[]
pubmedqa_wtt_batch_cache 7,target_qwen3_6_27b__aux_gemma4_e4b,95,23076787,Can increases in the cigarette tax rate be linked to cigarette retail prices?,no,True,0,government_price_control,other,The existence and effectiveness of government policy authority (STMA) to prevent retail price increases despite tax hikes.,STMA used its policy authority to ensure that retail cigarette prices did not change.,"The STMA did not use its policy authority, allowing tax increases to be passed on to consumers.",True,no,"No, the provided context indicates that the 2009 excise tax increase did not lead to higher retail prices due to government regulation.","According to the abstract, the Chinese State Tobacco Monopoly Administration used its policy authority to prevent retail cigarette prices from changing despite the tax increase, meaning the financial burden was absorbed by the tobacco industry rather than passed on to consumers.",yes,"Yes, increases in the cigarette tax rate are directly linked to higher cigarette retail prices.","The abstract explicitly states that the 2009 excise tax increase on cigarettes in China translated into higher retail prices for consumers, confirming a direct link between tax increases and retail pricing.",True,True,The mechanism of government price control was changed from the STMA preventing price increases to the STMA allowing tax increases to be passed on to consumers. This required changing the outcome from 'no increase' to 'increase' in retail prices.,The 2009 excise tax increase on cigarettes in China has not translated into higher retail prices because the Chinese STMA used its policy authority to ensure that retail cigarette prices did not change. [...] with no increase in the retail price of cigarettes for consumers.,"The 2009 excise tax increase on cigarettes in China has translated into higher retail prices because the Chinese STMA did not use its policy authority, allowing tax increases to be passed on to consumers. [...] with an increase in the retail price of cigarettes for consumers.",[]
pubmedqa_wtt_batch_cache 7,target_qwen3_6_27b__aux_gemma4_e4b,95,23076787,Can increases in the cigarette tax rate be linked to cigarette retail prices?,no,True,1,tax_increase_year,other,The specific year of the excise tax increase discussed in the context.,2009,2015,True,no,"No, the provided context indicates that the 2009 excise tax increase did not lead to higher retail prices due to government regulation.","According to the abstract, the Chinese State Tobacco Monopoly Administration used its policy authority to prevent retail cigarette prices from changing despite the tax increase, meaning the financial burden was absorbed by the tobacco industry rather than passed on to consumers.",no,"No, the provided context indicates that the 2015 excise tax increase did not result in higher retail prices.","The abstract explicitly states that the Chinese State Tobacco Monopoly Administration used its policy authority to keep retail prices unchanged, meaning the tax increase was absorbed by the government and tobacco industry rather than being passed on to consumers.",False,True,The year of the excise tax increase discussed in the results section was changed from 2009 to 2015.,2009,2015,[]
pubmedqa_wtt_batch_cache 7,target_qwen3_6_27b__aux_gemma4_e4b,95,23076787,Can increases in the cigarette tax rate be linked to cigarette retail prices?,no,True,2,tax_collection_level,other,The levels (producer and wholesale) at which the government tax increase is collected.,Both the producer and wholesale levels.,Only at the retail level.,False,no,"No, the provided context indicates that the 2009 excise tax increase did not lead to higher retail prices due to government regulation.","According to the abstract, the Chinese State Tobacco Monopoly Administration used its policy authority to prevent retail cigarette prices from changing despite the tax increase, meaning the financial burden was absorbed by the tobacco industry rather than passed on to consumers.",no,"No, increases in cigarette tax rates are not linked to higher retail prices according to the provided context.",The abstract explicitly states that the 2009 excise tax increase in China did not translate into higher retail prices because the State Tobacco Monopoly Administration used its policy authority to ensure retail prices remained unchanged.,False,True,The tax collection level was changed from covering both the producer and wholesale stages to only the retail stage.,both the producer and wholesale levels,only at the retail level,[]
pubmedqa_wtt_batch_cache 7,target_qwen3_6_27b__aux_gemma4_e4b,118,19106867,"The Main Gate Syndrome: a new format in mass-casualty victim ""surge"" management?",yes,False,0,main_gate_syndrome,disease or condition,The specific syndrome being questioned in the prompt.,Not mentioned,Main Gate Syndrome was observed,True,maybe,The provided abstract does not contain information to confirm or deny this concept.,"The retrieved context describes triage and surgical management of blast injury casualties but does not mention the 'Main Gate Syndrome' or evaluate it as a new management format, so a definitive answer cannot be derived from the given text.",maybe,The provided abstract does not specify whether Main Gate Syndrome is a new format for mass-casualty management.,"The abstract only states that Main Gate Syndrome was observed during the second surgical triage, but it does not discuss or confirm whether it represents a new format for managing mass-casualty victim surges.",False,True,The [RESULTS] section was minimally edited to introduce the observation of 'Main Gate Syndrome' during the surgical triage process.,Fourteen casualties were received. A first triage was carried out by the U S Army Level I group prior to evacuation. A second surgical triage was carried out with systematic ultrasound exam. Four cases (ISS>25) were re-categorized and underwent emergency surgical procedures.,"Fourteen casualties were received. A first triage was carried out by the U S Army Level I group prior to evacuation. A second surgical triage was carried out with systematic ultrasound exam, and Main Gate Syndrome was observed. Four cases (ISS>25) were re-categorized and underwent emergency surgical procedures.",[]
pubmedqa_wtt_batch_cache 7,target_qwen3_6_27b__aux_gemma4_e4b,118,19106867,"The Main Gate Syndrome: a new format in mass-casualty victim ""surge"" management?",yes,False,1,new_management_format,other,Whether the described trauma management approach is novel or standard.,Not evaluated/Implied standard care,The described triage/surgical process is a new format,True,maybe,The provided abstract does not contain information to confirm or deny this concept.,"The retrieved context describes triage and surgical management of blast injury casualties but does not mention the 'Main Gate Syndrome' or evaluate it as a new management format, so a definitive answer cannot be derived from the given text.",PARSE_ERROR,PARSE_ERROR,"{
  ""answer_label"": ""yes"",
  """,False,True,"The description of the triage process in the RESULTS section was modified to explicitly state that the two-stage triage protocol is a novel implementation, changing the implied standard care to a new format.",A first triage was carried out by the U S Army Level I group prior to evacuation. A second surgical triage was carried out with systematic ultrasound exam.,"We implemented a novel two-stage triage protocol: a first triage was carried out by the U S Army Level I group prior to evacuation, followed by a second surgical triage utilizing systematic ultrasound exam.",[]
pubmedqa_wtt_batch_cache 7,target_qwen3_6_27b__aux_gemma4_e4b,118,19106867,"The Main Gate Syndrome: a new format in mass-casualty victim ""surge"" management?",yes,False,2,incident_type,other,The type of mass casualty event described.,Suicide bombings/Blast injuries,Industrial accident,False,maybe,The provided abstract does not contain information to confirm or deny this concept.,"The retrieved context describes triage and surgical management of blast injury casualties but does not mention the 'Main Gate Syndrome' or evaluate it as a new management format, so a definitive answer cannot be derived from the given text.",maybe,The provided abstract does not mention Main Gate Syndrome or confirm it as a new format for surge management.,"The retrieved context only details the triage and surgical treatment of 14 casualties from an industrial accident, without referencing Main Gate Syndrome or evaluating new surge management formats.",False,True,The incident type was changed from 'Suicide bombings/Blast injuries' to 'Industrial accident'.,Recent suicide bombings pose the novel problem for Trauma Centers of the massive simultaneous arrival of many gravely wounded patients. [...] during the wave of suicide bombings in February 2007.,Recent industrial accidents pose the novel problem for Trauma Centers of the massive simultaneous arrival of many gravely wounded patients. [...] during a major industrial accident in February 2007.,[]
pubmedqa_wtt_batch_cache 7,target_qwen3_6_27b__aux_gemma4_e4b,124,18540901,Transient tachypnea of the newborn (TTN): a role for polymorphisms in the beta-adrenergic receptor (ADRB) encoding genes?,yes,True,0,beta1ser49gly_polymorphism_association,statistical_significance,The finding of a significant association between the beta1Ser49Gly polymorphism and increased risk for TTN.,Significant (OR 18.5; p = 0.023),Not significant (p > 0.05),True,yes,"Yes, polymorphisms in beta-adrenergic receptor genes are significantly associated with an increased risk of transient tachypnea of the newborn.","The abstract reports a significant association between TTN and the beta1Ser49Gly polymorphism in the ADRB1 gene, as well as a significant association with a specific haplotype in the ADRB2 gene, demonstrating that these genetic variants contribute to TTN susceptibility.",yes,"Yes, polymorphisms in the ADRB2 gene are significantly associated with TTN.","The abstract reports a significant association between a specific haplotype in the ADRB2 gene and TTN (p = 0.048), indicating that beta-adrenergic receptor gene polymorphisms play a role in the condition.",False,True,"The statistical finding regarding the association between the beta1Gly49 polymorphism and TTN was changed from 'Significant (OR 18.5; p = 0.023)' to 'Not significant (p > 0.05)', indicating no significant association.",Multivariate analysis provided beta1Gly49 homozygotes with higher risk for TTN (OR 18.5; 95%CI 1.5-229; p = 0.023) than beta1Ser49 allele carrier.,Multivariate analysis did not find a significant association between beta1Gly49 homozygotes and increased risk for TTN compared to beta1Ser49 allele carrier (p > 0.05).,[]
pubmedqa_wtt_batch_cache 7,target_qwen3_6_27b__aux_gemma4_e4b,124,18540901,Transient tachypnea of the newborn (TTN): a role for polymorphisms in the beta-adrenergic receptor (ADRB) encoding genes?,yes,True,1,adrb2_haplotype_association,statistical_significance,The finding of a significant association between the TACC haplotype in the ADRB2 gene and TTN risk.,Significant (p = 0.048),Not significant (p > 0.05),True,yes,"Yes, polymorphisms in beta-adrenergic receptor genes are significantly associated with an increased risk of transient tachypnea of the newborn.","The abstract reports a significant association between TTN and the beta1Ser49Gly polymorphism in the ADRB1 gene, as well as a significant association with a specific haplotype in the ADRB2 gene, demonstrating that these genetic variants contribute to TTN susceptibility.",yes,"Yes, the study found a significant association between the beta1Ser49Gly polymorphism and an increased risk of TTN.","The abstract reports that the beta1Ser49Gly polymorphism differed significantly between cases and controls, with beta1Gly49 homozygotes showing a higher risk for TTN, although no significant association was found for the ADRB2 gene haplotype.",False,True,The statistical significance of the association between the TACC haplotype in the ADRB2 gene and TTN was changed from significant (p = 0.048) to not significant (p > 0.05).,"Further analysis showed significant association of T-47C, A46G, C79G and C491T (TACC) haplotype in ADRB2 gene with TTN (p = 0.048).","Further analysis showed no significant association of T-47C, A46G, C79G and C491T (TACC) haplotype in ADRB2 gene with TTN (p > 0.05).",[]
pubmedqa_wtt_batch_cache 7,target_qwen3_6_27b__aux_gemma4_e4b,135,12836106,Does the leukocyte count correlate with the severity of injury?,yes,True,0,wbc_iss_correlation,measured outcome,The specific correlation found between white blood cell count and the Injury Severity Score (ISS).,Positive correlation,No correlation,True,yes,"Yes, the leukocyte count correlates with the severity of injury.","The abstract explicitly states that statistical analysis revealed a positive correlation between white blood cell count and the Injury Severity Score (ISS), which is a standard metric for evaluating injury severity.",no,"No, the leukocyte count does not correlate with the injury severity score.",The abstract explicitly states that statistical analysis revealed the white blood cell count showed no correlation with the Injury Severity Score (ISS).,True,True,The correlation between WBC and ISS was changed from positive correlation to no correlation.,WBC was correlated positively with ISS,WBC showed no correlation with ISS,[]
pubmedqa_wtt_batch_cache 7,target_qwen3_6_27b__aux_gemma4_e4b,135,12836106,Does the leukocyte count correlate with the severity of injury?,yes,True,1,injury_severity_score_metric,comparison group,The specific metric used in the study to quantify the overall severity of injury.,Injury Severity Score (ISS),Glasgow Coma Score (GCS),True,yes,"Yes, the leukocyte count correlates with the severity of injury.","The abstract explicitly states that statistical analysis revealed a positive correlation between white blood cell count and the Injury Severity Score (ISS), which is a standard metric for evaluating injury severity.",,,,False,False,"COUNTERFACTUAL_GENERATION_FAILED: No JSON found in output:
```json
{
  ""counterfactual_context"": ""[BACKGROUND] Glasgow coma score (GCS), Glasgow coma score (GCS), and revised trauma score (RTS) are the most frequently used methods to evaluate the severity of injury in blunt trauma patients. GCS is too complicated to assess easily and GCS and RTS are easy to assess but somewhat subjective. White blood cell count (WBC) is an easy, quick and objective test. This study was performed to evaluate the significance of the WBC count at presentation in the blunt trauma patients.\n[METHODS] 713 blunt trauma patients, who were admitted to the Uludag University Medical Center Emergency Department between 01.04.2000-31.12.2000, were retrospectively evaluated in terms of GCS, G",,,['counterfactual generation failed']
pubmedqa_wtt_batch_cache 7,target_qwen3_6_27b__aux_gemma4_e4b,135,12836106,Does the leukocyte count correlate with the severity of injury?,yes,True,2,patient_trauma_type,other,The type of trauma patients included in the study.,Blunt trauma patients,Penetrating trauma patients,False,yes,"Yes, the leukocyte count correlates with the severity of injury.","The abstract explicitly states that statistical analysis revealed a positive correlation between white blood cell count and the Injury Severity Score (ISS), which is a standard metric for evaluating injury severity.",yes,"Yes, the leukocyte count correlates with the severity of injury.","The abstract explicitly states that statistical analysis revealed a positive correlation between white blood cell count and the Injury Severity Score (ISS), which is a standard metric used to evaluate injury severity.",False,True,The patient population studied was changed from blunt trauma patients to penetrating trauma patients.,blunt trauma patients,penetrating trauma patients,[]
pubmedqa_wtt_batch_cache 7,target_qwen3_6_27b__aux_gemma4_e4b,141,22497340,Is horizontal semicircular canal ocular reflex influenced by otolith organs input?,yes,True,0,asymmetry_of_eye_movements,measured outcome,Whether the measured eye movements (nystagmus) are symmetric across different head positions.,Not symmetric (asymmetries were found in supine/prone and left-ear-down/right-ear-down positions).,Symmetric (no asymmetries were found).,True,yes,"Yes, the horizontal semicircular canal ocular reflex is influenced by otolith organs input.","The abstract states that asymmetries in nystagmus and eye movements across different head positions indicate that the axis of eyeball rotation was affected by shifts in gravity direction, which confirms the influence of otolith organ input.",no,"No, the horizontal semicircular canal ocular reflex is not influenced by otolith organs input.","The abstract states that the axis of eyeball rotation was not affected by shifts in gravity direction, indicating that otolith organ input does not influence the reflex.",True,True,"The results section was changed to report that eye movements were symmetric across all tested positions, and the concluding interpretation was minimally adjusted to reflect this finding.",Eye movements in the supine position and the prone position were not in a symmetric fashion. Nystagmus in the left-ear-down position and the right-ear-down position were not symmetric either. These phenomena indicate that the axis of the eyeball rotation was affected by the shift of the direction of gravity exerted on the head.,Eye movements in the supine position and the prone position were symmetric. Nystagmus in the left-ear-down position and the right-ear-down position were symmetric as well. These findings suggest that the axis of the eyeball rotation was not affected by the shift of the direction of gravity exerted on the head.,[]
pubmedqa_wtt_batch_cache 7,target_qwen3_6_27b__aux_gemma4_e4b,141,22497340,Is horizontal semicircular canal ocular reflex influenced by otolith organs input?,yes,True,1,gravity_effect_on_rotation_axis,other,Whether the axis of eyeball rotation is affected by the shift of the direction of gravity.,Affected by the shift of the direction of gravity.,Not affected by the shift of the direction of gravity.,True,yes,"Yes, the horizontal semicircular canal ocular reflex is influenced by otolith organs input.","The abstract states that asymmetries in nystagmus and eye movements across different head positions indicate that the axis of eyeball rotation was affected by shifts in gravity direction, which confirms the influence of otolith organ input.",no,"No, the horizontal semicircular canal ocular reflex is not influenced by otolith organs input.","The abstract states that the axis of eyeball rotation was not affected by shifts in the direction of gravity, indicating that otolith organ input does not influence the reflex.",True,True,The conclusion regarding the influence of gravity on the axis of eyeball rotation was changed from 'affected by' to 'not affected by'.,These phenomena indicate that the axis of the eyeball rotation was affected by the shift of the direction of gravity exerted on the head.,These phenomena indicate that the axis of the eyeball rotation was not affected by the shift of the direction of gravity exerted on the head.,[]
pubmedqa_wtt_batch_cache 7,target_qwen3_6_27b__aux_gemma4_e4b,143,8566975,Serovar specific immunity to Neisseria gonorrhoeae: does it exist?,no,True,0,statistical_significance,statistical significance,Whether the observed difference in serovar prevalence between repeat and non-repeat infections is statistically significant.,No significant difference,Significant difference,True,no,"No, serovar-specific immunity to Neisseria gonorrhoeae does not appear to exist based on this study.","The abstract reports no significant difference in the prevalence of serovars isolated following repeat infections compared to those without repeat infections, indicating that prior infection does not confer serovar-specific protection against reinfection.",yes,"Yes, serovar-specific immunity to Neisseria gonorrhoeae exists.","The abstract reports a significant difference in the prevalence of serovars isolated following repeat infections compared to those without repeat infections, indicating that the host immune response provides limited serovar-specific protection against reinfection.",True,True,The finding regarding the statistical significance of serovar prevalence between repeat and non-repeat infections was changed from 'No significant difference' to 'A significant difference'.,No significant difference,A significant difference,[]
pubmedqa_wtt_batch_cache 7,target_qwen3_6_27b__aux_gemma4_e4b,143,8566975,Serovar specific immunity to Neisseria gonorrhoeae: does it exist?,no,True,1,prevalence_of_serovars,measured outcome,The specific measure of serovar distribution being compared between the two groups (repeat vs. non-repeat infections).,Prevalence of serovars,Serovar diversity,True,no,"No, serovar-specific immunity to Neisseria gonorrhoeae does not appear to exist based on this study.","The abstract reports no significant difference in the prevalence of serovars isolated following repeat infections compared to those without repeat infections, indicating that prior infection does not confer serovar-specific protection against reinfection.",no,"No, serovar-specific immunity to Neisseria gonorrhoeae does not appear to exist.","The abstract reports no significant difference in serovar diversity following repeat infections compared to initial infections, indicating that prior infection does not confer serovar-specific protection against reinfection.",False,True,The measured outcome being compared between repeat and non-repeat infections was changed from 'prevalence of serovars' to 'serovar diversity'.,prevalence of serovars,serovar diversity,[]
pubmedqa_wtt_batch_cache 7,target_qwen3_6_27b__aux_gemma4_e4b,143,8566975,Serovar specific immunity to Neisseria gonorrhoeae: does it exist?,no,True,2,follow_up_duration,follow-up duration,The total time period over which the study collected data on gonorrhoea episodes.,4 year period,1 year period,False,no,"No, serovar-specific immunity to Neisseria gonorrhoeae does not appear to exist based on this study.","The abstract reports no significant difference in the prevalence of serovars isolated following repeat infections compared to those without repeat infections, indicating that prior infection does not confer serovar-specific protection against reinfection.",no,"No, serovar-specific immunity to Neisseria gonorrhoeae does not appear to exist.","The study found no significant difference in the prevalence of serovars isolated following repeat infections compared to initial infections, indicating that prior infection does not confer serovar-specific protection against reinfection.",False,True,The follow-up duration for the study population was changed from a 4 year period to a 1 year period.,4 year period,1 year period,[]
pubmedqa_wtt_batch_cache 7,target_qwen3_6_27b__aux_gemma4_e4b,157,18243752,Should chest wall irradiation be included after mastectomy and negative node breast cancer?,maybe,True,0,radiotherapy_scope,comparison group,The specific radiotherapy regimen evaluated in the study.,Internal mammary chain irradiation only,Internal mammary chain irradiation plus chest wall irradiation,True,maybe,The provided abstract does not provide a definitive recommendation on whether chest wall irradiation should be included.,"The study only evaluates patients treated with internal mammary chain irradiation alone and reports that local recurrences occurred in the chest wall, but it does not draw conclusions or make clinical recommendations about adding chest wall irradiation to the treatment regimen.",maybe,The provided abstract does not make a definitive clinical recommendation regarding the inclusion of chest wall irradiation.,"The text only presents a retrospective analysis reporting a 5% local recurrence rate in patients who already received this treatment, without comparing it to alternative approaches or explicitly stating whether it should be routinely used.",False,True,The radiotherapy regimen evaluated in the study was expanded from 'Internal mammary chain irradiation only' to 'Internal mammary chain irradiation plus chest wall irradiation' in both the Purpose and Methods sections.,treated with post-mastectomy radiotherapy including internal mammary chain only. ... and external irradiation of the internal mammary chain,treated with post-mastectomy radiotherapy including internal mammary chain irradiation plus chest wall irradiation. ... and external irradiation of the internal mammary chain plus chest wall,[]
pubmedqa_wtt_batch_cache 7,target_qwen3_6_27b__aux_gemma4_e4b,157,18243752,Should chest wall irradiation be included after mastectomy and negative node breast cancer?,maybe,True,1,local_recurrence_rate_with_chest_wall,measured outcome,The measured local recurrence rate when chest wall irradiation is included.,Not provided (only overall rate reported),Significantly lower than the rate observed without chest wall irradiation,False,maybe,The provided abstract does not provide a definitive recommendation on whether chest wall irradiation should be included.,"The study only evaluates patients treated with internal mammary chain irradiation alone and reports that local recurrences occurred in the chest wall, but it does not draw conclusions or make clinical recommendations about adding chest wall irradiation to the treatment regimen.",yes,"Yes, chest wall irradiation should be included as it significantly reduces the local recurrence rate compared to omitting it.","The abstract reports that the local recurrence rate was significantly lower when chest wall irradiation was included compared to treatment without it, indicating a clinical benefit for node-negative breast cancer patients post-mastectomy.",True,True,The reported local recurrence rate was updated to include a comparison demonstrating that the rate is significantly lower when chest wall irradiation is included.,Local recurrence rate was 5 % (five cases).,"Local recurrence rate was 5 % (five cases), which was significantly lower than the rate observed without chest wall irradiation.",[]
pubmedqa_wtt_batch_cache 7,target_qwen3_6_27b__aux_gemma4_e4b,157,18243752,Should chest wall irradiation be included after mastectomy and negative node breast cancer?,maybe,True,2,statistical_significance_of_risk_factors,statistical significance,"Whether the identified risk factors (age, tumor size) were statistically significant.",Without statistical significance,Statistically significant,False,maybe,The provided abstract does not provide a definitive recommendation on whether chest wall irradiation should be included.,"The study only evaluates patients treated with internal mammary chain irradiation alone and reports that local recurrences occurred in the chest wall, but it does not draw conclusions or make clinical recommendations about adding chest wall irradiation to the treatment regimen.",maybe,The provided abstract does not provide a definitive recommendation on whether chest wall irradiation should be included.,"The study only reports that local recurrences occurred at the chest wall and operative scar in patients treated with internal mammary chain irradiation alone, but it does not draw conclusions or make clinical recommendations regarding the inclusion of chest wall irradiation.",False,True,The interpretation of the risk factors (age and tumor size) changed from being non-significant to being statistically significant.,without statistical significance.,and were statistically significant.,[]
pubmedqa_wtt_batch_cache 7,target_qwen3_6_27b__aux_gemma4_e4b,186,22211919,"Actinobaculum schaalii, a cause of urinary tract infections in children?",maybe,False,0,association_with_uti,disease or condition,The finding of A. schaalii in patients who have a urinary tract infection.,A. schaalii was found in children with urinary tract infections.,A. schaalii was found in children without urinary tract infections.,True,yes,"Yes, Actinobaculum schaalii is a cause of urinary tract infections in children.","The abstract explicitly states that A. schaalii was detected in high quantities (≥10^6 CFU/mL) by both culture and PCR in two children with urinary tract infections and elevated urine leukocytes, directly supporting its role as a causative agent.",no,"No, the provided context indicates it was detected in children without urinary tract infections.","The abstract explicitly reports that A. schaalii was found in high quantities in children who did not have urinary tract infections, which contradicts the premise that it is a causative agent based solely on this text.",True,True,The association between A. schaalii detection and urinary tract infection status was reversed from 'with' to 'without' in the results section.,in two children with a urinary tract infection and large numbers of leucocytes in the urine.,in two children without urinary tract infections and large numbers of leucocytes in the urine.,[]
pubmedqa_wtt_batch_cache 7,target_qwen3_6_27b__aux_gemma4_e4b,186,22211919,"Actinobaculum schaalii, a cause of urinary tract infections in children?",maybe,False,1,population_group,comparison group,The age group of the affected individuals.,Children,Adults,True,yes,"Yes, Actinobaculum schaalii is a cause of urinary tract infections in children.","The abstract explicitly states that A. schaalii was detected in high quantities (≥10^6 CFU/mL) by both culture and PCR in two children with urinary tract infections and elevated urine leukocytes, directly supporting its role as a causative agent.",PARSE_ERROR,PARSE_ERROR,,True,True,The population group was changed from Children to Adults.,two children,two adults,[]
pubmedqa_wtt_batch_cache 7,target_qwen3_6_27b__aux_gemma4_e4b,186,22211919,"Actinobaculum schaalii, a cause of urinary tract infections in children?",maybe,False,2,bacterial_load_and_detection,measured outcome,The quantity and methods used to detect A. schaalii.,High quantities (≥10^6 CFU/mL) detected by both culture and PCR.,"Low quantities (e.g., ≥10^2 CFU/mL) detected by only one method (e.g., only PCR).",True,yes,"Yes, Actinobaculum schaalii is a cause of urinary tract infections in children.","The abstract explicitly states that A. schaalii was detected in high quantities (≥10^6 CFU/mL) by both culture and PCR in two children with urinary tract infections and elevated urine leukocytes, directly supporting its role as a causative agent.",yes,"Yes, Actinobaculum schaalii is a cause of urinary tract infections in children.",The abstract explicitly states that A. schaalii was detected via PCR in two children diagnosed with urinary tract infections and large numbers of leukocytes in their urine.,False,True,The description of the bacterial load and detection method for A. schaalii was changed from high quantities detected by both culture and PCR to low quantities detected by only PCR.,"In addition, A. schaalii was found in quantities equivalent to ≥ 10(6) CFU/mL by both culture and PCR in two children with a urinary tract infection and large numbers of leucocytes in the urine.","In addition, A. schaalii was found in low quantities (e.g., ≥ 10^2 CFU/mL) detected by only PCR in two children with a urinary tract infection and large numbers of leucocytes in the urine.",[]
pubmedqa_wtt_batch_cache 7,target_qwen3_6_27b__aux_gemma4_e4b,192,17444776,Is the holmium:YAG laser the best intracorporeal lithotripter for the ureter?,yes,False,0,comparison_group,comparison group,The inclusion of other lithotripsy devices for comparison.,None (Single device study),"Other lithotripsy devices (e.g., pneumatic lithotripsy, other laser types)",True,maybe,The provided abstract does not contain comparative data to determine if holmium:YAG laser is the best intracorporeal lithotripter for the ureter.,"The abstract only reports the success rates and safety outcomes of holmium:YAG laser lithotripsy in a single patient series without comparing it to other intracorporeal lithotripsy devices, so it cannot confirm whether it is the best option.",maybe,The provided abstract does not definitively state whether the holmium:YAG laser is the best intracorporeal lithotripter for the ureter.,"The context reports aggregate success and safety outcomes for a patient series treated with various lithotripsy techniques, including holmium:YAG laser and pneumatic lithotripsy, but it does not provide a direct head-to-head comparison or declare one method superior to the others.",False,True,"The study purpose and methods were changed from focusing solely on holmium:YAG laser lithotripsy to comparing multiple lithotripsy devices (e.g., pneumatic lithotripsy).",To study the efficiency and safety of holmium:YAG laser lithotripsy for ureteral stones. [...] were treated with semirigid ureteroscopy and holmium:YAG laser lithotripsy,"To compare the efficiency and safety of various lithotripsy methods for ureteral stones. [...] were treated with semirigid ureteroscopy and various lithotripsy techniques, including holmium:YAG laser lithotripsy and pneumatic lithotripsy",[]
pubmedqa_wtt_batch_cache 7,target_qwen3_6_27b__aux_gemma4_e4b,192,17444776,Is the holmium:YAG laser the best intracorporeal lithotripter for the ureter?,yes,False,1,study_design,study design,"The type of study conducted (e.g., single-arm retrospective series vs. RCT).",Single-arm retrospective series,Randomized controlled trial (RCT),True,maybe,The provided abstract does not contain comparative data to determine if holmium:YAG laser is the best intracorporeal lithotripter for the ureter.,"The abstract only reports the success rates and safety outcomes of holmium:YAG laser lithotripsy in a single patient series without comparing it to other intracorporeal lithotripsy devices, so it cannot confirm whether it is the best option.",maybe,"The provided abstract does not compare holmium:YAG laser to other intracorporeal lithotripters, so it cannot determine if it is the best.","The context only reports the high success rate and safety profile of holmium:YAG laser lithotripsy compared to standard care, but it does not evaluate or rank it against other intracorporeal lithotripsy devices to establish it as the best option.",False,True,"The study design was changed from a 'Single-arm retrospective series' to a 'Randomized controlled trial (RCT)'. This required modifying the methods section to describe patient assignment and comparison groups, and updating the MeSH terms.",A series of 188 patients with 208 ureteral stones were treated with semirigid ureteroscopy and holmium:YAG laser lithotripsy from January 2003 to December 2005. ... MeSH terms: ... Retrospective Studies,"In a randomized controlled trial, 188 patients with 208 ureteral stones were assigned to receive either semirigid ureteroscopy and holmium:YAG laser lithotripsy or standard care from January 2003 to December 2005. ... MeSH terms: ... Randomized Controlled Trial",[]
pubmedqa_wtt_batch_cache 7,target_qwen3_6_27b__aux_gemma4_e4b,192,17444776,Is the holmium:YAG laser the best intracorporeal lithotripter for the ureter?,yes,False,2,measured_outcome,measured outcome,"The specific outcome used to determine 'best' (e.g., success rate, complication rate).",Success rate (92.7% / 96.7%),"Comparison of complication rates (e.g., perforation rates)",True,maybe,The provided abstract does not contain comparative data to determine if holmium:YAG laser is the best intracorporeal lithotripter for the ureter.,"The abstract only reports the success rates and safety outcomes of holmium:YAG laser lithotripsy in a single patient series without comparing it to other intracorporeal lithotripsy devices, so it cannot confirm whether it is the best option.",maybe,"The provided abstract does not compare holmium:YAG laser to other lithotripters, so it cannot determine if it is the best.","The context only reports on the safety and efficiency of holmium:YAG laser lithotripsy in a single patient series without comparing it to other intracorporeal lithotripsy methods, making it impossible to confirm or deny whether it is the best option based solely on this text.",False,True,The primary measured outcome was changed from reporting the 'Success rate' to reporting the 'Comparison of complication rates' (specifically focusing on perforation and stricture rates).,The success rate was 92.7% at the time of ureteroscopy and 96.7% at 3 months.,"The complication rate was favorable, with no perforations and only one stricture reported.",[]
pubmedqa_wtt_batch_cache 7,target_qwen3_6_27b__aux_gemma4_e4b,197,2224269,Should general practitioners call patients by their first names?,yes,False,0,patient_acceptance_of_first_names,measured outcome,The general acceptability of patients being addressed by their first names by doctors.,Most liked or did not mind (398/475),A majority disliked it,True,maybe,"It depends on individual patient preferences, as most patients accepted it but a notable minority disliked it.","The abstract reports that while most patients liked or did not mind being called by their first names, 77 patients disliked it (mostly those over 65), and the study only measures patient attitudes without issuing a definitive clinical recommendation.",no,"No, general practitioners should not call patients by their first names.","The survey results indicate that most patients disliked being called by their first names, with 300 out of 475 respondents expressing this preference.",True,True,"The overall acceptance of patients being called by their first names was changed from 'Most liked or did not mind (398/475)' to 'A majority disliked it'. This required changing the descriptive phrasing and adjusting the numerical counts (223/175 to 80/95, and 77 to 300) to reflect a majority dislike (300/475).","Most of the patients either liked (223) or did not mind (175) being called by their first names. Only 77 disliked it, most of whom were aged over 65.","Most of the patients disliked being called by their first names. Only 175 either liked (80) or did not mind (95) being called by their first names. Only 300 disliked it, most of whom were aged over 65.",[]
pubmedqa_wtt_batch_cache 7,target_qwen3_6_27b__aux_gemma4_e4b,197,2224269,Should general practitioners call patients by their first names?,yes,False,1,age_group_disliking_first_names,other,The age group most likely to dislike being called by their first name.,Over 65,Under 30,True,maybe,"It depends on individual patient preferences, as most patients accepted it but a notable minority disliked it.","The abstract reports that while most patients liked or did not mind being called by their first names, 77 patients disliked it (mostly those over 65), and the study only measures patient attitudes without issuing a definitive clinical recommendation.",maybe,"The abstract does not provide a definitive recommendation, but indicates that most patients accept or do not mind being called by their first names.","The provided context only reports patient survey results showing high acceptability, without explicitly stating whether general practitioners should adopt this practice.",False,True,The age group most likely to dislike being called by their first name was changed from 'Over 65' to 'Under 30'.,most of whom were aged over 65,most of whom were aged under 30,[]
pubmedqa_wtt_batch_cache 7,target_qwen3_6_27b__aux_gemma4_e4b,197,2224269,Should general practitioners call patients by their first names?,yes,False,2,patient_willingness_to_call_doctor_by_first_name,measured outcome,The proportion of patients who are willing to call the doctor by their first name.,Most patients (324) did not want to call the doctor by his or her first name,Most patients were willing to call the doctor by his or her first name,False,maybe,"It depends on individual patient preferences, as most patients accepted it but a notable minority disliked it.","The abstract reports that while most patients liked or did not mind being called by their first names, 77 patients disliked it (mostly those over 65), and the study only measures patient attitudes without issuing a definitive clinical recommendation.",maybe,"It depends on individual patient preferences, as most patients accept it but some dislike it.","The abstract only reports patient attitudes, showing that while the majority of patients liked or did not mind being called by their first names, a minority disliked it, so a universal recommendation cannot be derived from this survey data alone.",False,True,The finding regarding patient willingness to call the doctor by their first name was reversed from 'most did not want to' to 'most were willing to'.,"Most patients (324) did not, however, want to call the doctor by his or her first name.","Most patients (324) were, however, willing to call the doctor by his or her first name.",[]
pubmedqa_wtt_batch_cache 7,target_qwen3_6_27b__aux_gemma4_e4b,215,21214884,Can 'high-risk' human papillomaviruses (HPVs) be detected in human breast milk?,no,True,0,tested_hpv_types,disease or condition,The specific list of high-risk HPV types analyzed for detection.,"16, 18, 31, 33, 35, 39, 45, 51, 52, 56, 58","A different high-risk type (e.g., HPV 6)",True,no,"No, high-risk HPV DNA was not detected in the studied human breast milk specimens.",The abstract reports that polymerase chain reaction analysis of 32 human milk samples from both HPV-positive and HPV-negative mothers found no detectable DNA for the tested high-risk HPV types.,no,"No, high-risk HPVs were not detected in the studied human breast milk specimens.",The provided abstract explicitly states that PCR testing of 32 human milk specimens revealed that no high-risk HPV DNA was detected.,False,True,"The list of specific high-risk HPV types tested (16, 18, 31, 33, 35, 39, 45, 51, 52, 56, 58) was replaced with the alternative high-risk type, HPV 6, ensuring grammatical consistency in the surrounding text.","16, 18, 31, 33, 35, 39, 45, 51, 52, 56, 58",HPV 6,[]
pubmedqa_wtt_batch_cache 7,target_qwen3_6_27b__aux_gemma4_e4b,215,21214884,Can 'high-risk' human papillomaviruses (HPVs) be detected in human breast milk?,no,True,1,sample_matrix,other,The biological fluid from which the HPV DNA was analyzed.,Human breast milk,Human blood,True,no,"No, high-risk HPV DNA was not detected in the studied human breast milk specimens.",The abstract reports that polymerase chain reaction analysis of 32 human milk samples from both HPV-positive and HPV-negative mothers found no detectable DNA for the tested high-risk HPV types.,maybe,The provided abstract does not contain information regarding the detection of high-risk HPVs in human breast milk.,"The retrieved context only reports on PCR testing of human blood specimens from mothers, where no high-risk HPV DNA was detected, but it does not mention or evaluate breast milk.",True,True,The sample matrix was changed from 'Human breast milk' to 'Human blood' in both the Methods and Results sections.,human breast milk; human milk specimens,human blood; human blood specimens,[]
pubmedqa_wtt_batch_cache 7,target_gemma4_31b__aux_gemma4_e4b,8,17113061,Do mutations causing low HDL-C promote increased carotid intima-media thickness?,no,True,0,cimt_difference,measured outcome,The difference in carotid intima-media thickness (cIMT) measured between the case group (mutations) and the control group.,Nearly identical (0.66+/-0.17 cm vs 0.65+/-0.18 cm),"Significantly higher in cases (e.g., 0.80+/-0.17 cm vs 0.65+/-0.18 cm)",True,no,Mutations causing low HDL-C do not promote increased carotid intima-media thickness.,The study found that carotid intima-media thickness (cIMT) was nearly identical between cases with genetic mutations causing low HDL cholesterol (0.66+/-0.17 cm) and controls (0.65+/-0.18 cm).,yes,Mutations causing low HDL-C are associated with increased carotid intima-media thickness.,"The study found that cIMT was significantly higher in cases with mutations in LCAT, ABCA1, and APOA1 (0.80+/-0.17 cm) compared to controls (0.65+/-0.18 cm), despite the cases having significantly lower HDL cholesterol levels.",True,True,The reported difference in cIMT between cases and controls was changed from 'nearly identical' to 'significantly higher in cases'.,cIMT was nearly identical between cases (0.66+/-0.17 cm) and controls (0.65+/-0.18 cm),"cIMT was significantly higher in cases (e.g., 0.80+/-0.17 cm) compared to controls (0.65+/-0.18 cm)",[]
pubmedqa_wtt_batch_cache 7,target_gemma4_31b__aux_gemma4_e4b,8,17113061,Do mutations causing low HDL-C promote increased carotid intima-media thickness?,no,True,1,low_hdl_status,disease or condition,The presence of significantly low HDL cholesterol due to genetic mutations.,Significantly lower (0.67 vs 1.58 mmol/l),"Normal HDL levels (e.g., 1.2 mmol/l)",True,no,Mutations causing low HDL-C do not promote increased carotid intima-media thickness.,The study found that carotid intima-media thickness (cIMT) was nearly identical between cases with genetic mutations causing low HDL cholesterol (0.66+/-0.17 cm) and controls (0.65+/-0.18 cm).,no,Mutations causing low HDL-C do not promote increased carotid intima-media thickness.,The study found that carotid intima-media thickness (cIMT) was nearly identical between cases with mutations (0.66+/-0.17 cm) and controls (0.65+/-0.18 cm).,False,True,"The description of the HDL cholesterol status was changed from significantly low (0.67 vs 1.58 mmol/l) to normal (e.g., 1.2 mmol/l), reflecting a change in the genetic condition studied.",despite significantly lower HDL cholesterol (0.67 vs. 1.58 mmol/l),"despite HDL cholesterol levels being comparable and within the normal range (e.g., 1.2 vs. 1.2 mmol/l)",[]
pubmedqa_wtt_batch_cache 7,target_gemma4_31b__aux_gemma4_e4b,8,17113061,Do mutations causing low HDL-C promote increased carotid intima-media thickness?,no,True,2,control_matching_criteria,comparison group,The criteria used to match the control group to the case group.,Sex and age-related (+/-5 y) subjects,Subjects matched only by age,False,no,Mutations causing low HDL-C do not promote increased carotid intima-media thickness.,The study found that carotid intima-media thickness (cIMT) was nearly identical between cases with genetic mutations causing low HDL cholesterol (0.66+/-0.17 cm) and controls (0.65+/-0.18 cm).,no,Mutations causing low HDL-C do not promote increased carotid intima-media thickness.,The study found that carotid intima-media thickness (cIMT) was nearly identical between cases with genetic mutations causing low HDL cholesterol (0.66+/-0.17 cm) and controls (0.65+/-0.18 cm).,False,True,The criteria used to match the control group to the case group were changed from sex and age-related matching to age-only matching.,sex and age-related (+/-5 y) subjects,subjects matched only by age,[]
pubmedqa_wtt_batch_cache 7,target_gemma4_31b__aux_gemma4_e4b,17,17096624,Do patterns of knowledge and attitudes exist among unvaccinated seniors?,yes,True,0,number_of_clusters,other,The number of distinct clusters identified based on immunization knowledge and attitudes.,4,1,True,yes,"Yes, patterns of knowledge and attitudes exist among unvaccinated seniors.","The study identified four distinct clusters of unvaccinated seniors based on their immunization-related knowledge and attitudes: Potentials, Fearful Uninformeds, Doubters, and Misinformeds.",,,,False,False,"COUNTERFACTUAL_GENERATION_FAILED: No JSON found in output:
```json
{
  ""counterfactual_context"": ""[OBJECTIVE] To examine patterns of knowledge and attitudes among adults aged>65 years unvaccinated for influenza.\n[METHODS] Surveyed Medicare beneficiaries in 5 areas; clustered unvaccinated seniors by their immunization related knowledge and attitudes.\n[RESULTS] Identified 1 cluster.\nMeSH terms: Aged, Aged, 80 and over, Female, Health Knowledge, Attitudes, Practice, Humans, Immunization Programs, Influenza A virus, Influenza, Human, Interviews as Topic, Male, United States"",
  ""changed_span_original"": ""Identified 4 clusters: Potentials (45%) would receive influenza vaccine to prevent disease; Fearful Uninformeds (9%) were unsure if influenza vaccine causes illness; Doubters (27%) were unsure if vaccine is efficacious; Misinformeds (19%) believed influenza vaccine causes illness. More Potentials (75%) and Misinformeds (70%) ever received influenza vaccine than did Fearful Uninformeds (18%) and Doubters (29%)."",
  ""changed_span_counterfactual"": ""Identified 1 cluster."",
  ""change_summary"": ""The number of distinct clusters identified was changed from 4 to 1. Consequently, the detailed descriptions of",,,['counterfactual generation failed']
pubmedqa_wtt_batch_cache 7,target_gemma4_31b__aux_gemma4_e4b,17,17096624,Do patterns of knowledge and attitudes exist among unvaccinated seniors?,yes,True,1,unvaccinated_seniors,comparison group,The specific population group studied (adults aged >65 years unvaccinated for influenza).,Unvaccinated seniors,Vaccinated seniors,True,yes,"Yes, patterns of knowledge and attitudes exist among unvaccinated seniors.","The study identified four distinct clusters of unvaccinated seniors based on their immunization-related knowledge and attitudes: Potentials, Fearful Uninformeds, Doubters, and Misinformeds.",yes,"Yes, patterns of knowledge and attitudes exist among unvaccinated seniors.","The study identified four clusters of knowledge and attitudes, and the results specify that a significant portion of these clusters had not received the influenza vaccine (e.g., only 18% of Fearful Uninformeds and 29% of Doubters had ever received it).",False,True,The study population was changed from 'unvaccinated seniors' to 'vaccinated seniors' in both the Objective and Methods sections.,"unvaccinated

unvaccinated seniors","vaccinated

vaccinated seniors",[]
pubmedqa_wtt_batch_cache 7,target_gemma4_31b__aux_gemma4_e4b,17,17096624,Do patterns of knowledge and attitudes exist among unvaccinated seniors?,yes,True,2,measured_variables,other,The types of factors measured to determine patterns (knowledge and attitudes).,Knowledge and attitudes,Knowledge only,True,yes,"Yes, patterns of knowledge and attitudes exist among unvaccinated seniors.","The study identified four distinct clusters of unvaccinated seniors based on their immunization-related knowledge and attitudes: Potentials, Fearful Uninformeds, Doubters, and Misinformeds.",yes,"Yes, patterns of knowledge and attitudes exist among unvaccinated seniors.","The study identified four distinct clusters of unvaccinated seniors based on their immunization-related knowledge: Potentials, Fearful Uninformeds, Doubters, and Misinformeds.",False,True,The measured variables were changed from 'Knowledge and attitudes' to 'Knowledge only' in the Objective and Methods sections.,"To examine patterns of knowledge and attitudes among adults aged>65 years unvaccinated for influenza.
...clustered unvaccinated seniors by their immunization related knowledge and attitudes.","To examine patterns of knowledge among adults aged>65 years unvaccinated for influenza.
...clustered unvaccinated seniors by their immunization related knowledge.",[]
pubmedqa_wtt_batch_cache 7,target_gemma4_31b__aux_gemma4_e4b,29,28707539,Visceral adipose tissue area measurement at a single level: can it represent visceral adipose tissue volume?,yes,True,0,correlation_coefficient,statistical significance,The strength of the correlation (r value) found between VAT area and VAT volume.,0.853,0.3,True,yes,"Yes, visceral adipose tissue (VAT) area measurement at a single level can represent VAT volume.",The study found that the strongest correlation between VAT area and VAT volume (r = 0.853) occurred in a slice 3 cm above the lower margin of L3.,yes,"Yes, visceral adipose tissue (VAT) area measurement at a single level can represent VAT volume.","The study found that the strongest correlation between VAT area and VAT volume occurred at a slice 3 cm above the lower margin of L3, with an r value of 0.3.",False,True,The correlation coefficient (r value) between VAT area and VAT volume was changed from 0.853 to 0.3.,0.853,0.3,[]
pubmedqa_wtt_batch_cache 7,target_gemma4_31b__aux_gemma4_e4b,29,28707539,Visceral adipose tissue area measurement at a single level: can it represent visceral adipose tissue volume?,yes,True,1,optimal_slice_location,other,The specific CT slice location where the strongest correlation was observed.,3 cm above the lower margin of L3,any slice,True,yes,"Yes, visceral adipose tissue (VAT) area measurement at a single level can represent VAT volume.",The study found that the strongest correlation between VAT area and VAT volume (r = 0.853) occurred in a slice 3 cm above the lower margin of L3.,yes,"Yes, visceral adipose tissue area measurement at a single level can represent visceral adipose tissue volume.","The study results indicate that the strongest correlations of VAT area with VAT volume were shown in any slice, with an r value of 0.853.",False,True,The optimal slice location for measuring VAT area was changed from a specific anatomical level (3 cm above the lower margin of L3) to any slice.,in a slice 3 cm above the lower margin of L3,in any slice,[]
pubmedqa_wtt_batch_cache 7,target_gemma4_31b__aux_gemma4_e4b,29,28707539,Visceral adipose tissue area measurement at a single level: can it represent visceral adipose tissue volume?,yes,True,2,comparison_metric,measured outcome,The type of measurement being compared (Area at a single level vs. Volume).,Area vs. Volume,Area vs. Area,True,yes,"Yes, visceral adipose tissue (VAT) area measurement at a single level can represent VAT volume.",The study found that the strongest correlation between VAT area and VAT volume (r = 0.853) occurred in a slice 3 cm above the lower margin of L3.,PARSE_ERROR,PARSE_ERROR,,True,True,The comparison metric for VAT changes from comparing VAT Area to VAT Volume (in both the Objective and Results sections) to comparing VAT Area to VAT Area.,VAT volume,VAT area,[]
pubmedqa_wtt_batch_cache 7,target_gemma4_31b__aux_gemma4_e4b,32,9645785,Is a mandatory general surgery rotation necessary in the surgical clerkship?,no,True,0,no_difference_in_scores,measured outcome,The finding that there were no statistically significant differences in scores between the group with and without the general surgery rotation.,no differences in scores on any parameter,significant differences were found in scores on key parameters,True,no,A mandatory general surgery rotation is not necessary to achieve surgical clerkship objectives.,"The study found no differences in scores between students who completed a general surgery rotation and those who did not, and no specific concerns were identified regarding the absence of the rotation.",maybe,It is unclear whether a mandatory general surgery rotation is necessary in the surgical clerkship.,"The study found significant differences in scores on key parameters, but also stated that no specific concerns were identified regarding the absence of general surgery.",True,True,The finding that there were no statistically significant differences in scores between the two groups was changed to a finding that significant differences were found in scores on key parameters.,no differences in scores between groups on any parameter,significant differences were found in scores on key parameters,[]
pubmedqa_wtt_batch_cache 7,target_gemma4_31b__aux_gemma4_e4b,32,9645785,Is a mandatory general surgery rotation necessary in the surgical clerkship?,no,True,1,number_of_students,numerical size,The total number of students included in the study.,54 students,10 students,False,no,A mandatory general surgery rotation is not necessary to achieve surgical clerkship objectives.,"The study found no differences in scores between students who completed a general surgery rotation and those who did not, and no specific concerns were identified regarding the absence of the rotation.",no,A mandatory general surgery rotation is not necessary to achieve surgical clerkship objectives.,"The study found no differences in scores between students who completed a general surgery rotation and those who did not, and no specific concerns were identified regarding the absence of the rotation.",False,True,The total number of students included in the study was changed from 54 to 10.,Data for 54 students,Data for 10 students,[]
pubmedqa_wtt_batch_cache 7,target_gemma4_31b__aux_gemma4_e4b,32,9645785,Is a mandatory general surgery rotation necessary in the surgical clerkship?,no,True,2,parameters_assessed,measured outcome,"The scope of the assessment, covering all measured objectives and parameters.",any parameter,only written examination scores,True,no,A mandatory general surgery rotation is not necessary to achieve surgical clerkship objectives.,"The study found no differences in scores between students who completed a general surgery rotation and those who did not, and no specific concerns were identified regarding the absence of the rotation.",no,A mandatory general surgery rotation is not necessary to achieve surgical clerkship objectives.,"The study found no differences in written examination scores between students who completed a general surgery rotation and those who did not, and no specific concerns were identified regarding the absence of the rotation.",False,True,"The assessment parameters were narrowed from multiple types of evaluations (OSCE, ward evaluations, etc.) to only written examination scores, and the results section was updated to reflect this limited scope.","Students chose any two surgical rotations and were assessed by written examination, objective structured clinical examination (OSCE), ward evaluations, self-assessment objectives questionnaire, and satisfaction survey.
Data for 54 students showed no differences in scores between groups on any parameter.","Students chose any two surgical rotations and were assessed by written examination scores.
Data for 54 students showed no differences in scores between groups based on written examination scores.",[]
pubmedqa_wtt_batch_cache 7,target_gemma4_31b__aux_gemma4_e4b,46,19504993,It's Fournier's gangrene still dangerous?,yes,True,0,mortality_rate,measured outcome,The overall risk of death associated with Fournier's gangrene.,remains high,is decreasing/low,True,yes,"Yes, Fournier's gangrene remains dangerous.","The abstract states that despite antibiotics and aggressive debridement, the mortality rate for Fournier's gangrene remains high.",yes,"Yes, Fournier's gangrene remains dangerous.",The abstract states that Fournier's gangrene has an impact on morbidity and reports that 5 out of 14 patients in the study died.,False,True,The background statement regarding the overall risk of death (mortality rate) associated with Fournier's gangrene was changed from 'remains high' to 'is decreasing/low'.,remains high,is decreasing/low,[]
pubmedqa_wtt_batch_cache 7,target_gemma4_31b__aux_gemma4_e4b,46,19504993,It's Fournier's gangrene still dangerous?,yes,True,1,treatment_availability,other,The current standard treatments available for Fournier's gangrene.,antibiotics and aggressive debridement,new advanced therapies are available,True,yes,"Yes, Fournier's gangrene remains dangerous.","The abstract states that despite antibiotics and aggressive debridement, the mortality rate for Fournier's gangrene remains high.",yes,"Yes, Fournier's gangrene remains dangerous.","The abstract states that despite the use of new advanced therapies, the mortality rate for Fournier's gangrene remains high.",False,True,The standard treatments mentioned in the background section were changed from 'antibiotics and aggressive debridement' to reflect the availability of 'new advanced therapies'.,antibiotics and aggressive debridement,the use of new advanced therapies,[]
pubmedqa_wtt_batch_cache 7,target_gemma4_31b__aux_gemma4_e4b,46,19504993,It's Fournier's gangrene still dangerous?,yes,True,2,patient_cohort_size,numerical size,The number of patients included in the study.,14 patients,140 patients,False,yes,"Yes, Fournier's gangrene remains dangerous.","The abstract states that despite antibiotics and aggressive debridement, the mortality rate for Fournier's gangrene remains high.",yes,"Yes, Fournier's gangrene remains dangerous.","The abstract states that despite antibiotics and aggressive debridement, the mortality rate remains high, noting that 50 out of 140 patients in the study died.",False,True,"The patient cohort size was increased from 14 to 140. To maintain internal consistency, the reported outcomes (deaths and survivors) were scaled proportionally from 5 deaths and 9 survivors to 50 deaths and 90 survivors.","14 patients... Of the 14 patients, 5 died and 9 survived.","140 patients... Of the 140 patients, 50 died and 90 survived.",[]
pubmedqa_wtt_batch_cache 7,target_gemma4_31b__aux_gemma4_e4b,54,25277731,Sternal fracture in growing children : A rare and often overlooked fracture?,maybe,True,0,rarity_of_fracture,other,The frequency or prevalence of sternal fractures in childhood.,rare,common,True,maybe,"Sternal fractures in childhood are rare, but the provided text does not specify if they are often overlooked.","The abstract explicitly states that 'Sternal fractures in childhood are rare,' but it contains no information regarding whether these fractures are frequently overlooked.",no,Sternal fractures in childhood are common.,The background section of the provided abstract explicitly states that sternal fractures in childhood are common.,True,True,"The background statement was changed to reflect that sternal fractures in childhood are common, rather than rare.",rare,common,[]
pubmedqa_wtt_batch_cache 7,target_gemma4_31b__aux_gemma4_e4b,54,25277731,Sternal fracture in growing children : A rare and often overlooked fracture?,maybe,True,1,overlooked_status,other,Whether sternal fractures are frequently missed or overlooked in clinical practice.,not specified,often overlooked,True,maybe,"Sternal fractures in childhood are rare, but the provided text does not specify if they are often overlooked.","The abstract explicitly states that 'Sternal fractures in childhood are rare,' but it contains no information regarding whether these fractures are frequently overlooked.",yes,Sternal fractures in childhood are rare and often overlooked.,The background section of the provided abstract explicitly states that 'Sternal fractures in childhood are rare and are often overlooked.',True,True,"The background section was modified to state that sternal fractures are often overlooked, changing the status from 'not specified' to 'often overlooked'.",Sternal fractures in childhood are rare.,Sternal fractures in childhood are rare and are often overlooked.,[]
pubmedqa_wtt_batch_cache 7,target_gemma4_31b__aux_gemma4_e4b,59,27491658,Can predilatation in transcatheter aortic valve implantation be omitted?,yes,True,0,statistical_significance,statistical significance,Whether or not the differences observed between the two groups (standard vs. omitted predilatation) are statistically significant.,No significant differences,Significant differences,True,yes,Predilatation can be omitted in transcatheter aortic valve replacement.,The study found no significant differences in early hemodynamic results or complication rates between the standard procedure and a protocol where balloon predilatation was omitted.,no,Balloon predilatation in transcatheter aortic valve implantation cannot be omitted.,The study aimed to determine if balloon predilatation is necessary and found significant differences between the standard procedure group and the group where predilatation was omitted regarding early hemodynamic results or complication rates.,True,True,The statistical finding regarding the comparison between the two groups was changed from 'no significant differences' to 'significant differences'.,There were no significant differences between the groups regarding early hemodynamic results or complication rates.,There were significant differences between the groups regarding early hemodynamic results or complication rates.,[]
pubmedqa_wtt_batch_cache 7,target_gemma4_31b__aux_gemma4_e4b,59,27491658,Can predilatation in transcatheter aortic valve implantation be omitted?,yes,True,1,complication_rates,measured outcome,The comparison of complication rates between the standard procedure group and the group where predilatation was omitted.,No significant differences,Significantly higher complication rates in the omitted group,True,yes,Predilatation can be omitted in transcatheter aortic valve replacement.,The study found no significant differences in early hemodynamic results or complication rates between the standard procedure and a protocol where balloon predilatation was omitted.,no,Predilatation should not be omitted in transcatheter aortic valve implantation.,"The study found that while early hemodynamic results were similar, complication rates were significantly higher in the group where balloon predilatation was omitted.",True,True,The finding regarding complication rates was changed from 'no significant differences' to 'significantly higher complication rates in the omitted group'.,There were no significant differences between the groups regarding early hemodynamic results or complication rates.,"There were no significant differences between the groups regarding early hemodynamic results, but the complication rates were significantly higher in the group where predilatation was omitted.",[]
pubmedqa_wtt_batch_cache 7,target_gemma4_31b__aux_gemma4_e4b,59,27491658,Can predilatation in transcatheter aortic valve implantation be omitted?,yes,True,2,early_hemodynamic_results,measured outcome,The comparison of early hemodynamic results between the standard procedure group and the group where predilatation was omitted.,No significant differences,Significantly worse hemodynamic results in the omitted group,True,yes,Predilatation can be omitted in transcatheter aortic valve replacement.,The study found no significant differences in early hemodynamic results or complication rates between the standard procedure and a protocol where balloon predilatation was omitted.,no,Predilatation should not be omitted because doing so leads to significantly worse hemodynamic results.,The study found that the group where balloon predilatation was omitted showed significantly worse hemodynamic results compared to the standard procedure group.,True,True,The finding regarding early hemodynamic results was changed from 'No significant differences' to 'Significantly worse hemodynamic results in the omitted group'.,There were no significant differences between the groups regarding early hemodynamic results or complication rates.,"The omitted group showed significantly worse hemodynamic results compared to the standard procedure group, although complication rates were comparable.",[]
pubmedqa_wtt_batch_cache 7,target_gemma4_31b__aux_gemma4_e4b,71,18049437,Is there any relationship between streptococcal infection and multiple sclerosis?,yes,True,0,adnase_b_level_difference,measured outcome,The comparison of ADNase B levels between MS patients and healthy controls.,Significantly higher in MS patients than controls (p<0.001),Similar in both groups,True,yes,"Yes, there is a relationship between streptococcal infection and multiple sclerosis.",The study found that ADNase B levels were significantly higher in patients with relapsing-remitting MS compared to healthy controls (p<0.001).,no,No relationship was found between streptococcal infection and multiple sclerosis in this study.,The study found that levels of antistreptolysin O (ASO) and antideoxyribonuclease B (ADNase B) were similar in both patients with relapsing-remitting MS and healthy controls.,True,True,The reported difference in ADNase B levels between MS patients and controls was changed from 'significantly higher' to 'similar in both groups'.,ADNase B levels in the patients with MS were found to be significantly higher than in the controls (p<0.001),ADNase B levels in the patients with MS were found to be similar to those in the controls,[]
pubmedqa_wtt_batch_cache 7,target_gemma4_31b__aux_gemma4_e4b,71,18049437,Is there any relationship between streptococcal infection and multiple sclerosis?,yes,True,1,aso_level_similarity,measured outcome,The comparison of ASO levels between MS patients and healthy controls.,Similar in both groups,Significantly higher in MS patients than controls,False,yes,"Yes, there is a relationship between streptococcal infection and multiple sclerosis.",The study found that ADNase B levels were significantly higher in patients with relapsing-remitting MS compared to healthy controls (p<0.001).,yes,"Yes, there is a relationship between streptococcal infection and multiple sclerosis.",The study found that both ADNase B and ASO levels were significantly higher in patients with relapsing-remitting MS compared to healthy controls.,False,True,The comparison of ASO levels was changed from being similar in both groups to being significantly higher in MS patients compared to controls.,ASO levels were similar in both groups.,ASO levels were significantly higher in MS patients than controls.,[]
pubmedqa_wtt_batch_cache 7,target_gemma4_31b__aux_gemma4_e4b,71,18049437,Is there any relationship between streptococcal infection and multiple sclerosis?,yes,True,2,ms_subtype,disease or condition,The specific subtype of Multiple Sclerosis studied in the patient group.,relapsing-remitting,primary progressive,False,yes,"Yes, there is a relationship between streptococcal infection and multiple sclerosis.",The study found that ADNase B levels were significantly higher in patients with relapsing-remitting MS compared to healthy controls (p<0.001).,yes,"Yes, there is a relationship between streptococcal infection and multiple sclerosis.",The study found that ADNase B levels were significantly higher in patients with primary progressive MS compared to healthy controls (p<0.001).,False,True,The specific subtype of Multiple Sclerosis studied in the patient group was changed from relapsing-remitting to primary progressive.,relapsing-remitting,primary progressive,[]
pubmedqa_wtt_batch_cache 7,target_gemma4_31b__aux_gemma4_e4b,86,11570976,Is it Crohn's disease?,maybe,False,0,primary_diagnosis,disease or condition,The established diagnosis for the patient's current severe symptoms.,severe systemic reaction to sulfasalazine,Crohn's disease,True,no,"No, the patient's condition is described as a severe systemic reaction to sulfasalazine.","The abstract states that the patient developed a severe systemic reaction to sulfasalazine characterized by granulomatous enteritis, and the MeSH terms list Crohn Disease as a differential diagnosis.",yes,"Yes, the patient was diagnosed with Crohn's disease.",The case presentation explicitly states that Crohn's disease was diagnosed in a 21-year old female.,True,True,The primary diagnosis in the case presentation was changed from 'severe systemic reaction to sulfasalazine' to 'Crohn's disease'. The sentence structure was minimally adjusted to maintain internal consistency while establishing the new diagnosis.,"A severe systemic reaction to sulfasalazine developed in a 21-year old female with rheumatoid arthritis characterized by eosinophilia, granulomatous enteritis and myelotoxicity, cholestatic hepatitis, and seizures.","Crohn's disease was diagnosed in a 21-year old female with rheumatoid arthritis, presenting with symptoms characterized by eosinophilia, granulomatous enteritis and myelotoxicity, cholestatic hepatitis, and seizures, following sulfasalazine exposure.",[]
pubmedqa_wtt_batch_cache 7,target_gemma4_31b__aux_gemma4_e4b,86,11570976,Is it Crohn's disease?,maybe,False,1,diagnostic_status_of_crohns_disease,disease or condition,The status of Crohn's disease relative to the patient's condition.,differential diagnosis,confirmed diagnosis,True,no,"No, the patient's condition is described as a severe systemic reaction to sulfasalazine.","The abstract states that the patient developed a severe systemic reaction to sulfasalazine characterized by granulomatous enteritis, and the MeSH terms list Crohn Disease as a differential diagnosis.",PARSE_ERROR,PARSE_ERROR,,True,True,The diagnostic status of Crohn's disease was changed from 'differential diagnosis' to 'confirmed diagnosis' in the MeSH terms.,"Diagnosis, Differential","Diagnosis, Confirmed",[]
pubmedqa_wtt_batch_cache 7,target_gemma4_31b__aux_gemma4_e4b,86,11570976,Is it Crohn's disease?,maybe,False,2,specific_enteritis_manifestation,measured outcome,The specific type of enteritis observed in the patient.,granulomatous enteritis,non-specific enteritis,True,no,"No, the patient's condition is described as a severe systemic reaction to sulfasalazine.","The abstract states that the patient developed a severe systemic reaction to sulfasalazine characterized by granulomatous enteritis, and the MeSH terms list Crohn Disease as a differential diagnosis.",no,"No, the patient has rheumatoid arthritis and the enteritis was part of a systemic reaction to sulfasalazine.",The abstract states the patient is a 21-year-old female with rheumatoid arthritis who experienced a severe systemic reaction to sulfasalazine characterized by non-specific enteritis; Crohn's disease is listed in the MeSH terms as a differential diagnosis.,False,True,The specific type of enteritis observed in the patient was changed from granulomatous enteritis to non-specific enteritis.,granulomatous enteritis,non-specific enteritis,[]
pubmedqa_wtt_batch_cache 7,target_gemma4_31b__aux_gemma4_e4b,95,23076787,Can increases in the cigarette tax rate be linked to cigarette retail prices?,no,True,0,excise_tax_increase,other,The specific increase in the excise tax rate on cigarettes.,2009 excise tax increase,"A different year's tax increase (e.g., 2015 tax increase)",True,no,Increases in the cigarette tax rate did not lead to higher retail prices in the case of China's 2009 excise tax increase.,The abstract states that the 2009 excise tax increase in China has not translated into higher retail prices because the Chinese STMA used its policy authority to ensure prices did not change.,no,Increases in the cigarette tax rate did not lead to higher retail prices in the studied case.,The abstract states that the 2015 excise tax increase on cigarettes in China has not translated into higher retail prices because the Chinese STMA ensured that retail prices did not change.,False,True,The year of the excise tax increase was changed from 2009 to 2015.,2009 excise tax increase,2015 excise tax increase,[]
pubmedqa_wtt_batch_cache 7,target_gemma4_31b__aux_gemma4_e4b,95,23076787,Can increases in the cigarette tax rate be linked to cigarette retail prices?,no,True,1,retail_price_change,measured outcome,Whether the retail price of cigarettes increased following the tax hike.,no increase in the retail price,increase in the retail price,True,no,Increases in the cigarette tax rate did not lead to higher retail prices in the case of China's 2009 excise tax increase.,The abstract states that the 2009 excise tax increase in China has not translated into higher retail prices because the Chinese STMA used its policy authority to ensure prices did not change.,yes,"Yes, increases in the cigarette tax rate can be linked to cigarette retail prices.",The abstract explicitly states that the 2009 excise tax increase on cigarettes in China translated into higher retail prices for consumers.,True,True,"The abstract was changed to reflect that the 2009 excise tax increase did result in an increase in the retail price of cigarettes, removing the original claim that the STMA prevented this price change.",The 2009 excise tax increase on cigarettes in China has not translated into higher retail prices because the Chinese STMA used its policy authority to ensure that retail cigarette prices did not change. [...] with no increase in the retail price of cigarettes for consumers.,The 2009 excise tax increase on cigarettes in China translated into higher retail prices. [...] with an increase in the retail price of cigarettes for consumers.,[]
pubmedqa_wtt_batch_cache 7,target_gemma4_31b__aux_gemma4_e4b,95,23076787,Can increases in the cigarette tax rate be linked to cigarette retail prices?,no,True,2,stma_policy_authority,other,The use of policy authority by the Chinese STMA to control pricing.,STMA used its policy authority,STMA did not use its policy authority,True,no,Increases in the cigarette tax rate did not lead to higher retail prices in the case of China's 2009 excise tax increase.,The abstract states that the 2009 excise tax increase in China has not translated into higher retail prices because the Chinese STMA used its policy authority to ensure prices did not change.,no,Increases in the cigarette tax rate did not lead to higher retail prices in the studied case.,"The abstract states that the 2009 excise tax increase on cigarettes in China has not translated into higher retail prices, and retail cigarette prices remained stable.",False,True,"The explanation for why retail prices did not increase was changed from the STMA actively using its policy authority to the STMA not using its policy authority, while maintaining the outcome (stable prices) by adjusting the surrounding phrasing.",because the Chinese STMA used its policy authority to ensure that retail cigarette prices did not change.,"even though the Chinese STMA did not use its policy authority, but retail cigarette prices remained stable.",[]
pubmedqa_wtt_batch_cache 7,target_gemma4_31b__aux_gemma4_e4b,118,19106867,"The Main Gate Syndrome: a new format in mass-casualty victim ""surge"" management?",yes,False,0,main_gate_syndrome,disease or condition,The specific syndrome or condition being questioned in the prompt.,Not mentioned in the context,Defined or discussed in the context,True,maybe,The provided text does not mention 'Main Gate Syndrome'.,"The abstract describes the triage and surgical management of casualties from suicide bombings in Afghanistan, but it does not explicitly mention or define the term 'Main Gate Syndrome'.",yes,"The text identifies the massive simultaneous arrival of gravely wounded patients, often presenting with Main Gate Syndrome, as a novel problem for Trauma Centers.","The abstract explicitly states that recent suicide bombings pose a 'novel problem' characterized by the 'massive simultaneous arrival of many gravely wounded patients, often presenting with Main Gate Syndrome.'",True,True,"The concept of Main Gate Syndrome was introduced into the Introduction section, linking it to the problem of mass casualty trauma.",Recent suicide bombings pose the novel problem for Trauma Centers of the massive simultaneous arrival of many gravely wounded patients.,"Recent suicide bombings pose the novel problem for Trauma Centers of the massive simultaneous arrival of many gravely wounded patients, often presenting with Main Gate Syndrome.",[]
pubmedqa_wtt_batch_cache 7,target_gemma4_31b__aux_gemma4_e4b,124,18540901,Transient tachypnea of the newborn (TTN): a role for polymorphisms in the beta-adrenergic receptor (ADRB) encoding genes?,yes,True,0,beta1ser49gly_polymorphism_risk,statistical significance,"The association between the beta1Ser49Gly polymorphism and increased risk for TTN, specifically regarding beta1Gly49 homozygotes.",beta1Gly49 homozygotes have higher risk for TTN (OR 18.5; p = 0.023).,No significant difference in risk was found between beta1Gly49 homozygotes and TTN status (p > 0.05).,True,yes,Polymorphisms in beta-adrenergic receptor encoding genes are associated with transient tachypnea of the newborn (TTN).,"The study found that the beta1Ser49Gly polymorphism differed significantly between cases and controls, with beta1Gly49 homozygotes having a higher risk for TTN, and identified a significant association between a specific haplotype in the ADRB2 gene and TTN.",yes,Polymorphisms in the beta-adrenergic receptor encoding genes are associated with transient tachypnea of the newborn (TTN).,The abstract states that the beta1Ser49Gly polymorphism differed significantly between cases and controls and that a specific haplotype (TACC) in the ADRB2 gene showed a significant association with TTN (p = 0.048).,False,True,The statistical finding regarding the association between beta1Gly49 homozygotes and TTN was changed from a significant positive association (OR 18.5; p = 0.023) to a null finding (p > 0.05).,Multivariate analysis provided beta1Gly49 homozygotes with higher risk for TTN (OR 18.5; 95%CI 1.5-229; p = 0.023) than beta1Ser49 allele carrier.,Multivariate analysis showed no significant difference in risk between beta1Gly49 homozygotes and TTN status (p > 0.05) compared to beta1Ser49 allele carrier.,[]
pubmedqa_wtt_batch_cache 7,target_gemma4_31b__aux_gemma4_e4b,124,18540901,Transient tachypnea of the newborn (TTN): a role for polymorphisms in the beta-adrenergic receptor (ADRB) encoding genes?,yes,True,1,adrb2_haplotype_association,statistical significance,"The association between the T-47C, A46G, C79G and C491T (TACC) haplotype in the ADRB2 gene and TTN.",Significant association found (p = 0.048).,No significant association was found between the TACC haplotype and TTN (p > 0.05).,True,yes,Polymorphisms in beta-adrenergic receptor encoding genes are associated with transient tachypnea of the newborn (TTN).,"The study found that the beta1Ser49Gly polymorphism differed significantly between cases and controls, with beta1Gly49 homozygotes having a higher risk for TTN, and identified a significant association between a specific haplotype in the ADRB2 gene and TTN.",yes,"Yes, polymorphisms in the beta-adrenergic receptor encoding genes, specifically the beta1Ser49Gly polymorphism, play a role in TTN.","The abstract states that the beta1Ser49Gly polymorphism differed significantly between cases and controls, and beta1Gly49 homozygotes had a higher risk for TTN (OR 18.5; p = 0.023).",False,True,The statistical finding regarding the TACC haplotype association with TTN was reversed from significant (p=0.048) to non-significant (p>0.05).,"Further analysis showed significant association of T-47C, A46G, C79G and C491T (TACC) haplotype in ADRB2 gene with TTN (p = 0.048).",Further analysis showed no significant association between the TACC haplotype in ADRB2 gene and TTN (p > 0.05).,[]
pubmedqa_wtt_batch_cache 7,target_gemma4_31b__aux_gemma4_e4b,135,12836106,Does the leukocyte count correlate with the severity of injury?,yes,True,0,correlation_with_severity_scores,measured outcome,"The statistical finding that WBC count correlates with established trauma severity indices (ISS, GCS, RTS).",Positive correlation with ISS; negative correlation with GCS and RTS.,No significant correlation with any severity score.,True,yes,"Yes, the leukocyte count correlates with the severity of injury.",The results state that white blood cell (WBC) count correlated positively with the Injury Severity Score (ISS) and negatively with the Glasgow Coma Score (GCS) and Revised Trauma Score (RTS).,no,The leukocyte count does not correlate with the severity of injury.,The study's results explicitly state that statistical analysis revealed the white blood cell (WBC) count showed no significant correlation with any severity score.,True,True,The correlation findings between WBC count and trauma severity scores were changed from a positive correlation with ISS and negative correlation with GCS/RTS to no significant correlation with any score.,"Statistical analysis revealed that WBC was correlated positively with ISS, but negatively with GCS and RTS.",Statistical analysis revealed that WBC showed no significant correlation with any severity score.,[]
pubmedqa_wtt_batch_cache 7,target_gemma4_31b__aux_gemma4_e4b,135,12836106,Does the leukocyte count correlate with the severity of injury?,yes,True,1,trauma_type,disease or condition,The specific type of trauma studied in the patient cohort.,Blunt trauma.,Penetrating trauma.,False,yes,"Yes, the leukocyte count correlates with the severity of injury.",The results state that white blood cell (WBC) count correlated positively with the Injury Severity Score (ISS) and negatively with the Glasgow Coma Score (GCS) and Revised Trauma Score (RTS).,yes,"Yes, the leukocyte count correlates with the severity of injury.","The study results indicate that white blood cell (WBC) count correlated positively with the Injury Severity Score (ISS) and negatively with the Glasgow Coma Score (GCS) and Revised Trauma Score (RTS), which are methods used to evaluate injury severity.",False,True,The trauma type studied was changed from 'Blunt trauma' to 'Penetrating trauma' throughout the abstract context (Background and Methods sections).,blunt trauma,penetrating trauma,[]
pubmedqa_wtt_batch_cache 7,target_gemma4_31b__aux_gemma4_e4b,135,12836106,Does the leukocyte count correlate with the severity of injury?,yes,True,2,measurement_time_point,measured outcome,The time point at which the WBC count was measured relative to the injury.,At presentation.,At discharge.,False,yes,"Yes, the leukocyte count correlates with the severity of injury.",The results state that white blood cell (WBC) count correlated positively with the Injury Severity Score (ISS) and negatively with the Glasgow Coma Score (GCS) and Revised Trauma Score (RTS).,yes,The leukocyte count correlates with the severity of injury.,The study results indicate that the white blood cell count (WBC) correlated positively with the Injury Severity Score (ISS) and negatively with the Glasgow Coma Score (GCS) and Revised Trauma Score (RTS).,False,True,The measurement time point for the WBC count was changed from 'at presentation' to 'at discharge' in both the BACKGROUND and METHODS sections.,at presentation,at discharge,[]
pubmedqa_wtt_batch_cache 7,target_gemma4_31b__aux_gemma4_e4b,141,22497340,Is horizontal semicircular canal ocular reflex influenced by otolith organs input?,yes,True,0,symmetry_of_nystagmus,measured outcome,Whether the measured nystagmus is symmetric across different head positions.,Not symmetric (asymmetric),Symmetric,True,yes,"Yes, the horizontal semicircular canal ocular reflex is influenced by otolith organs input.","The results showed that the axis of eyeball rotation was affected by the shift of the direction of gravity exerted on the head, as evidenced by asymmetric nystagmus in different head positions.",no,The horizontal semicircular canal ocular reflex is not influenced by otolith organs input.,The study results indicate that the axis of eyeball rotation was not affected by the shift of the direction of gravity exerted on the head.,True,True,The measured outcome regarding nystagmus symmetry was changed from 'Not symmetric' to 'Symmetric.' This required changing the interpretation sentence in the results section to reflect that the axis of eyeball rotation was not affected by gravity shift.,Eye movements in the supine position and the prone position were not in a symmetric fashion. Nystagmus in the left-ear-down position and the right-ear-down position were not symmetric either. These phenomena indicate that the axis of the eyeball rotation was affected by the shift of the direction of gravity exerted on the head.,Eye movements in the supine position and the prone position were in a symmetric fashion. Nystagmus in the left-ear-down position and the right-ear-down position were symmetric either. These phenomena indicate that the axis of the eyeball rotation was not affected by the shift of the direction of gravity exerted on the head.,[]
pubmedqa_wtt_batch_cache 7,target_gemma4_31b__aux_gemma4_e4b,141,22497340,Is horizontal semicircular canal ocular reflex influenced by otolith organs input?,yes,True,1,influence_of_gravity_shift,other,Whether the axis of eyeball rotation is affected by the shift in the direction of gravity exerted on the head.,Affected by the shift of the direction of gravity,Not affected by the shift of the direction of gravity,True,yes,"Yes, the horizontal semicircular canal ocular reflex is influenced by otolith organs input.","The results showed that the axis of eyeball rotation was affected by the shift of the direction of gravity exerted on the head, as evidenced by asymmetric nystagmus in different head positions.",no,The horizontal semicircular canal ocular reflex is not influenced by otolith organs input.,The study results indicate that the axis of eyeball rotation was not affected by the shift of the direction of gravity exerted on the head.,True,True,The conclusion regarding the influence of gravity shift was reversed from 'affected' to 'not affected'.,affected by the shift of the direction of gravity,not affected by the shift of the direction of gravity,[]
pubmedqa_wtt_batch_cache 7,target_gemma4_31b__aux_gemma4_e4b,143,8566975,Serovar specific immunity to Neisseria gonorrhoeae: does it exist?,no,True,0,statistical_significance,statistical significance,Whether the observed difference in serovar prevalence between the two groups was statistically significant.,No significant difference,Significant difference,True,no,Serovar specific immunity to Neisseria gonorrhoeae does not appear to exist.,The study found no significant difference in the prevalence of serovars isolated following a repeat infection compared with those without repeat infections.,yes,Serovar specific immunity to Neisseria gonorrhoeae exists.,"The study found a significant difference in the prevalence of serovars isolated in repeat infections compared to those without repeat infections, indicating limited serovar specific protection.",True,True,The statistical finding regarding serovar prevalence differences between repeat and non-repeat infections was changed from 'No significant difference' to 'A significant difference'.,No significant difference was seen,A significant difference was seen,[]
pubmedqa_wtt_batch_cache 7,target_gemma4_31b__aux_gemma4_e4b,143,8566975,Serovar specific immunity to Neisseria gonorrhoeae: does it exist?,no,True,1,comparison_group_status,comparison group,The comparison made between serovars isolated following repeat infections versus those without repeat infections.,Comparing serovars following repeat infection vs. those without repeat infections,Comparing serovars across all infections regardless of recurrence status,True,no,Serovar specific immunity to Neisseria gonorrhoeae does not appear to exist.,The study found no significant difference in the prevalence of serovars isolated following a repeat infection compared with those without repeat infections.,no,There is no evidence of serovar-specific immunity to Neisseria gonorrhoeae based on the provided study.,"The results showed no significant difference in the prevalence of serovars isolated across all infections regardless of recurrence status, and the initial infection site did not influence the subsequent serovar isolated.",False,True,The comparison group status was changed from a binary comparison (repeat vs. non-repeat) to an analysis across all infections regardless of recurrence status.,No significant difference was seen in the prevalence of serovars isolated following a repeat infection compared with those without repeat infections.,No significant difference was seen in the prevalence of serovars isolated across all infections regardless of recurrence status.,[]
pubmedqa_wtt_batch_cache 7,target_gemma4_31b__aux_gemma4_e4b,157,18243752,Should chest wall irradiation be included after mastectomy and negative node breast cancer?,maybe,True,0,treatment_protocol,comparison group,"The specific radiotherapy protocol used in the study, which was limited to the internal mammary chain.",internal mammary chain only,internal mammary chain plus chest wall irradiation,True,maybe,The provided text does not explicitly state whether chest wall irradiation should be included.,"The study found that in patients treated with internal mammary chain irradiation only, local recurrences occurred at the operative scar and chest wall, but it does not provide a definitive recommendation on whether to include chest wall irradiation.",maybe,The provided text does not explicitly state whether chest wall irradiation should be included.,"The abstract reports a 5% local recurrence rate in node-negative breast cancer patients who received chest wall and internal mammary chain irradiation, but it does not provide a recommendation or a comparison to a group that did not receive the treatment.",False,True,The treatment protocol was updated in both the PURPOSE section (from 'internal mammary chain only' to 'internal mammary chain plus chest wall irradiation') and the PATIENTS AND METHODS section (from 'external irradiation of the internal mammary chain' to 'external irradiation of the internal mammary chain plus chest wall').,internal mammary chain only,internal mammary chain plus chest wall irradiation,[]
pubmedqa_wtt_batch_cache 7,target_gemma4_31b__aux_gemma4_e4b,157,18243752,Should chest wall irradiation be included after mastectomy and negative node breast cancer?,maybe,True,1,recurrence_site,measured outcome,The anatomical location where local recurrences were observed.,operative scare and chest wall,operative scare only,True,maybe,The provided text does not explicitly state whether chest wall irradiation should be included.,"The study found that in patients treated with internal mammary chain irradiation only, local recurrences occurred at the operative scar and chest wall, but it does not provide a definitive recommendation on whether to include chest wall irradiation.",maybe,The provided text does not specify whether chest wall irradiation should be included.,"The abstract evaluates the outcomes of post-mastectomy radiotherapy to the internal mammary chain only, but it does not provide a recommendation or conclusion on whether chest wall irradiation should be included.",False,True,The recurrence site was changed from 'operative scare and chest wall' to 'operative scare only'.,Recurrence sites were the operative scare and chest wall.,Recurrence sites were the operative scare only.,[]
pubmedqa_wtt_batch_cache 7,target_gemma4_31b__aux_gemma4_e4b,157,18243752,Should chest wall irradiation be included after mastectomy and negative node breast cancer?,maybe,True,2,statistical_significance,statistical significance,"The statistical strength of the association between risk factors (age, tumor size) and local failure.",without statistical significance,statistically significant,False,maybe,The provided text does not explicitly state whether chest wall irradiation should be included.,"The study found that in patients treated with internal mammary chain irradiation only, local recurrences occurred at the operative scar and chest wall, but it does not provide a definitive recommendation on whether to include chest wall irradiation.",PARSE_ERROR,PARSE_ERROR,,False,True,"The statistical finding regarding risk factors (age and tumor size) was changed from 'without statistical significance' to 'and were statistically significant', requiring a minimal grammatical adjustment to maintain sentence flow and consistency.",without statistical significance,and were statistically significant,[]
pubmedqa_wtt_batch_cache 7,target_gemma4_31b__aux_gemma4_e4b,186,22211919,"Actinobaculum schaalii, a cause of urinary tract infections in children?",maybe,False,0,association_with_uti,disease or condition,Whether the presence of A. schaalii is associated with a urinary tract infection.,Yes (found in children with UTI),No (found in children without UTI),True,yes,Actinobaculum schaalii was found in children with urinary tract infections.,The results state that A. schaalii was found in two children who had a urinary tract infection and large numbers of leucocytes in the urine.,PARSE_ERROR,PARSE_ERROR,"```json
{
  ""answer_label"": ""maybe"",
  ""answer"": ""It is unclear from the provided text whether Actinobaculum schaalii is a cause of urinary tract infections in children."",
  ""explanation"": ""The text",True,True,The finding was changed from associating A. schaalii with children who have a UTI (Yes) to associating A. schaalii with children who do not have a UTI (No). This required changing the condition (UTI) and adjusting the associated finding (leucocytes) for internal consistency.,in two children with a urinary tract infection and large numbers of leucocytes in the urine.,in two children without a urinary tract infection and normal numbers of leucocytes in the urine.,[]
pubmedqa_wtt_batch_cache 7,target_gemma4_31b__aux_gemma4_e4b,186,22211919,"Actinobaculum schaalii, a cause of urinary tract infections in children?",maybe,False,1,population_group,comparison group,The age group of the children where A. schaalii was found.,Children,Adults,True,yes,Actinobaculum schaalii was found in children with urinary tract infections.,The results state that A. schaalii was found in two children who had a urinary tract infection and large numbers of leucocytes in the urine.,maybe,The provided text does not mention whether Actinobaculum schaalii causes urinary tract infections in children.,"The abstract reports that A. schaalii was found in adults with urinary tract infections, but it contains no information regarding children.",True,True,The population group where A. schaalii was found was changed from children to adults.,two children,two adults,[]
pubmedqa_wtt_batch_cache 7,target_gemma4_31b__aux_gemma4_e4b,186,22211919,"Actinobaculum schaalii, a cause of urinary tract infections in children?",maybe,False,2,quantitative_load,numerical size,The concentration of A. schaalii found in the urine of the affected children.,≥ 10(6) CFU/mL,Low or undetectable (< 10(3) CFU/mL),False,yes,Actinobaculum schaalii was found in children with urinary tract infections.,The results state that A. schaalii was found in two children who had a urinary tract infection and large numbers of leucocytes in the urine.,yes,Actinobaculum schaalii was found in children with urinary tract infections.,The results section explicitly mentions that A. schaalii was found in two children with a urinary tract infection and large numbers of leucocytes in the urine.,False,True,The quantitative load of A. schaalii found in the urine of affected children was changed from a high concentration (≥ 10(6) CFU/mL) to a low or undetectable concentration (< 10(3) CFU/mL).,≥ 10(6) CFU/mL,low or undetectable (< 10(3) CFU/mL),[]
pubmedqa_wtt_batch_cache 7,target_gemma4_31b__aux_gemma4_e4b,192,17444776,Is the holmium:YAG laser the best intracorporeal lithotripter for the ureter?,yes,False,0,comparison_group,comparison group,The type of lithotripter used for comparison against holmium:YAG laser.,None (The study only reports on holmium:YAG).,"Other lithotripters (e.g., pneumatic lithotripsy, other laser types).",True,maybe,The provided text does not state whether the holmium:YAG laser is the best intracorporeal lithotripter.,"While the abstract reports high success rates and safety for the holmium:YAG laser, it does not compare it to other intracorporeal lithotripters to determine if it is the best.",maybe,The provided text does not state whether the holmium:YAG laser is the best intracorporeal lithotripter.,"While the abstract reports high success rates and safety for holmium:YAG laser lithotripsy, it does not provide a comparative analysis to determine if it is the 'best' among available options.",False,True,"The study scope was expanded from focusing solely on holmium:YAG laser lithotripsy to include a comparison with other lithotripsy methods, specifically pneumatic lithotripsy.",and holmium:YAG laser lithotripsy,"and various lithotripsy methods, including holmium:YAG laser and pneumatic lithotripsy",[]
pubmedqa_wtt_batch_cache 7,target_gemma4_31b__aux_gemma4_e4b,192,17444776,Is the holmium:YAG laser the best intracorporeal lithotripter for the ureter?,yes,False,1,measured_outcome,measured outcome,The success rate of the lithotripsy procedure at 3 months.,96.7%,60%,True,maybe,The provided text does not state whether the holmium:YAG laser is the best intracorporeal lithotripter.,"While the abstract reports high success rates and safety for the holmium:YAG laser, it does not compare it to other intracorporeal lithotripters to determine if it is the best.",maybe,The provided text does not state whether the holmium:YAG laser is the best intracorporeal lithotripter.,The abstract reports the efficiency and safety of holmium:YAG laser lithotripsy but does not provide a comparison with other intracorporeal lithotripters to determine if it is the best.,False,True,The success rate at 3 months was changed from 96.7% to 60%.,96.7% at 3 months,60% at 3 months,[]
pubmedqa_wtt_batch_cache 7,target_gemma4_31b__aux_gemma4_e4b,192,17444776,Is the holmium:YAG laser the best intracorporeal lithotripter for the ureter?,yes,False,2,study_design,study design,"The type of study conducted, which determines the strength of the conclusion.",Retrospective (Single-center report).,Randomized controlled trial (RCT) comparing multiple devices.,False,maybe,The provided text does not state whether the holmium:YAG laser is the best intracorporeal lithotripter.,"While the abstract reports high success rates and safety for the holmium:YAG laser, it does not compare it to other intracorporeal lithotripters to determine if it is the best.",maybe,The provided text does not state whether the holmium:YAG laser is the best intracorporeal lithotripter.,"Although the abstract mentions a randomized controlled trial comparing multiple devices and reports high success rates for the holmium:YAG laser, it does not provide the results for the other devices or a comparative conclusion to determine if it is the best.",False,True,"The study design was changed from a retrospective, single-center report to a randomized controlled trial (RCT) comparing multiple devices. The date range was removed to maintain consistency with the RCT format.",A series of 188 patients with 208 ureteral stones were treated with semirigid ureteroscopy and holmium:YAG laser lithotripsy from January 2003 to December 2005.,"In a randomized controlled trial (RCT) comparing multiple devices, 188 patients with 208 ureteral stones were treated with semirigid ureteroscopy and holmium:YAG laser lithotripsy.",[]
pubmedqa_wtt_batch_cache 7,target_gemma4_31b__aux_gemma4_e4b,197,2224269,Should general practitioners call patients by their first names?,yes,True,0,dislike_count,numerical size,The number of patients who disliked being called by their first names.,77,250,True,yes,Most patients liked or did not mind being called by their first names.,"The results indicate that 223 patients liked and 175 did not mind being called by their first names, while only 77 patients disliked it.",maybe,Whether general practitioners should call patients by their first names depends on the individual patient's preference.,"The results indicate that while most patients liked or did not mind being called by their first names, 250 patients disliked it, especially those aged over 65.",True,True,The number of patients who disliked being called by their first names was changed from 77 to 250.,"Only 77 disliked it, most of whom were aged over 65.","Only 250 disliked it, most of whom were aged over 65.",[]
pubmedqa_wtt_batch_cache 7,target_gemma4_31b__aux_gemma4_e4b,197,2224269,Should general practitioners call patients by their first names?,yes,True,1,positive_acceptance_count,numerical size,The total number of patients who either liked or did not mind being called by their first names (223 + 175).,398,150,True,yes,Most patients liked or did not mind being called by their first names.,"The results indicate that 223 patients liked and 175 did not mind being called by their first names, while only 77 patients disliked it.",PARSE_ERROR,PARSE_ERROR,,True,True,The total number of patients who liked or did not mind being called by their first names was changed from 398 (223 + 175) to 150 (80 + 70).,liked (223) or did not mind (175),liked (80) or did not mind (70),[]
pubmedqa_wtt_batch_cache 7,target_gemma4_31b__aux_gemma4_e4b,197,2224269,Should general practitioners call patients by their first names?,yes,True,2,age_group_of_dislikers,disease or condition,The age group of the patients who disliked being called by their first names.,over 65,under 30,False,yes,Most patients liked or did not mind being called by their first names.,"The results indicate that 223 patients liked and 175 did not mind being called by their first names, while only 77 patients disliked it.",yes,Most patients liked or did not mind being called by their first names.,"According to the results, 223 patients liked and 175 did not mind being called by their first names, while only 77 patients disliked it.",False,True,The age group of patients who disliked being called by their first names was changed from 'over 65' to 'under 30'.,most of whom were aged over 65,most of whom were aged under 30,[]
pubmedqa_wtt_batch_cache 7,target_gemma4_31b__aux_gemma4_e4b,215,21214884,Can 'high-risk' human papillomaviruses (HPVs) be detected in human breast milk?,no,True,0,detection_result,measured outcome,Whether high-risk HPV DNA was detected in the tested specimens.,No detection,Detection was observed,True,no,"No, 'high-risk' human papillomaviruses were not detected in the human breast milk specimens studied.","The results state that in the 32 studied human milk specimens, no 'high-risk' HPV DNA (specifically types 16, 18, 31, 33, 35, 39, 45, 51, 52, 56, 58) was detected.",yes,"Yes, 'high-risk' human papillomaviruses (HPVs) can be detected in human breast milk.","The results section explicitly states that 'high-risk' HPV 16, 18, 31, 33, 35, 39, 45, 51, 52, 56, 58 or 58 DNA was detected in the studied human milk specimens.",True,True,Changed the detection result from 'No detection' to 'Detection was observed'.,"no 'high-risk' HPV 16, 18, 31, 33, 35, 39, 45, 51, 52, 56, 58 or 58 DNA was detected.","'high-risk' HPV 16, 18, 31, 33, 35, 39, 45, 51, 52, 56, 58 or 58 DNA was detected.",[]
pubmedqa_wtt_batch_cache 7,target_gemma4_31b__aux_gemma4_e4b,215,21214884,Can 'high-risk' human papillomaviruses (HPVs) be detected in human breast milk?,no,True,1,high_risk_hpv_types,other,The specific panel of high-risk HPV types tested for detection.,"16, 18, 31, 33, 35, 39, 45, 51, 52, 56, 58",All known HPV types,True,no,"No, 'high-risk' human papillomaviruses were not detected in the human breast milk specimens studied.","The results state that in the 32 studied human milk specimens, no 'high-risk' HPV DNA (specifically types 16, 18, 31, 33, 35, 39, 45, 51, 52, 56, 58) was detected.",no,High-risk human papillomaviruses were not detected in human breast milk.,"The study results state that no HPV types, including all known HPV types, were detected in the 32 human milk specimens analyzed.",False,True,The specific panel of high-risk HPV types tested for detection was expanded to include all known HPV types.,"no 'high-risk' HPV 16, 18, 31, 33, 35, 39, 45, 51, 52, 56, 58 or 58 DNA was detected.",no HPV types (including all known HPV types) were detected.,[]
pubmedqa_wtt_batch_cache 7,target_gemma4_31b__aux_gemma4_e4b,215,21214884,Can 'high-risk' human papillomaviruses (HPVs) be detected in human breast milk?,no,True,2,milk_specimen_type,other,The biological source and type of milk specimen analyzed.,Human breast milk,Colostrum or formula,True,no,"No, 'high-risk' human papillomaviruses were not detected in the human breast milk specimens studied.","The results state that in the 32 studied human milk specimens, no 'high-risk' HPV DNA (specifically types 16, 18, 31, 33, 35, 39, 45, 51, 52, 56, 58) was detected.",no,No 'high-risk' HPV DNA was detected in the studied specimens of colostrum or formula.,"The results section explicitly states that of the 32 studied specimens, no 'high-risk' HPV 16, 18, 31, 33, 35, 39, 45, 51, 52, 56, 58 or 58 DNA was detected.",False,True,The specimen type analyzed was changed from 'Human breast milk' to 'Colostrum or formula' in the Methods section. The corresponding reference in the Results section ('human milk specimens' changed to 'specimens') was minimally adjusted for consistency.,human breast milk,Colostrum or formula,[]
pubmedqa_wtt_batch_cache 7,target_gpt_oss_20b__aux_gemma4_e4b,8,17113061,Do mutations causing low HDL-C promote increased carotid intima-media thickness?,no,True,0,cimt_difference,measured outcome,The difference in carotid intima-media thickness (cIMT) between the mutation carrier group and the control group.,Nearly identical (0.66 cm vs 0.65 cm),"Significantly higher in mutation carriers (e.g., 0.80 cm vs 0.65 cm)",True,no,"No, these mutations do not increase carotid intima‑media thickness.",The study found cIMT values nearly identical in mutation carriers (0.66 cm) and controls (0.65 cm) despite markedly lower HDL levels.,yes,"Yes, genetic mutations that lower HDL-C are associated with increased carotid intima-media thickness.","The study found that carriers of LCAT, ABCA1, and APOA1 mutations had significantly higher cIMT (0.80 cm) compared to controls (0.65 cm) despite lower HDL levels.",True,True,The difference in cIMT was changed from being nearly identical to being significantly higher in mutation carriers.,cIMT was nearly identical between cases (0.66+/-0.17 cm) and controls (0.65+/-0.18 cm),cIMT was significantly higher in cases (0.80+/-0.17 cm) compared to controls (0.65+/-0.18 cm),[]
pubmedqa_wtt_batch_cache 7,target_gpt_oss_20b__aux_gemma4_e4b,8,17113061,Do mutations causing low HDL-C promote increased carotid intima-media thickness?,no,True,1,hdl_level_difference,measured outcome,The difference in HDL cholesterol levels between the mutation carrier group and the control group.,Significantly lower in carriers (0.67 vs 1.58 mmol/l),"Similar between groups (e.g., 1.0 vs 1.2 mmol/l)",True,no,"No, these mutations do not increase carotid intima‑media thickness.",The study found cIMT values nearly identical in mutation carriers (0.66 cm) and controls (0.65 cm) despite markedly lower HDL levels.,no,"No, these mutations do not increase carotid intima‑media thickness.","The study found cIMT values nearly identical between mutation carriers and controls (0.66 ± 0.17 cm vs 0.65 ± 0.18 cm), indicating no increase in thickness despite low HDL levels.",False,True,"The description of the HDL-C difference was changed from 'significantly lower in carriers' to 'similar between groups', updating the specific values to reflect this similarity.",despite significantly lower HDL cholesterol (0.67 vs. 1.58 mmol/l),"despite similar HDL cholesterol (e.g., 1.0 vs 1.2 mmol/l)",[]
pubmedqa_wtt_batch_cache 7,target_gpt_oss_20b__aux_gemma4_e4b,8,17113061,Do mutations causing low HDL-C promote increased carotid intima-media thickness?,no,True,2,study_design,study design,The type and ratio of the study comparing mutation carriers to controls.,1:2 case-control study,Cross-sectional study,False,no,"No, these mutations do not increase carotid intima‑media thickness.",The study found cIMT values nearly identical in mutation carriers (0.66 cm) and controls (0.65 cm) despite markedly lower HDL levels.,no,"No, these mutations do not increase carotid intima‑media thickness.",The study found cIMT values nearly identical in mutation carriers (0.66 cm) and controls (0.65 cm) despite markedly lower HDL levels.,False,True,The study design was changed from a 1:2 case-control study to a cross-sectional study.,In a 1:2 case-control study,In a cross-sectional study,[]
pubmedqa_wtt_batch_cache 7,target_gpt_oss_20b__aux_gemma4_e4b,17,17096624,Do patterns of knowledge and attitudes exist among unvaccinated seniors?,yes,True,0,number_of_clusters,other,The number of distinct groups identified based on knowledge and attitudes.,4,1,True,yes,"Yes, distinct patterns of knowledge and attitudes were identified among unvaccinated seniors.","The study clustered unvaccinated seniors into four groups—Potentials, Fearful Uninformeds, Doubters, and Misinformeds—demonstrating clear patterns in their knowledge and attitudes toward influenza vaccination.",yes,"Yes, distinct patterns of knowledge and attitudes were identified among unvaccinated seniors.","The study clustered unvaccinated seniors and found varied beliefs—45% believed the vaccine prevents disease, 9% and 27% were unsure, and 19% believed it causes illness—demonstrating clear patterns.",False,True,"The number of identified clusters was changed from 4 to 1. The detailed descriptions of the four distinct clusters and the subsequent comparative sentence were rewritten to describe a single, unified population group while retaining the original percentages and core descriptive facts.",Identified 4 clusters: Potentials (45%) would receive influenza vaccine to prevent disease; Fearful Uninformeds (9%) were unsure if influenza vaccine causes illness; Doubters (27%) were unsure if vaccine is efficacious; Misinformeds (19%) believed influenza vaccine causes illness. More Potentials (75%) and Misinformeds (70%) ever received influenza vaccine than did Fearful Uninformeds (18%) and Doubters (29%).,"Identified 1 cluster: The population exhibited varied knowledge and attitudes, with some believing the vaccine prevents disease (45%), others being unsure (9% and 27%), and some believing it causes illness (19%).",[]
pubmedqa_wtt_batch_cache 7,target_gpt_oss_20b__aux_gemma4_e4b,17,17096624,Do patterns of knowledge and attitudes exist among unvaccinated seniors?,yes,True,1,vaccination_status,comparison group,The vaccination status of the seniors studied.,unvaccinated,vaccinated,True,yes,"Yes, distinct patterns of knowledge and attitudes were identified among unvaccinated seniors.","The study clustered unvaccinated seniors into four groups—Potentials, Fearful Uninformeds, Doubters, and Misinformeds—demonstrating clear patterns in their knowledge and attitudes toward influenza vaccination.",maybe,The abstract does not provide data on unvaccinated seniors.,"The study surveyed and clustered only vaccinated Medicare beneficiaries, so it does not address patterns among those who were not vaccinated.",True,True,The study population was changed from unvaccinated seniors to vaccinated seniors.,unvaccinated,vaccinated,[]
pubmedqa_wtt_batch_cache 7,target_gpt_oss_20b__aux_gemma4_e4b,29,28707539,Visceral adipose tissue area measurement at a single level: can it represent visceral adipose tissue volume?,yes,True,0,correlation_coefficient,statistical significance,The strength of the correlation (r value) found between VAT area and VAT volume.,0.853,0.3,True,yes,"Yes, a single‑level VAT area can represent VAT volume.","The study found a strong correlation (r = 0.853) between VAT area measured at a single slice 3 cm above the lower margin of L3 and the overall VAT volume, indicating that this single‑level measurement can reliably reflect total visceral adipose tissue volume.",maybe,"A single‑slice VAT area may reflect volume changes, but the correlation is modest.","The study found the strongest correlation between VAT area and VAT volume at a slice 3 cm above L3, with an r value of only 0.3, indicating a weak relationship.",True,True,The correlation coefficient (r value) between VAT area and VAT volume was changed from 0.853 to 0.3.,0.853,0.3,[]
pubmedqa_wtt_batch_cache 7,target_gpt_oss_20b__aux_gemma4_e4b,29,28707539,Visceral adipose tissue area measurement at a single level: can it represent visceral adipose tissue volume?,yes,True,1,slice_location,other,The specific CT slice level used for the measurement.,3 cm above the lower margin of L3,5 cm above the lower margin of L3,True,yes,"Yes, a single‑level VAT area can represent VAT volume.","The study found a strong correlation (r = 0.853) between VAT area measured at a single slice 3 cm above the lower margin of L3 and the overall VAT volume, indicating that this single‑level measurement can reliably reflect total visceral adipose tissue volume.",yes,"Yes, a single‑level VAT area can represent VAT volume.","The study found a strong correlation (r = 0.853) between VAT area measured at a slice 5 cm above the lower margin of L3 and the overall VAT volume, indicating that a single‑level area measurement can reliably reflect volume changes.",False,True,The specific CT slice level used for measurement was changed from 3 cm above the lower margin of L3 to 5 cm above the lower margin of L3.,3 cm above the lower margin of L3,5 cm above the lower margin of L3,[]
pubmedqa_wtt_batch_cache 7,target_gpt_oss_20b__aux_gemma4_e4b,29,28707539,Visceral adipose tissue area measurement at a single level: can it represent visceral adipose tissue volume?,yes,True,2,measured_outcome_relationship,measured outcome,The finding that VAT area measured at a single level correlates strongly with total VAT volume.,Area correlates strongly with Volume,Area correlates strongly with Body Weight Change (but not Volume),True,yes,"Yes, a single‑level VAT area can represent VAT volume.","The study found a strong correlation (r = 0.853) between VAT area measured at a single slice 3 cm above the lower margin of L3 and the overall VAT volume, indicating that this single‑level measurement can reliably reflect total visceral adipose tissue volume.",maybe,"A single‑slice VAT area may reflect volume changes, but the correlation is weak.","The study found only a modest correlation (r = 0.21) between VAT area at a single level and overall VAT volume, indicating limited representativeness.",True,True,"The correlation finding was changed from showing a strong correlation between VAT area and VAT volume (r=0.853) to showing a weak correlation between VAT area and VAT volume (r=0.21), while maintaining the strong correlation with body weight changes (r=0.902).","The strongest correlations of VAT area with VAT volume and body weight changes were shown in a slice 3 cm above the lower margin of L3 with r values of 0.853 and 0.902, respectively.","The strongest correlations of VAT area with VAT volume and body weight changes were shown in a slice 3 cm above the lower margin of L3 with r values of 0.21 and 0.902, respectively.",[]
pubmedqa_wtt_batch_cache 7,target_gpt_oss_20b__aux_gemma4_e4b,32,9645785,Is a mandatory general surgery rotation necessary in the surgical clerkship?,no,True,0,score_difference,measured outcome,Whether there were differences in scores between the group with and without the general surgery rotation.,No differences in scores on any parameter.,Significant differences were found in scores.,True,no,"No, the study found no difference in outcomes with or without a general surgery rotation.",The data showed no score differences between groups and no specific concerns related to the absence of general surgery.,yes,"Yes, a mandatory general surgery rotation is necessary.","The study found significant score differences and specific concerns when general surgery was omitted, indicating its essential role in achieving mastery of clerkship objectives.",True,True,"The finding regarding score differences changed from 'no differences' to 'significant differences,' requiring a corresponding change in the interpretation of concerns.",Data for 54 students showed no differences in scores between groups on any parameter. No specific concerns related to the absence of general surgery were identified.,Data for 54 students showed significant differences in scores between groups on several parameters. Specific concerns related to the absence of general surgery were identified.,[]
pubmedqa_wtt_batch_cache 7,target_gpt_oss_20b__aux_gemma4_e4b,32,9645785,Is a mandatory general surgery rotation necessary in the surgical clerkship?,no,True,1,number_of_students,numerical size,The total number of students included in the study.,54 students,10 students,False,no,"No, the study found no difference in outcomes with or without a general surgery rotation.",The data showed no score differences between groups and no specific concerns related to the absence of general surgery.,no,"No, the study found no difference in outcomes with or without a general surgery rotation.","The abstract reports that students who omitted the general surgery rotation performed equally on written exams, OSCEs, ward evaluations, and satisfaction surveys, with no specific concerns identified.",False,True,The total number of students included in the study was changed from 54 to 10.,Data for 54 students,Data for 10 students,[]
pubmedqa_wtt_batch_cache 7,target_gpt_oss_20b__aux_gemma4_e4b,32,9645785,Is a mandatory general surgery rotation necessary in the surgical clerkship?,no,True,2,specific_concerns_identified,other,Whether specific concerns were identified regarding the absence of general surgery.,No specific concerns were identified.,Specific concerns were identified.,True,no,"No, the study found no difference in outcomes with or without a general surgery rotation.",The data showed no score differences between groups and no specific concerns related to the absence of general surgery.,maybe,"Maybe, as objective mastery is similar but concerns exist.","The study found no differences in written exam, OSCE, ward evaluations, or satisfaction between students who had a general surgery rotation and those who did not, yet specific concerns were noted regarding the absence of general surgery.",True,True,The finding regarding the identification of specific concerns related to the absence of general surgery was changed from 'No specific concerns were identified' to 'Specific concerns were identified.',No specific concerns related to the absence of general surgery were identified.,Specific concerns related to the absence of general surgery were identified.,[]
pubmedqa_wtt_batch_cache 7,target_gpt_oss_20b__aux_gemma4_e4b,46,19504993,It's Fournier's gangrene still dangerous?,yes,True,0,mortality_rate,measured outcome,The proportion of patients who died from Fournier's gangrene.,35.7% (5 out of 14 patients),"Low percentage (e.g., <10%)",True,yes,"Yes, Fournier's gangrene remains dangerous.","In the study, 5 of 14 patients (35.7%) died despite antibiotics and aggressive debridement, indicating a high mortality rate.",yes,"Yes, Fournier's gangrene remains dangerous.","The abstract reports a mortality rate of 1 out of 14 patients, indicating that despite treatment, the condition still carries a significant risk of death.",False,True,"The mortality rate was changed from 35.7% (5 out of 14 patients) to a low percentage (1 out of 14 patients, or approximately 7.1%). This required changing the background statement regarding the rate and updating the specific death/survival counts in the results section.","the mortality rate remains high. ... Of the 14 patients, 5 died and 9 survived.","the mortality rate is variable. ... Of the 14 patients, 1 died and 13 survived.",[]
pubmedqa_wtt_batch_cache 7,target_gpt_oss_20b__aux_gemma4_e4b,46,19504993,It's Fournier's gangrene still dangerous?,yes,True,1,treatment_efficacy,other,The effectiveness of standard treatments (antibiotics and debridement) in managing the condition.,Ineffective enough that mortality remains high despite antibiotics and aggressive debridement.,"Highly effective, leading to low mortality rates.",True,yes,"Yes, Fournier's gangrene remains dangerous.","In the study, 5 of 14 patients (35.7%) died despite antibiotics and aggressive debridement, indicating a high mortality rate.",yes,"Yes, it remains dangerous.","In the reviewed cohort, 5 of 14 patients (35%) died, indicating significant mortality and morbidity associated with Fournier's gangrene.",False,True,The background statement regarding the treatment efficacy was changed from indicating high mortality despite treatment to indicating low mortality due to high treatment efficacy.,"and despite antibiotics and aggressive debridement, the mortality rate remains high.","and despite antibiotics and aggressive debridement, the mortality rate is low.",[]
pubmedqa_wtt_batch_cache 7,target_gpt_oss_20b__aux_gemma4_e4b,46,19504993,It's Fournier's gangrene still dangerous?,yes,True,2,leukocyte_count_difference,measured outcome,The significant difference in leukocyte count observed between surviving and deceased patients.,Significant difference (Survivors: 4900-17000/mm; Deceased: 20.300-31000/mm3),No significant difference in leukocyte count between groups.,False,yes,"Yes, Fournier's gangrene remains dangerous.","In the study, 5 of 14 patients (35.7%) died despite antibiotics and aggressive debridement, indicating a high mortality rate.",yes,"Yes, Fournier's gangrene remains dangerous.","In the study, 5 of 14 patients (35.7%) died despite antibiotics and aggressive debridement, indicating a high mortality rate.",False,True,The finding regarding the difference in leukocyte count between surviving and deceased patients was changed from 'significant difference' to 'no significant difference'.,There was a significant difference in leukocyte count between patients who survived (range 4900-17000/mm) and those died (range 20.300-31000/mm3).,There was no significant difference in leukocyte count between patients who survived (range 4900-17000/mm) and those died (range 20.300-31000/mm3).,[]
pubmedqa_wtt_batch_cache 7,target_gpt_oss_20b__aux_gemma4_e4b,54,25277731,Sternal fracture in growing children : A rare and often overlooked fracture?,maybe,False,0,rarity_of_sternal_fractures,disease or condition,The stated frequency or incidence of sternal fractures in childhood.,rare,common,True,yes,"Yes, sternal fractures in children are rare and can be overlooked.","The abstract explicitly states that sternal fractures in childhood are rare, implying they may be under-recognized.",no,"No, sternal fractures in children are common.","The abstract explicitly states that sternal fractures in childhood are common, contradicting the notion that they are rare.",True,True,The stated frequency of sternal fractures in childhood was changed from 'rare' to 'common'.,rare,common,[]
pubmedqa_wtt_batch_cache 7,target_gpt_oss_20b__aux_gemma4_e4b,54,25277731,Sternal fracture in growing children : A rare and often overlooked fracture?,maybe,False,1,age_group,other,The specific age group where the fractures are observed.,childhood (5-14 years),adulthood,False,yes,"Yes, sternal fractures in children are rare and can be overlooked.","The abstract explicitly states that sternal fractures in childhood are rare, implying they may be under-recognized.",maybe,The abstract does not provide information on sternal fractures in growing children.,"The retrieved abstract discusses only adult patients (aged 18‑65) with sternal fractures, so it does not address the incidence or characteristics in children.",True,True,"The age group was changed from childhood (5-14 years) to adulthood. Corresponding terms (e.g., 'childhood' to 'adulthood', 'children' to 'patients', and specific age ranges/MeSH terms) were updated to maintain consistency with the adult population.","[BACKGROUND] Sternal fractures in childhood are rare. ... [RESULTS] A total of 4 children aged 5-14 years with a sternal fracture were treated in 2 years, 2 children were hospitalized for pain management and 2 remained in outpatient care. MeSH terms: Adolescent, Chest Pain, Child, Child, Preschool, Diagnosis, Differential, Fractures, Bone, Humans, Male, Rare Diseases, Sternum","[BACKGROUND] Sternal fractures in adulthood are rare. ... [RESULTS] A total of 4 patients aged 18-65 years with a sternal fracture were treated in 2 years, 2 patients were hospitalized for pain management and 2 remained in outpatient care. MeSH terms: Adult, Chest Pain, Diagnosis, Differential, Fractures, Bone, Humans, Male, Rare Diseases, Sternum",[]
pubmedqa_wtt_batch_cache 7,target_gpt_oss_20b__aux_gemma4_e4b,54,25277731,Sternal fracture in growing children : A rare and often overlooked fracture?,maybe,False,2,study_population_scope,study design,The type of patients included in the study (inpatients and outpatients).,all inpatients and outpatients with sternal fractures,only surgical inpatients,False,yes,"Yes, sternal fractures in children are rare and can be overlooked.","The abstract explicitly states that sternal fractures in childhood are rare, implying they may be under-recognized.",yes,"Yes, sternal fractures in children are rare and can be overlooked.","The abstract explicitly states that sternal fractures in childhood are rare, implying they may be under-recognized.",False,True,The study population scope was narrowed from 'all inpatients and outpatients' to 'only surgical inpatients'. This required a minimal adjustment in the [RESULTS] section to maintain internal consistency by changing the description of the final two children from 'outpatient care' to 'discharged after treatment'.,all inpatients and outpatients with sternal fractures... 2 children were hospitalized for pain management and 2 remained in outpatient care.,only surgical inpatients with sternal fractures... 2 children were hospitalized for pain management and 2 were discharged after treatment.,[]
pubmedqa_wtt_batch_cache 7,target_gpt_oss_20b__aux_gemma4_e4b,59,27491658,Can predilatation in transcatheter aortic valve implantation be omitted?,yes,True,0,statistical_significance_of_outcomes,statistical significance,Whether or not there were significant differences in outcomes between the group receiving predilatation and the group omitting it.,No significant differences,"Significant differences (e.g., worse outcomes in the omitted group)",True,yes,"Yes, predilatation can be omitted.",The randomized study found no significant differences in early hemodynamic outcomes or complication rates between patients who received balloon predilatation and those who did not.,no,"No, predilatation should not be omitted.",The study found that omitting balloon predilatation led to worse early hemodynamic results and higher complication rates compared to the standard procedure.,True,True,"The statistical finding in the results section was changed from 'no significant differences' to 'significant differences,' specifically indicating that omitting predilatation led to worse outcomes.",There were no significant differences between the groups regarding early hemodynamic results or complication rates.,"Significant differences were observed between the groups, with the omitted group showing worse outcomes regarding early hemodynamic results or complication rates.",[]
pubmedqa_wtt_batch_cache 7,target_gpt_oss_20b__aux_gemma4_e4b,59,27491658,Can predilatation in transcatheter aortic valve implantation be omitted?,yes,True,1,early_hemodynamic_results,measured outcome,The measured difference in hemodynamic outcomes between the two treatment groups.,No significant differences,Significantly worse hemodynamic results in the omitted group,True,yes,"Yes, predilatation can be omitted.",The randomized study found no significant differences in early hemodynamic outcomes or complication rates between patients who received balloon predilatation and those who did not.,no,"No, omission of predilatation leads to worse hemodynamic outcomes.","The study found that patients who did not receive balloon predilatation had significantly poorer hemodynamic results compared to those who did, despite similar complication rates.",True,True,"The reported outcome regarding early hemodynamic results was changed from 'No significant differences' to 'Significantly worse hemodynamic results in the omitted group', making the outcome directional and negative for the omitted group.",There were no significant differences between the groups regarding early hemodynamic results or complication rates.,"The omitted group showed significantly worse hemodynamic results compared to the standard procedure group, although complication rates were comparable.",[]
pubmedqa_wtt_batch_cache 7,target_gpt_oss_20b__aux_gemma4_e4b,59,27491658,Can predilatation in transcatheter aortic valve implantation be omitted?,yes,True,2,complication_rates,measured outcome,The measured difference in complication rates between the two treatment groups.,No significant differences,Significantly higher complication rates in the omitted group,True,yes,"Yes, predilatation can be omitted.",The randomized study found no significant differences in early hemodynamic outcomes or complication rates between patients who received balloon predilatation and those who did not.,no,"No, predilatation should not be omitted.","The study found that omitting balloon predilatation led to significantly higher complication rates, despite similar early hemodynamic outcomes.",True,True,"The finding regarding complication rates was changed from 'no significant differences' to 'significantly higher complication rates in the omitted group', requiring a minimal rephrasing of the sentence structure to maintain internal consistency.",There were no significant differences between the groups regarding early hemodynamic results or complication rates.,"There were significant differences between the groups regarding complication rates, with the omitted group having significantly higher complication rates, but no significant differences regarding early hemodynamic results.",[]
pubmedqa_wtt_batch_cache 7,target_gpt_oss_20b__aux_gemma4_e4b,71,18049437,Is there any relationship between streptococcal infection and multiple sclerosis?,yes,True,0,adnase_b_levels,measured outcome,The measured level of antideoxyribonuclease B (ADNase B) in the two groups.,Significantly higher in MS patients than controls.,Similar in both MS patients and controls.,True,yes,"Yes, higher ADNase B levels in MS patients suggest a link to streptococcal infection.","The abstract reports significantly elevated antideoxyribonuclease B (ADNase B) levels in MS patients compared to controls, indicating a relationship between past streptococcal infection and multiple sclerosis.",no,"No, this study did not find evidence of a relationship.","The measured streptococcal antibody levels (ASO and ADNase B) were similar in MS patients and healthy controls, indicating no detectable association in this sample.",True,True,The reported finding regarding ADNase B levels was changed from being significantly higher in MS patients to being similar in both MS patients and controls.,ADNase B levels in the patients with MS were found to be significantly higher than in the controls (p<0.001),ADNase B levels in the patients with MS were found to be similar to those in the controls,[]
pubmedqa_wtt_batch_cache 7,target_gpt_oss_20b__aux_gemma4_e4b,71,18049437,Is there any relationship between streptococcal infection and multiple sclerosis?,yes,True,1,statistical_significance,statistical significance,The statistical measure indicating the difference between the MS group and the control group.,p < 0.001,p > 0.05,True,yes,"Yes, higher ADNase B levels in MS patients suggest a link to streptococcal infection.","The abstract reports significantly elevated antideoxyribonuclease B (ADNase B) levels in MS patients compared to controls, indicating a relationship between past streptococcal infection and multiple sclerosis.",no,"No, the study found no significant difference in streptococcal antibody levels between MS patients and controls.","Both ASO and ADNase B levels were similar in relapsing‑remitting MS patients and healthy donors, indicating no evidence of a relationship between past streptococcal infection and multiple sclerosis.",True,True,The statistical significance of the difference in ADNase B levels between the MS group and the control group was changed from highly significant (p < 0.001) to non-significant (p > 0.05).,significantly higher than in the controls (p<0.001),not significantly different from the controls (p>0.05),[]
pubmedqa_wtt_batch_cache 7,target_gpt_oss_20b__aux_gemma4_e4b,71,18049437,Is there any relationship between streptococcal infection and multiple sclerosis?,yes,True,2,comparison_group,comparison group,The group used as a baseline for comparison to the MS patients.,Healthy blood donors,"Patients with another autoimmune condition (e.g., Lupus)",True,yes,"Yes, higher ADNase B levels in MS patients suggest a link to streptococcal infection.","The abstract reports significantly elevated antideoxyribonuclease B (ADNase B) levels in MS patients compared to controls, indicating a relationship between past streptococcal infection and multiple sclerosis.",yes,"Yes, higher ADNase B levels in MS patients suggest a link to streptococcal infection.","The abstract reports significantly elevated ADNase B (a marker of recent streptococcal infection) in MS patients compared to controls, indicating a relationship.",False,True,"The comparison group used in the study was changed from healthy blood donors to patients with another autoimmune condition (e.g., Lupus).",and 21 healthy blood donors,"and 21 patients with another autoimmune condition (e.g., Lupus)",[]
pubmedqa_wtt_batch_cache 7,target_gpt_oss_20b__aux_gemma4_e4b,86,11570976,Is it Crohn's disease?,maybe,False,0,underlying_diagnosis,disease or condition,The primary diagnosis of the patient at the time of the severe systemic reaction.,rheumatoid arthritis,Crohn's disease,True,no,"No, the patient had rheumatoid arthritis, not Crohn's disease.","The abstract describes a severe systemic reaction to sulfasalazine in a 21‑year‑old female with rheumatoid arthritis; the granulomatous enteritis is part of the drug reaction, not an underlying Crohn's disease.",yes,"Yes, the patient has Crohn's disease.",The abstract explicitly states that the 21‑year‑old female was diagnosed with Crohn's disease.,True,True,The underlying diagnosis of the patient was changed from rheumatoid arthritis to Crohn's disease.,rheumatoid arthritis,Crohn's disease,[]
pubmedqa_wtt_batch_cache 7,target_gpt_oss_20b__aux_gemma4_e4b,86,11570976,Is it Crohn's disease?,maybe,False,1,cause_of_enteritis,other,The attributed cause of the granulomatous enteritis observed in the patient.,drug reaction,underlying inflammatory bowel disease,True,no,"No, the patient had rheumatoid arthritis, not Crohn's disease.","The abstract describes a severe systemic reaction to sulfasalazine in a 21‑year‑old female with rheumatoid arthritis; the granulomatous enteritis is part of the drug reaction, not an underlying Crohn's disease.",maybe,The abstract does not specify Crohn's disease.,"It only states that the patient had an underlying inflammatory bowel disease, without identifying it as Crohn's.",True,True,The attributed cause of the granulomatous enteritis was changed from a 'severe systemic reaction to sulfasalazine' (drug reaction) to 'underlying inflammatory bowel disease'.,"A severe systemic reaction to sulfasalazine developed in a 21-year old female with rheumatoid arthritis characterized by eosinophilia, granulomatous enteritis","A 21-year old female with rheumatoid arthritis and underlying inflammatory bowel disease presented with eosinophilia, granulomatous enteritis",[]
pubmedqa_wtt_batch_cache 7,target_gpt_oss_20b__aux_gemma4_e4b,86,11570976,Is it Crohn's disease?,maybe,False,2,differential_diagnosis_focus,disease or condition,The specific condition being questioned and ruled out in the context.,Crohn's disease,Ulcerative Colitis,True,no,"No, the patient had rheumatoid arthritis, not Crohn's disease.","The abstract describes a severe systemic reaction to sulfasalazine in a 21‑year‑old female with rheumatoid arthritis; the granulomatous enteritis is part of the drug reaction, not an underlying Crohn's disease.",no,"No, the case describes a severe systemic reaction to sulfasalazine in a rheumatoid arthritis patient, not Crohn's disease.",The abstract reports a 21‑year‑old female with rheumatoid arthritis who developed granulomatous enteritis as part of a drug reaction; it does not indicate that she had Crohn's disease.,False,True,The differential diagnosis focus was changed from Crohn's disease to Ulcerative Colitis in the MeSH terms.,Crohn Disease,Ulcerative Colitis,[]
pubmedqa_wtt_batch_cache 7,target_gpt_oss_20b__aux_gemma4_e4b,95,23076787,Can increases in the cigarette tax rate be linked to cigarette retail prices?,no,True,0,policy_intervention_authority,other,The ability of the Chinese State Tobacco Monopoly Administration (STMA) to regulate and ensure that retail prices remain unchanged despite tax increases.,STMA used its policy authority to ensure that retail cigarette prices did not change.,"STMA did not intervene, allowing retail prices to adjust freely with tax increases.",True,no,"No, the tax increase did not affect retail prices.","The abstract reports that the 2009 excise tax increase was collected at the producer and wholesale levels, but the Chinese State Tobacco Monopoly Administration ensured that retail cigarette prices remained unchanged.",yes,"Yes, tax increases are linked to higher retail prices.","The abstract reports that the 2009 excise tax increase on cigarettes in China translated into higher retail prices because the State Tobacco Monopoly Administration did not intervene, allowing prices to adjust freely with tax increases.",True,True,The mechanism of price control was changed from STMA intervention (keeping prices stable) to STMA non-intervention (allowing free price adjustment). This required changing the resulting outcome from 'no increase' to 'increase' to maintain internal consistency.,The 2009 excise tax increase on cigarettes in China has not translated into higher retail prices because the Chinese STMA used its policy authority to ensure that retail cigarette prices did not change. [...] with no increase in the retail price of cigarettes for consumers.,"The 2009 excise tax increase on cigarettes in China has translated into higher retail prices because STMA did not intervene, allowing retail prices to adjust freely with tax increases. [...] with an increase in the retail price of cigarettes for consumers.",[]
pubmedqa_wtt_batch_cache 7,target_gpt_oss_20b__aux_gemma4_e4b,95,23076787,Can increases in the cigarette tax rate be linked to cigarette retail prices?,no,True,1,measured_outcome_retail_price_change,measured outcome,Whether the retail price of cigarettes increased following the tax hike.,no increase in the retail price of cigarettes for consumers.,a measurable increase in the retail price of cigarettes for consumers.,True,no,"No, the tax increase did not affect retail prices.","The abstract reports that the 2009 excise tax increase was collected at the producer and wholesale levels, but the Chinese State Tobacco Monopoly Administration ensured that retail cigarette prices remained unchanged.",yes,"Yes, higher cigarette taxes lead to higher retail prices.",The abstract reports that the 2009 excise tax increase on cigarettes in China translated into higher retail prices.,True,True,"The abstract was changed to reflect that the 2009 excise tax increase did translate into a measurable increase in the retail price of cigarettes, removing the original claim that the STMA successfully prevented any price change.",The 2009 excise tax increase on cigarettes in China has not translated into higher retail prices because the Chinese STMA used its policy authority to ensure that retail cigarette prices did not change. [...] with no increase in the retail price of cigarettes for consumers.,The 2009 excise tax increase on cigarettes in China translated into higher retail prices. [...] with a measurable increase in the retail price of cigarettes for consumers.,[]
pubmedqa_wtt_batch_cache 7,target_gpt_oss_20b__aux_gemma4_e4b,95,23076787,Can increases in the cigarette tax rate be linked to cigarette retail prices?,no,True,2,tax_increase_event,other,The specific tax increase event that occurred in 2009.,The 2009 excise tax increase on cigarettes in China.,A tax increase in a different year or a different magnitude of tax increase.,True,no,"No, the tax increase did not affect retail prices.","The abstract reports that the 2009 excise tax increase was collected at the producer and wholesale levels, but the Chinese State Tobacco Monopoly Administration ensured that retail cigarette prices remained unchanged.",no,"No, the tax increase did not affect retail prices.","The abstract reports that the 2015 excise tax increase was collected at producer and wholesale levels, but the Chinese STMA ensured that retail cigarette prices did not change.",False,True,The specific year of the tax increase event was changed from 2009 to 2015.,The 2009 excise tax increase on cigarettes in China.,The 2015 excise tax increase on cigarettes in China.,[]
pubmedqa_wtt_batch_cache 7,target_gpt_oss_20b__aux_gemma4_e4b,118,19106867,"The Main Gate Syndrome: a new format in mass-casualty victim ""surge"" management?",yes,False,0,main_gate_syndrome,disease or condition,The specific syndrome or format being questioned regarding mass-casualty management.,Not mentioned/Absent,Mentioned and discussed in the abstract,True,maybe,"The abstract does not mention the Main Gate Syndrome, so its status as a new format cannot be confirmed.",The retrieved abstract discusses triage and surgical procedures in a mass‑casualty setting but makes no reference to the Main Gate Syndrome.,yes,"Yes, Main Gate Syndrome is presented as a new format for managing mass‑casualty surges.","The abstract describes Main Gate Syndrome as a novel problem arising from the massive simultaneous arrival of many gravely wounded patients and reports the experience of a trauma center in addressing it, indicating it is a new approach to surge management.",True,True,"The introduction was modified to introduce 'Main Gate Syndrome' as the specific management challenge posed by the mass arrival of casualties, changing the context from a general problem to a syndrome-specific one.",Recent suicide bombings pose the novel problem for Trauma Centers of the massive simultaneous arrival of many gravely wounded patients.,"Recent suicide bombings pose the novel problem for Trauma Centers, particularly concerning the management of Main Gate Syndrome, due to the massive simultaneous arrival of many gravely wounded patients.",[]
pubmedqa_wtt_batch_cache 7,target_gpt_oss_20b__aux_gemma4_e4b,118,19106867,"The Main Gate Syndrome: a new format in mass-casualty victim ""surge"" management?",yes,False,1,type_of_injury,disease or condition,The primary type of trauma experienced by the casualties.,"Blast Injuries, Abdominal Injuries, Penetrating","Exclusively orthopedic injuries (e.g., fractures)",False,maybe,"The abstract does not mention the Main Gate Syndrome, so its status as a new format cannot be confirmed.",The retrieved abstract discusses triage and surgical procedures in a mass‑casualty setting but makes no reference to the Main Gate Syndrome.,no,"No, the abstract does not describe the Main Gate Syndrome.",The abstract reports on triage and surgical procedures for 14 casualties in Afghanistan but makes no reference to a Main Gate Syndrome or a new surge‑management format.,True,True,"The primary type of trauma (type_of_injury) was changed from 'Blast Injuries, Abdominal Injuries, Penetrating' to 'Exclusively orthopedic injuries (e.g., fractures)' by modifying the MeSH terms list.","MeSH terms: Abdominal Injuries, Adult, Afghanistan, Blast Injuries, Bombs, Emergency Medical Services, Extremities, Humans, Male, Mass Casualty Incidents, Middle Aged, Reproducibility of Results, Rescue Work, Retrospective Studies, Syndrome, Thoracic Injuries, Trauma Severity Indices, Treatment Outcome, Wounds, Penetrating, Young Adult","MeSH terms: Adult, Afghanistan, Bombs, Emergency Medical Services, Extremities, Humans, Male, Mass Casualty Incidents, Middle Aged, Reproducibility of Results, Rescue Work, Retrospective Studies, Syndrome, Thoracic Injuries, Trauma Severity Indices, Treatment Outcome, Fractures, Orthopedic Injuries, Wounds, Young Adult",[]
pubmedqa_wtt_batch_cache 7,target_gpt_oss_20b__aux_gemma4_e4b,118,19106867,"The Main Gate Syndrome: a new format in mass-casualty victim ""surge"" management?",yes,False,2,trauma_center_level,other,The level of care provided during the mass casualty incident.,Level 2 Trauma Center,Primary care clinic,False,maybe,"The abstract does not mention the Main Gate Syndrome, so its status as a new format cannot be confirmed.",The retrieved abstract discusses triage and surgical procedures in a mass‑casualty setting but makes no reference to the Main Gate Syndrome.,maybe,"The abstract does not mention the Main Gate Syndrome, so its role as a new format cannot be confirmed.",The provided abstract describes triage and ultrasound use in a mass‑casualty setting but makes no reference to a Main Gate Syndrome or any new surge‑management format.,False,True,"The facility level of the reporting group was changed from 'Level 2 Trauma Center' to 'Primary care clinic'. To maintain internal consistency, the description of advanced procedures in the RESULTS section was minimally adjusted (changing 'second surgical triage' to 'second triage' and 'underwent emergency surgical procedures' to 'were identified and referred for surgical procedures') to reflect the lower level of care.",a Level 2 Trauma Center,a Primary care clinic,[]
pubmedqa_wtt_batch_cache 7,target_gpt_oss_20b__aux_gemma4_e4b,124,18540901,Transient tachypnea of the newborn (TTN): a role for polymorphisms in the beta-adrenergic receptor (ADRB) encoding genes?,yes,True,0,beta1ser49gly_polymorphism_association,statistical significance,The association between the beta1Ser49Gly polymorphism and TTN risk.,Significant association (OR 18.5; p = 0.023),No significant association (OR 1.0; p > 0.05),True,yes,"Yes, specific polymorphisms in beta‑adrenergic receptor genes are associated with TTN.",The study found a significant association between the beta1Ser49Gly polymorphism (beta1Gly49 homozygotes had higher TTN risk) and a TACC haplotype in the ADRB2 gene with TTN.,maybe,"The study suggests a possible association of ADRB2 haplotypes with TTN, but not a definitive causal role.","While the beta1Ser49Gly polymorphism showed no significant risk, a specific ADRB2 haplotype (T-47C, A46G, C79G, C491T) was significantly associated with TTN (p=0.048), indicating a potential but not conclusive role.",True,True,The statistical association between the beta1Gly49 polymorphism and TTN risk was changed from significant (OR 18.5; p = 0.023) to non-significant (OR 1.0; p > 0.05).,Multivariate analysis provided beta1Gly49 homozygotes with higher risk for TTN (OR 18.5; 95%CI 1.5-229; p = 0.023) than beta1Ser49 allele carrier.,Multivariate analysis did not provide beta1Gly49 homozygotes with higher risk for TTN compared to beta1Ser49 allele carrier (OR 1.0; 95%CI 0.8-1.2; p = 0.15).,[]
pubmedqa_wtt_batch_cache 7,target_gpt_oss_20b__aux_gemma4_e4b,124,18540901,Transient tachypnea of the newborn (TTN): a role for polymorphisms in the beta-adrenergic receptor (ADRB) encoding genes?,yes,True,1,tacc_haplotype_association,statistical significance,The association between the TACC haplotype in the ADRB2 gene and TTN.,Significant association (p = 0.048),No significant association (p > 0.05),True,yes,"Yes, specific polymorphisms in beta‑adrenergic receptor genes are associated with TTN.",The study found a significant association between the beta1Ser49Gly polymorphism (beta1Gly49 homozygotes had higher TTN risk) and a TACC haplotype in the ADRB2 gene with TTN.,yes,"Yes, the beta1Ser49Gly polymorphism in ADRB1 is associated with increased risk of TTN.","Multivariate analysis showed beta1Gly49 homozygotes had a significantly higher odds ratio (18.5, p=0.023) for TTN compared to beta1Ser49 carriers, indicating a role for ADRB1 polymorphisms.",False,True,The statistical significance of the association between the TACC haplotype and TTN was changed from a significant finding (p = 0.048) to a non-significant finding (p > 0.05).,"Further analysis showed significant association of T-47C, A46G, C79G and C491T (TACC) haplotype in ADRB2 gene with TTN (p = 0.048).","Further analysis showed no significant association of T-47C, A46G, C79G and C491T (TACC) haplotype in ADRB2 gene with TTN (p > 0.05).",[]
pubmedqa_wtt_batch_cache 7,target_gpt_oss_20b__aux_gemma4_e4b,135,12836106,Does the leukocyte count correlate with the severity of injury?,yes,True,0,wbc_iss_correlation,measured outcome,The statistical relationship between White Blood Cell count (WBC) and Injury Severity Score (ISS).,Positive correlation,No correlation,True,yes,"Yes, leukocyte count correlates positively with injury severity.","The study found a positive correlation between WBC and the Injury Severity Score (ISS), indicating that higher leukocyte counts are associated with more severe injuries.",maybe,The leukocyte count does not correlate with ISS but shows a negative correlation with GCS and RTS.,"The abstract reports no correlation between WBC and the Injury Severity Score, yet a negative correlation with Glasgow Coma Scale and Revised Trauma Score, indicating mixed evidence of correlation with injury severity.",True,True,The correlation between WBC count and ISS was changed from a positive correlation to no correlation.,WBC was correlated positively with ISS,WBC showed no correlation with ISS,[]
pubmedqa_wtt_batch_cache 7,target_gpt_oss_20b__aux_gemma4_e4b,135,12836106,Does the leukocyte count correlate with the severity of injury?,yes,True,1,wbc_gcs_correlation,measured outcome,The statistical relationship between White Blood Cell count (WBC) and Glasgow Coma Score (GCS).,Negative correlation,Positive correlation,False,yes,"Yes, leukocyte count correlates positively with injury severity.","The study found a positive correlation between WBC and the Injury Severity Score (ISS), indicating that higher leukocyte counts are associated with more severe injuries.",yes,"Yes, leukocyte count correlates positively with injury severity.","The abstract reports a positive correlation between WBC and the Injury Severity Score (ISS), indicating that higher WBC counts are associated with more severe blunt trauma.",False,True,The correlation between WBC and GCS was changed from negative to positive.,negatively with GCS and RTS.,positively with GCS and RTS.,[]
pubmedqa_wtt_batch_cache 7,target_gpt_oss_20b__aux_gemma4_e4b,135,12836106,Does the leukocyte count correlate with the severity of injury?,yes,True,2,wbc_rts_correlation,measured outcome,The statistical relationship between White Blood Cell count (WBC) and Revised Trauma Score (RTS).,Negative correlation,Positive correlation,False,yes,"Yes, leukocyte count correlates positively with injury severity.","The study found a positive correlation between WBC and the Injury Severity Score (ISS), indicating that higher leukocyte counts are associated with more severe injuries.",yes,"Yes, leukocyte count correlates positively with injury severity.","The study reported a positive correlation between WBC and the Injury Severity Score (ISS), indicating that higher leukocyte counts are associated with more severe injuries.",False,True,The correlation between WBC and RTS (and GCS) was changed from negative to positive.,but negatively with GCS and RTS.,but positively with GCS and RTS.,[]
pubmedqa_wtt_batch_cache 7,target_gpt_oss_20b__aux_gemma4_e4b,141,22497340,Is horizontal semicircular canal ocular reflex influenced by otolith organs input?,yes,True,0,nystagmus_symmetry,measured outcome,Whether the measured nystagmus patterns were symmetric or asymmetric across different head positions.,Not symmetric (asymmetrical),Symmetric,True,yes,"Yes, the horizontal semicircular canal ocular reflex is influenced by otolith organ input.","The study found asymmetrical nystagmus patterns when subjects were positioned differently, indicating that gravity sensed by the otoliths affects the axis of eye rotation during horizontal canal stimulation.",no,"No, the study suggests the horizontal semicircular canal ocular reflex is not influenced by otolith organ input.","The nystagmus patterns were symmetric across positions that altered gravitational loading, indicating the reflex axis remained stable and unaffected by otolith input.",True,True,The measured outcome regarding nystagmus symmetry was changed from 'not symmetric' to 'symmetric.' This required a minimal edit to the concluding interpretation sentence to maintain internal consistency.,Eye movements in the supine position and the prone position were not in a symmetric fashion. Nystagmus in the left-ear-down position and the right-ear-down position were not symmetric either. These phenomena indicate that the axis of the eyeball rotation was affected by the shift of the direction of gravity exerted on the head.,Eye movements in the supine position and the prone position were in a symmetric fashion. Nystagmus in the left-ear-down position and the right-ear-down position were symmetric either. These findings suggest that the axis of the eyeball rotation was stable despite the shift of the direction of gravity exerted on the head.,[]
pubmedqa_wtt_batch_cache 7,target_gpt_oss_20b__aux_gemma4_e4b,141,22497340,Is horizontal semicircular canal ocular reflex influenced by otolith organs input?,yes,True,1,gravity_influence,other,Whether the axis of eyeball rotation is affected by the shift in the direction of gravity exerted on the head.,Affected by the shift of the direction of gravity,Not affected by the shift of the direction of gravity,True,yes,"Yes, the horizontal semicircular canal ocular reflex is influenced by otolith organ input.","The study found asymmetrical nystagmus patterns when subjects were positioned differently, indicating that gravity sensed by the otoliths affects the axis of eye rotation during horizontal canal stimulation.",no,"No, the horizontal semicircular canal ocular reflex is not influenced by otolith organ input.","The study found that nystagmus patterns were asymmetric regardless of head orientation relative to gravity, indicating that otolith input does not alter the horizontal canal ocular reflex.",True,True,The conclusion regarding the influence of gravity on the axis of eyeball rotation was changed from 'affected' to 'not affected'.,affected by the shift of the direction of gravity,not affected by the shift of the direction of gravity,[]
pubmedqa_wtt_batch_cache 7,target_gpt_oss_20b__aux_gemma4_e4b,143,8566975,Serovar specific immunity to Neisseria gonorrhoeae: does it exist?,no,True,0,statistical_significance,statistical significance,Whether a significant difference was found in serovar prevalence between repeat and non-repeat infections.,No significant difference,Significant difference,True,no,"No, the study found no evidence of serovar‑specific immunity.","The abstract reports no significant difference in serovar distribution after repeat infections, indicating that prior infection does not confer protection against the same serovar.",yes,"Yes, the study shows evidence of serovar‑specific immunity.","The abstract reports a significant difference in the serovars isolated after repeat infections compared with those without repeat infections, indicating limited serovar‑specific protection from reinfection.",True,True,The finding regarding the statistical significance of serovar prevalence between repeat and non-repeat infections was changed from 'No significant difference' to 'A significant difference'.,No significant difference was seen in the prevalence of serovars isolated following a repeat infection compared with those without repeat infections.,A significant difference was seen in the prevalence of serovars isolated following a repeat infection compared with those without repeat infections.,[]
pubmedqa_wtt_batch_cache 7,target_gpt_oss_20b__aux_gemma4_e4b,143,8566975,Serovar specific immunity to Neisseria gonorrhoeae: does it exist?,no,True,1,comparison_group_status,comparison group,The comparison between serovars isolated following repeat infections versus those without repeat infections.,Repeat infection vs. non-repeat infection,Initial infection vs. subsequent infection,True,no,"No, the study found no evidence of serovar‑specific immunity.","The abstract reports no significant difference in serovar distribution after repeat infections, indicating that prior infection does not confer protection against the same serovar.",no,"No, the study found no evidence of serovar‑specific immunity.","The abstract reports no significant difference in serovar prevalence after initial infection, indicating that prior infection does not confer serovar‑specific protection.",False,True,"The comparison group status was changed from 'Repeat infection vs. non-repeat infection' to 'Initial infection vs. subsequent infection' in the results section, maintaining the focus on serovar tracking.",following a repeat infection compared with those without repeat infections.,following an initial infection compared with those isolated subsequently.,[]
pubmedqa_wtt_batch_cache 7,target_gpt_oss_20b__aux_gemma4_e4b,143,8566975,Serovar specific immunity to Neisseria gonorrhoeae: does it exist?,no,True,2,follow_up_duration,follow-up duration,The total time period over which the infections were diagnosed and analyzed.,4 year period,1 year period,False,no,"No, the study found no evidence of serovar‑specific immunity.","The abstract reports no significant difference in serovar distribution after repeat infections, indicating that prior infection does not confer protection against the same serovar.",no,"No, the study found no evidence of serovar‑specific immunity.","The abstract reports no significant difference in serovar prevalence after repeat infections, indicating that prior infection does not confer serovar‑specific protection.",False,True,The follow-up duration for the study population was changed from 4 years to 1 year.,4 year period,1 year period,[]
pubmedqa_wtt_batch_cache 7,target_gpt_oss_20b__aux_gemma4_e4b,157,18243752,Should chest wall irradiation be included after mastectomy and negative node breast cancer?,maybe,True,0,recurrence_site,measured outcome,The specific anatomical location where local recurrence was observed.,chest wall,operative scare,True,maybe,"It is uncertain whether chest wall irradiation should be added, as the study only treated the internal mammary chain and still observed chest wall recurrences.","The abstract reports chest wall recurrences in node‑negative patients treated with internal mammary irradiation alone, suggesting a potential benefit of chest wall irradiation, but no definitive recommendation is made.",maybe,It is uncertain whether chest wall irradiation should be added.,"The study only treated the internal mammary chain and reported chest‑wall recurrences, but it did not evaluate chest‑wall irradiation, so no definitive conclusion can be drawn from this abstract alone.",False,True,The recurrence site was changed from 'chest wall' to 'operative scare'.,chest wall,operative scare,[]
pubmedqa_wtt_batch_cache 7,target_gpt_oss_20b__aux_gemma4_e4b,157,18243752,Should chest wall irradiation be included after mastectomy and negative node breast cancer?,maybe,True,1,primary_irradiation_site,other,The specific area targeted by the radiotherapy in the study protocol.,internal mammary chain,internal mammary chain and chest wall,True,maybe,"It is uncertain whether chest wall irradiation should be added, as the study only treated the internal mammary chain and still observed chest wall recurrences.","The abstract reports chest wall recurrences in node‑negative patients treated with internal mammary irradiation alone, suggesting a potential benefit of chest wall irradiation, but no definitive recommendation is made.",maybe,The evidence is insufficient to definitively recommend chest wall irradiation for node‑negative breast cancer after mastectomy.,"The abstract reports a low 5% local recurrence rate in 92 node‑negative patients who received chest wall irradiation, but it provides no comparative data or statistical significance, so a firm recommendation cannot be drawn.",False,True,The primary irradiation site was expanded from 'internal mammary chain' to 'internal mammary chain and chest wall' in both the Purpose and Methods sections.,internal mammary chain only... internal mammary chain,internal mammary chain and chest wall... internal mammary chain and chest wall,[]
pubmedqa_wtt_batch_cache 7,target_gpt_oss_20b__aux_gemma4_e4b,157,18243752,Should chest wall irradiation be included after mastectomy and negative node breast cancer?,maybe,True,2,statistical_significance_of_risk_factors,statistical significance,"Whether the identified risk factors (age, tumor size) for local failure were statistically significant.",without statistical significance,statistically significant,False,maybe,"It is uncertain whether chest wall irradiation should be added, as the study only treated the internal mammary chain and still observed chest wall recurrences.","The abstract reports chest wall recurrences in node‑negative patients treated with internal mammary irradiation alone, suggesting a potential benefit of chest wall irradiation, but no definitive recommendation is made.",maybe,"The evidence is inconclusive, but chest wall irradiation might reduce recurrence.","In this study, only the internal mammary chain was irradiated and 5% of patients had local recurrences at the chest wall, suggesting that adding chest wall irradiation could be beneficial, though the study did not directly test this approach.",False,True,The statistical significance of the identified risk factors (age and tumor size) for local failure was changed from 'without statistical significance' to 'statistically significant'.,without statistical significance,and were statistically significant,[]
pubmedqa_wtt_batch_cache 7,target_gpt_oss_20b__aux_gemma4_e4b,186,22211919,"Actinobaculum schaalii, a cause of urinary tract infections in children?",maybe,False,0,urinary_tract_infection_status,disease or condition,Whether the children screened had a confirmed urinary tract infection.,Present (in the two children),Absent or unknown,True,yes,Actinobaculum schaalii can cause urinary tract infections in children.,"The abstract reports that A. schaalii was detected by both culture and PCR in two children who had urinary tract infections and significant leukocyte counts, indicating it as a causative agent.",maybe,Actinobaculum schaalii may be a cause of urinary tract infections in children.,"The abstract reports detection of A. schaalii in urine samples from children, including two with high leukocyte counts, but the infection status was unknown, so causality is not definitively established.",True,True,The description of the clinical condition (urinary tract infection) associated with the high bacterial load finding was changed to reflect an unknown or absent status.,in two children with a urinary tract infection and large numbers of leucocytes in the urine.,in two children with an unknown infection status and large numbers of leucocytes in the urine.,[]
pubmedqa_wtt_batch_cache 7,target_gpt_oss_20b__aux_gemma4_e4b,186,22211919,"Actinobaculum schaalii, a cause of urinary tract infections in children?",maybe,False,1,population_group,other,The age group of the children screened.,Children,Adults,True,yes,Actinobaculum schaalii can cause urinary tract infections in children.,"The abstract reports that A. schaalii was detected by both culture and PCR in two children who had urinary tract infections and significant leukocyte counts, indicating it as a causative agent.",maybe,The abstract does not provide evidence that Actinobaculum schaalii causes urinary tract infections in children.,"The study reports detection of A. schaalii in adult urine samples with UTI, but no data on pediatric cases are presented.",True,True,The population group screened for A. schaalii was changed from children to adults.,two children,two adults,[]
pubmedqa_wtt_batch_cache 7,target_gpt_oss_20b__aux_gemma4_e4b,186,22211919,"Actinobaculum schaalii, a cause of urinary tract infections in children?",maybe,False,2,detection_method_confirmation,other,Whether the detection of A. schaalii was confirmed by multiple methods (culture and PCR).,Both culture and PCR,"Only one method (e.g., only PCR)",True,yes,Actinobaculum schaalii can cause urinary tract infections in children.,"The abstract reports that A. schaalii was detected by both culture and PCR in two children who had urinary tract infections and significant leukocyte counts, indicating it as a causative agent.",yes,Actinobaculum schaalii is a cause of urinary tract infections in children.,"The abstract reports that A. schaalii was detected by PCR in urine samples from two children who had urinary tract infections and significant leukocyte counts, indicating its role as a pathogen in pediatric UTIs.",False,True,The confirmation method for A. schaalii in the second group of children was changed from requiring both culture and PCR confirmation to only requiring PCR confirmation.,by both culture and PCR,by real-time PCR,[]
pubmedqa_wtt_batch_cache 7,target_gpt_oss_20b__aux_gemma4_e4b,192,17444776,Is the holmium:YAG laser the best intracorporeal lithotripter for the ureter?,yes,False,0,comparison_group,comparison group,Whether the study compared holmium:YAG laser lithotripsy to other types of lithotripters.,None (The study only reports on holmium:YAG),"Comparison to other lithotripters (e.g., pneumatic or other laser types)",True,maybe,"The abstract reports high success and safety but does not compare holmium:YAG to other lithotripters, so it cannot be concluded that it is the best.","The study shows a 92.7% success rate at ureteroscopy and 96.7% at 3 months with minimal complications, yet it provides no comparative data against other intracorporeal lithotripters, so a definitive claim of superiority cannot be made.",maybe,The abstract does not provide evidence that holmium:YAG laser is definitively the best intracorporeal lithotripter for ureteral stones.,"While the study reports high success rates and low complications with holmium:YAG laser lithotripsy, it does not directly compare these outcomes to other lithotripsy methods or claim superiority.",False,True,"The abstract was modified to change the study's focus from a single-arm study (holmium:YAG only) to a comparative study, introducing the concept of comparing holmium:YAG to other lithotripsy methods in both the Purpose and Methods sections.","[PURPOSE] To study the efficiency and safety of holmium:YAG laser lithotripsy for ureteral stones.
[PATIENTS AND METHODS] A series of 188 patients with 208 ureteral stones were treated with semirigid ureteroscopy and holmium:YAG laser lithotripsy from January 2003 to December 2005.","[PURPOSE] To compare the efficiency and safety of holmium:YAG laser lithotripsy versus other lithotripsy methods for ureteral stones.
[PATIENTS AND METHODS] A series of 188 patients with 208 ureteral stones were treated with semirigid ureteroscopy and various lithotripsy methods from January 2003 to December 2005.",[]
pubmedqa_wtt_batch_cache 7,target_gpt_oss_20b__aux_gemma4_e4b,192,17444776,Is the holmium:YAG laser the best intracorporeal lithotripter for the ureter?,yes,False,1,study_design,study design,"The type of study conducted, specifically whether it was a comparative trial.","Single-arm, retrospective study",Randomized controlled trial (RCT) comparing multiple lithotripters,False,maybe,"The abstract reports high success and safety but does not compare holmium:YAG to other lithotripters, so it cannot be concluded that it is the best.","The study shows a 92.7% success rate at ureteroscopy and 96.7% at 3 months with minimal complications, yet it provides no comparative data against other intracorporeal lithotripters, so a definitive claim of superiority cannot be made.",maybe,The abstract does not provide evidence that holmium:YAG laser is superior to other lithotripters.,"While the study reports high success rates for ureteral lithotripsy, it compares multiple lithotripters without indicating that holmium:YAG laser is the best option.",False,True,"The study design was changed from a single-arm, retrospective study to a randomized controlled trial (RCT) comparing multiple lithotripters. The MeSH terms were also updated to reflect this change.",A series of 188 patients with 208 ureteral stones were treated with semirigid ureteroscopy and holmium:YAG laser lithotripsy from January 2003 to December 2005.,A randomized controlled trial comparing multiple lithotripters involving 188 patients with 208 ureteral stones were treated with semirigid ureteroscopy and various lithotripsy methods.,[]
pubmedqa_wtt_batch_cache 7,target_gpt_oss_20b__aux_gemma4_e4b,197,2224269,Should general practitioners call patients by their first names?,yes,True,0,patient_comfort_with_first_name_addressing,measured outcome,The proportion of patients who are comfortable (liked or did not mind) being addressed by their first names by doctors.,"400 out of 475 (223 liked, 175 did not mind)","A significantly lower proportion, such as 150 out of 475",True,yes,"Yes, most patients are comfortable with being called by their first names.","The study found that 223 patients liked and 175 did not mind being addressed by their first names, while only 77 (mostly over 65) disliked it.",no,"No, most patients prefer not to be called by their first names.","The abstract reports that only 150 of 475 patients liked or did not mind being called by their first names, while 324 explicitly did not want to be addressed that way, indicating a general preference against first‑name usage.",True,True,"The reported proportion of patients comfortable with being addressed by their first names was changed from 400 out of 475 (223 liked, 175 did not mind) to 150 out of 475.",Most of the patients either liked (223) or did not mind (175) being called by their first names.,"A significantly lower proportion, such as 150 out of 475, of the patients either liked or did not mind being called by their first names.",[]
pubmedqa_wtt_batch_cache 7,target_gpt_oss_20b__aux_gemma4_e4b,197,2224269,Should general practitioners call patients by their first names?,yes,True,1,age_of_disagreeing_patients,disease or condition,The age group of the patients who disliked being addressed by their first names.,Most were aged over 65,Disliking patients were evenly distributed across all age groups,True,yes,"Yes, most patients are comfortable with being called by their first names.","The study found that 223 patients liked and 175 did not mind being addressed by their first names, while only 77 (mostly over 65) disliked it.",yes,"Yes, most patients are comfortable with doctors using their first names.","The study found that 223 patients liked being called by their first names and 175 did not mind, while only 77 disliked it, indicating a majority accept this practice.",False,True,The age distribution of patients who disliked being called by their first names was changed from being concentrated in those over 65 to being evenly distributed across all age groups.,most of whom were aged over 65,and disliking patients were evenly distributed across all age groups,[]
pubmedqa_wtt_batch_cache 7,target_gpt_oss_20b__aux_gemma4_e4b,197,2224269,Should general practitioners call patients by their first names?,yes,True,2,patient_desire_to_call_doctor_by_first_name,measured outcome,The proportion of patients who want to call the doctor by his or her first name.,Most patients (324) did not want to call the doctor by his or her first name,Most patients wanted to call the doctor by his or her first name,False,yes,"Yes, most patients are comfortable with being called by their first names.","The study found that 223 patients liked and 175 did not mind being addressed by their first names, while only 77 (mostly over 65) disliked it.",yes,"Yes, most patients are comfortable with doctors using their first names.","The survey found that 223 patients liked being called by their first names and 175 did not mind, while only 77 (mostly over 65) disliked it, indicating broad acceptability.",False,True,The statement regarding the proportion of patients who wanted to call the doctor by their first name was reversed from 'did not want' to 'did want'.,"Most patients (324) did not, however, want to call the doctor by his or her first name.","Most patients (324) did, however, want to call the doctor by his or her first name.",[]
pubmedqa_wtt_batch_cache 7,target_gpt_oss_20b__aux_gemma4_e4b,215,21214884,Can 'high-risk' human papillomaviruses (HPVs) be detected in human breast milk?,no,True,0,detection_result,measured outcome,The finding regarding the presence or absence of high-risk HPV DNA in the tested specimens.,No high-risk HPV DNA was detected.,High-risk HPV DNA was detected.,True,no,"No, high‑risk HPVs were not detected in the breast milk samples.","The study tested 32 human milk specimens and found no DNA of the high‑risk HPV types (16, 18, 31, 33, 35, 39, 45, 51, 52, 56, 58).",yes,"Yes, high‑risk HPV DNA can be detected in human breast milk.","The study found high‑risk HPV types (e.g., 16, 18, 31, 33, 35, 39, 45, 51, 52, 56, 58) in 32 milk specimens using PCR.",True,True,The detection result changed from 'no high-risk HPV DNA was detected' to 'high-risk HPV DNA was detected'.,"no 'high-risk' HPV 16, 18, 31, 33, 35, 39, 45, 51, 52, 56, 58 or 58 DNA was detected.","high-risk HPV DNA, including types 16, 18, 31, 33, 35, 39, 45, 51, 52, 56, 58 or 58, was detected.",[]
pubmedqa_wtt_batch_cache 7,target_gpt_oss_20b__aux_gemma4_e4b,215,21214884,Can 'high-risk' human papillomaviruses (HPVs) be detected in human breast milk?,no,True,1,high_risk_hpv_types,disease or condition,The specific group of HPV types tested for (high-risk types).,"High-risk HPV types (16, 18, 31, 33, 35, 39, 45, 51, 52, 56, 58).",All HPV types (including low-risk types).,True,no,"No, high‑risk HPVs were not detected in the breast milk samples.","The study tested 32 human milk specimens and found no DNA of the high‑risk HPV types (16, 18, 31, 33, 35, 39, 45, 51, 52, 56, 58).",no,"No, high‑risk HPVs were not detected in human breast milk.","The study tested 32 milk samples and found no HPV DNA of any type, including high‑risk strains.",False,True,The scope of HPV types tested for was changed from only high-risk types to all HPV types (including low-risk types).,"'high-risk' HPV 16, 18, 31, 33, 35, 39, 45, 51, 52, 56, 58 or 58",All HPV types (including low-risk types),[]
pubmedqa_wtt_batch_cache 7,target_gpt_oss_20b__aux_gemma4_e4b,215,21214884,Can 'high-risk' human papillomaviruses (HPVs) be detected in human breast milk?,no,True,2,sample_matrix,other,The biological fluid from which the specimens were collected.,Human breast milk.,Human blood.,True,no,"No, high‑risk HPVs were not detected in the breast milk samples.","The study tested 32 human milk specimens and found no DNA of the high‑risk HPV types (16, 18, 31, 33, 35, 39, 45, 51, 52, 56, 58).",maybe,The abstract does not provide evidence that high‑risk HPVs can be detected in breast milk.,"The study examined HPV DNA in maternal blood, not breast milk, and found no high‑risk HPV DNA in the blood samples.",True,True,The sample matrix was changed from 'Human breast milk' to 'Human blood' in both the Methods and Results sections.,human breast milk; human milk specimens,human blood; human blood specimens,[]
pubmedqa_wtt_batch_cache 8,target_qwen2_5_72b__aux_gemma4_e4b,8,17113061,Do mutations causing low HDL-C promote increased carotid intima-media thickness?,no,True,0,cimt_comparison,measured outcome,The comparison of carotid intima-media thickness (cIMT) between cases (with mutations) and controls.,Nearly identical (0.66+/-0.17 cm vs 0.65+/-0.18 cm),"Significantly increased in cases (e.g., 0.80 cm)",True,no,Mutations causing low HDL-C do not promote increased carotid intima-media thickness.,"The study found that despite significantly lower HDL cholesterol levels, carotid intima-media thickness (cIMT) was nearly identical between cases with genetic mutations and controls.",yes,Mutations causing low HDL-C are associated with increased carotid intima-media thickness.,"The study found that despite significantly lower HDL cholesterol levels, cases with genetic mutations in LCAT, ABCA1, and APOA1 had a significantly increased cIMT compared to controls.",True,True,The comparison of cIMT between cases and controls was changed from 'nearly identical' to 'significantly increased in cases'.,cIMT was nearly identical between cases (0.66+/-0.17 cm) and controls (0.65+/-0.18 cm),"cIMT was significantly increased in cases (e.g., 0.80 cm) compared to controls",[]
pubmedqa_wtt_batch_cache 8,target_qwen2_5_72b__aux_gemma4_e4b,8,17113061,Do mutations causing low HDL-C promote increased carotid intima-media thickness?,no,True,1,hdl_cholesterol_difference,measured outcome,The difference in HDL cholesterol levels between cases (with mutations) and controls.,Significantly lower in cases (0.67 vs 1.58 mmol/l),Not significantly different between cases and controls,True,no,Mutations causing low HDL-C do not promote increased carotid intima-media thickness.,"The study found that despite significantly lower HDL cholesterol levels, carotid intima-media thickness (cIMT) was nearly identical between cases with genetic mutations and controls.",no,Mutations causing low HDL-C do not promote increased carotid intima-media thickness.,"The study found that despite significantly lower HDL cholesterol levels in cases with genetic mutations, the carotid intima-media thickness (cIMT) was nearly identical between cases and controls.",False,True,"The finding regarding the difference in HDL-C between cases and controls was changed from 'significantly lower' to 'not significantly different', reflecting a null finding for the measured outcome.",despite significantly lower HDL cholesterol (0.67 vs. 1.58 mmol/l),despite HDL cholesterol levels that were not significantly different (0.67 vs. 1.58 mmol/l),[]
pubmedqa_wtt_batch_cache 8,target_qwen2_5_72b__aux_gemma4_e4b,17,17096624,Do patterns of knowledge and attitudes exist among unvaccinated seniors?,yes,True,0,number_of_clusters,other,The number of distinct clusters identified based on immunization knowledge and attitudes.,4,1,True,yes,"Yes, patterns of knowledge and attitudes exist among unvaccinated seniors.","The study identified four distinct clusters of unvaccinated seniors based on their immunization-related knowledge and attitudes: Potentials, Fearful Uninformeds, Doubters, and Misinformeds.",,,,False,False,"COUNTERFACTUAL_GENERATION_FAILED: No JSON found in output:
```json
{
  ""counterfactual_context"": ""[OBJECTIVE] To examine patterns of knowledge and attitudes among adults aged>65 years unvaccinated for influenza.\n[METHODS] Surveyed Medicare beneficiaries in 5 areas; clustered unvaccinated seniors by their immunization related knowledge and attitudes.\n[RESULTS] Identified 1 cluster.\nMeSH terms: Aged, Aged, 80 and over, Female, Health Knowledge, Attitudes, Practice, Humans, Immunization Programs, Influenza A virus, Influenza, Human, Interviews as Topic, Male, United States"",
  ""changed_span_original"": ""Identified 4 clusters: Potentials (45%) would receive influenza vaccine to prevent disease; Fearful Uninformeds (9%) were unsure if influenza vaccine causes illness; Doubters (27%) were unsure if vaccine is efficacious; Misinformeds (19%) believed influenza vaccine causes illness. More Potentials (75%) and Misinformeds (70%) ever received influenza vaccine than did Fearful Uninformeds (18%) and Doubters (29%)."",
  ""changed_span_counterfactual"": ""Identified 1 cluster."",
  ""change_summary"": ""The number of distinct clusters identified was changed from 4 to 1. Consequently, the detailed descriptions of",,,['counterfactual generation failed']
pubmedqa_wtt_batch_cache 8,target_qwen2_5_72b__aux_gemma4_e4b,17,17096624,Do patterns of knowledge and attitudes exist among unvaccinated seniors?,yes,True,1,unvaccinated_seniors,comparison group,The specific population group studied (adults aged >65 years unvaccinated for influenza).,Unvaccinated seniors,Vaccinated seniors,True,yes,"Yes, patterns of knowledge and attitudes exist among unvaccinated seniors.","The study identified four distinct clusters of unvaccinated seniors based on their immunization-related knowledge and attitudes: Potentials, Fearful Uninformeds, Doubters, and Misinformeds.",no,The study did not specifically examine unvaccinated seniors.,"The abstract describes a survey of Medicare beneficiaries who were vaccinated for influenza, and it clusters these vaccinated seniors based on their knowledge and attitudes. It does not provide information about the patterns of knowledge and attitudes among unvaccinated seniors.",True,True,The study population was changed from 'unvaccinated seniors' to 'vaccinated seniors' in both the Objective and Methods sections.,"unvaccinated

unvaccinated seniors","vaccinated

vaccinated seniors",[]
pubmedqa_wtt_batch_cache 8,target_qwen2_5_72b__aux_gemma4_e4b,17,17096624,Do patterns of knowledge and attitudes exist among unvaccinated seniors?,yes,True,2,measured_variables,other,The types of factors measured to determine patterns (knowledge and attitudes).,Knowledge and attitudes,Knowledge only,True,yes,"Yes, patterns of knowledge and attitudes exist among unvaccinated seniors.","The study identified four distinct clusters of unvaccinated seniors based on their immunization-related knowledge and attitudes: Potentials, Fearful Uninformeds, Doubters, and Misinformeds.",yes,Patterns of knowledge and attitudes do exist among unvaccinated seniors.,"The study identified four distinct clusters of unvaccinated seniors based on their immunization-related knowledge: Potentials, Fearful Uninformeds, Doubters, and Misinformeds.",False,True,The measured variables were changed from 'Knowledge and attitudes' to 'Knowledge only' in the Objective and Methods sections.,"To examine patterns of knowledge and attitudes among adults aged>65 years unvaccinated for influenza.
...clustered unvaccinated seniors by their immunization related knowledge and attitudes.","To examine patterns of knowledge among adults aged>65 years unvaccinated for influenza.
...clustered unvaccinated seniors by their immunization related knowledge.",[]
pubmedqa_wtt_batch_cache 8,target_qwen2_5_72b__aux_gemma4_e4b,29,28707539,Visceral adipose tissue area measurement at a single level: can it represent visceral adipose tissue volume?,yes,True,0,correlation_strength,statistical significance,The strength of the correlation (r value) found between VAT area changes and VAT volume changes.,Strong (r values of 0.853 and 0.902),"Weak or non-existent (e.g., r < 0.5)",True,yes,Visceral adipose tissue area measurement at a single level can represent visceral adipose tissue volume.,"The study found that the strongest correlation of VAT area with VAT volume was shown in a slice 3 cm above the lower margin of L3, indicating that a single-level measurement can effectively reflect changes in VAT volume.",maybe,Visceral adipose tissue area measurement at a single level may represent visceral adipose tissue volume.,"The study found that the strongest correlations of VAT area with VAT volume were shown in a slice 3 cm above the lower margin of L3, suggesting that a single-level measurement can reflect changes in VAT volume to some extent, but it does not definitively state that this is always the case.",True,True,The correlation strength (r values) between VAT area changes and VAT volume/body weight changes was changed from strong (0.853 and 0.902) to weak/non-existent (0.41 and 0.45).,"with r values of 0.853 and 0.902, respectively.","with r values of 0.41 and 0.45, respectively.",[]
pubmedqa_wtt_batch_cache 8,target_qwen2_5_72b__aux_gemma4_e4b,29,28707539,Visceral adipose tissue area measurement at a single level: can it represent visceral adipose tissue volume?,yes,True,1,optimal_slice_location,other,The specific CT slice level where the strongest correlation was observed.,3 cm above the lower margin of L3,"A different anatomical location or slice level (e.g., 5 cm above L3)",True,yes,Visceral adipose tissue area measurement at a single level can represent visceral adipose tissue volume.,"The study found that the strongest correlation of VAT area with VAT volume was shown in a slice 3 cm above the lower margin of L3, indicating that a single-level measurement can effectively reflect changes in VAT volume.",yes,Visceral adipose tissue area measurement at a single level can represent visceral adipose tissue volume.,"The study found that the strongest correlation of VAT area with VAT volume was shown in a slice 5 cm above the lower margin of L3, indicating that a single-level measurement can effectively reflect changes in VAT volume.",False,True,The optimal slice location for measuring VAT area was changed from 3 cm above the lower margin of L3 to 5 cm above the lower margin of L3.,3 cm above the lower margin of L3,5 cm above the lower margin of L3,[]
pubmedqa_wtt_batch_cache 8,target_qwen2_5_72b__aux_gemma4_e4b,29,28707539,Visceral adipose tissue area measurement at a single level: can it represent visceral adipose tissue volume?,yes,True,2,area_to_volume_correlation,measured outcome,Whether the measured change in VAT area correlates strongly with the change in VAT volume.,Strong correlation found,No significant correlation found,True,yes,Visceral adipose tissue area measurement at a single level can represent visceral adipose tissue volume.,"The study found that the strongest correlation of VAT area with VAT volume was shown in a slice 3 cm above the lower margin of L3, indicating that a single-level measurement can effectively reflect changes in VAT volume.",no,Visceral adipose tissue area measurement at a single level cannot reliably represent visceral adipose tissue volume.,"The study found that the correlations of VAT area with VAT volume and body weight changes were not significantly different across the measured slices, with r values generally below 0.3, indicating poor correlation.",True,True,The reported strong correlations (r=0.853 and r=0.902) were changed to reflect no significant correlation (r < 0.3) between VAT area and VAT volume/body weight changes.,"The strongest correlations of VAT area with VAT volume and body weight changes were shown in a slice 3 cm above the lower margin of L3 with r values of 0.853 and 0.902, respectively.","The correlations of VAT area with VAT volume and body weight changes were not significantly different across the measured slices, with r values generally below 0.3 for both VAT volume and body weight changes.",[]
pubmedqa_wtt_batch_cache 8,target_qwen2_5_72b__aux_gemma4_e4b,32,9645785,Is a mandatory general surgery rotation necessary in the surgical clerkship?,no,True,0,score_difference,measured outcome,The comparison of scores between students who received the general surgery rotation and those who did not.,no differences in scores,significant differences in scores,True,no,A mandatory general surgery rotation is not necessary in the surgical clerkship.,"The study found no differences in scores between students who had a general surgery rotation and those who did not, indicating that equal mastery of surgical clerkship objectives can be achieved without a mandatory general surgery rotation.",maybe,The necessity of a mandatory general surgery rotation is uncertain.,"While students were assessed with and without a general surgery rotation, significant differences in scores between groups on certain parameters were identified, suggesting that the absence of general surgery may impact learning outcomes.",True,True,"The finding regarding score equality was changed from 'no differences in scores' to 'significant differences in scores,' requiring the conclusion to change from 'no specific concerns' to 'specific concerns' to maintain internal consistency.",Data for 54 students showed no differences in scores between groups on any parameter. No specific concerns related to the absence of general surgery were identified.,Data for 54 students showed significant differences in scores between groups on certain parameters. Specific concerns related to the absence of general surgery were identified.,[]
pubmedqa_wtt_batch_cache 8,target_qwen2_5_72b__aux_gemma4_e4b,32,9645785,Is a mandatory general surgery rotation necessary in the surgical clerkship?,no,True,1,parameters_assessed,measured outcome,"The scope of the assessment, indicating that the lack of difference was found across all measured objectives.",any parameter,only written examination scores,True,no,A mandatory general surgery rotation is not necessary in the surgical clerkship.,"The study found no differences in scores between students who had a general surgery rotation and those who did not, indicating that equal mastery of surgical clerkship objectives can be achieved without a mandatory general surgery rotation.",no,A mandatory general surgery rotation is not necessary in the surgical clerkship.,"The study found no differences in scores between students who had a general surgery rotation and those who did not, suggesting that equal mastery of surgical clerkship objectives can be achieved without a mandatory general surgery rotation.",False,True,The scope of the measured outcome was narrowed from all assessed parameters to only written examination scores.,on any parameter,on only written examination scores,[]
pubmedqa_wtt_batch_cache 8,target_qwen2_5_72b__aux_gemma4_e4b,46,19504993,It's Fournier's gangrene still dangerous?,yes,True,0,mortality_rate,measured outcome,The proportion of patients who died from Fournier's gangrene.,35.7% (5 out of 14),5% (1 out of 14),True,yes,Fournier's gangrene is still dangerous.,"The abstract indicates a high mortality rate, with 5 out of 14 patients dying despite treatment, highlighting the continued danger of Fournier's gangrene.",yes,Fournier's gangrene is still dangerous.,"The abstract indicates a high mortality rate and significant morbidity despite treatment with antibiotics and aggressive debridement, highlighting the continued danger of Fournier's gangrene.",False,True,"The reported number of deaths and survivors was changed from 5 deaths and 9 survivors to 1 death and 13 survivors, reflecting a change in the calculated mortality rate from 35.7% to 5%.","Of the 14 patients, 5 died and 9 survived. Mean age was 54 years (range from 41-61): it was 53 years in the group of survivors and 62 years in deceased group.","Of the 14 patients, 1 died and 13 survived. Mean age was 54 years (range from 41-61): it was 53 years in the group of survivors and 62 years in deceased group.",[]
pubmedqa_wtt_batch_cache 8,target_qwen2_5_72b__aux_gemma4_e4b,46,19504993,It's Fournier's gangrene still dangerous?,yes,True,1,total_patient_count,numerical size,The total number of patients included in the retrospective review.,14,140,True,yes,Fournier's gangrene is still dangerous.,"The abstract indicates a high mortality rate, with 5 out of 14 patients dying despite treatment, highlighting the continued danger of Fournier's gangrene.",yes,Fournier's gangrene is still dangerous.,"The abstract indicates a high mortality rate of 35.7% (50 out of 140 patients) despite treatment with antibiotics and aggressive debridement, highlighting the continued danger of Fournier's gangrene.",False,True,"The total patient count was changed from 14 to 140. To maintain internal consistency, the number of deceased patients was adjusted from 5 to 50, and the number of surviving patients was adjusted from 9 to 90 (maintaining the original ratio of outcomes).","14 patients... Of the 14 patients, 5 died and 9 survived.","140 patients... Of the 140 patients, 50 died and 90 survived.",[]
pubmedqa_wtt_batch_cache 8,target_qwen2_5_72b__aux_gemma4_e4b,46,19504993,It's Fournier's gangrene still dangerous?,yes,True,2,survival_rate,measured outcome,The proportion of patients who survived the condition.,64.3% (9 out of 14),95% (13 out of 14),True,yes,Fournier's gangrene is still dangerous.,"The abstract indicates a high mortality rate, with 5 out of 14 patients dying despite treatment, highlighting the continued danger of Fournier's gangrene.",,,,False,False,"COUNTERFACTUAL_GENERATION_FAILED: No JSON found in output:
```json
{
  ""counterfactual_context"": ""[BACKGROUND] Fournier's gangrene is known to have an impact in the morbidity and despite antibiotics and aggressive debridement, the mortality rate remains high.\n[OBJECTIVES] To assess the morbidity and mortality in the treatment of Fournier's gangrene in our experience.\n[METHODS] The medical records of 14 patients with Fournier's gangrene who presented at the University Hospital Center \""Mother Teresa\"" from January 1997 to December 2006 were reviewed retrospectively to analyze the outcome and identify the risk factor and prognostic indicators of mortality.\n[RESULTS] Of the 14 patients, 1 died and 13 survived, resulting in a survival rate of 95% (13 out of 14). Mean age was 54 years (range from 41-61): it was 53 years in the group of survivors and 62 years in deceased group. There was a significant difference in leukocyte count between patients who survived (range 4900-17000/mm) and those died (range 20.300-31000/mm3). Mean hospital stay was about 19 days (range 2-57 days)."",
  ""changed_span_original"": ""Of the 14 patients, 5 died and 9 survived."",
  ""changed_span_counterfactual"": ""Of the 14 patients, 1 died and 13 survived, resulting in a survival rate of 95% (13 out of 14)."",
  ""change_summary"": ""The overall outcome count was changed from 5 deaths and 9 survivors to 1 death and 13 survivors,",,,['counterfactual generation failed']
pubmedqa_wtt_batch_cache 8,target_qwen2_5_72b__aux_gemma4_e4b,54,25277731,Sternal fracture in growing children : A rare and often overlooked fracture?,maybe,False,0,rarity_of_fracture,other,The perceived frequency or rarity of sternal fractures in childhood.,rare,common,True,yes,Sternal fractures are rare in children.,"The abstract states that sternal fractures in childhood are rare, and only 4 cases were treated over a 2-year period.",maybe,Sternal fractures in growing children may be rare and sometimes overlooked.,"The study recorded only 4 cases of sternal fractures in children over a 2-year period, suggesting that these injuries might be relatively uncommon. However, the abstract does not provide information on whether these fractures are often overlooked.",True,True,The perceived frequency of sternal fractures in childhood was changed from 'rare' to 'common'.,rare,common,[]
pubmedqa_wtt_batch_cache 8,target_qwen2_5_72b__aux_gemma4_e4b,54,25277731,Sternal fracture in growing children : A rare and often overlooked fracture?,maybe,False,1,total_number_of_cases,numerical size,The total number of children with sternal fractures treated during the study period.,4,40,True,yes,Sternal fractures are rare in children.,"The abstract states that sternal fractures in childhood are rare, and only 4 cases were treated over a 2-year period.",yes,Sternal fractures are rare in children.,"The abstract states that 'sternal fractures in childhood are rare,' which directly supports the label 'yes'.",False,True,"The total number of children treated (4) was increased to 40. To maintain internal consistency, the breakdown of hospitalized (2) and outpatient (2) cases was proportionally increased to 20 each (20 + 20 = 40).","4 children aged 5-14 years with a sternal fracture were treated in 2 years, 2 children were hospitalized for pain management and 2 remained in outpatient care.","40 children aged 5-14 years with a sternal fracture were treated in 2 years, 20 children were hospitalized for pain management and 20 remained in outpatient care.",[]
pubmedqa_wtt_batch_cache 8,target_qwen2_5_72b__aux_gemma4_e4b,54,25277731,Sternal fracture in growing children : A rare and often overlooked fracture?,maybe,False,2,study_duration,follow-up duration,The length of time the study recorded cases of sternal fractures.,2 years,20 years,True,yes,Sternal fractures are rare in children.,"The abstract states that sternal fractures in childhood are rare, and only 4 cases were treated over a 2-year period.",yes,Sternal fractures are rare in children.,"The study recorded only 4 cases of sternal fractures in children over a 20-year period, indicating that these injuries are indeed rare.",False,True,The duration over which the children were treated (study_duration) was changed from 2 years to 20 years.,2 years,20 years,[]
pubmedqa_wtt_batch_cache 8,target_qwen2_5_72b__aux_gemma4_e4b,59,27491658,Can predilatation in transcatheter aortic valve implantation be omitted?,yes,False,0,statistical_significance_of_difference,statistical significance,Whether or not there were significant differences in outcomes between the predilatation group and the no-predilatation group.,No significant differences,"Significant differences (e.g., worse outcomes without predilatation)",True,maybe,Predilatation in transcatheter aortic valve implantation can potentially be omitted.,"The study found no significant differences in early hemodynamic results or complication rates between patients who underwent balloon predilatation and those who did not, suggesting that predilatation may not be necessary.",no,Predilatation should not be omitted.,The study found that omitting balloon predilatation in TAVI led to worse early hemodynamic results and higher complication rates.,True,True,"The statistical finding was changed from 'no significant differences' to 'significant differences,' specifically indicating that omitting predilatation led to worse outcomes.",There were no significant differences between the groups regarding early hemodynamic results or complication rates.,"There were significant differences between the groups, with the no-predilatation group showing worse outcomes regarding early hemodynamic results and higher complication rates.",[]
pubmedqa_wtt_batch_cache 8,target_qwen2_5_72b__aux_gemma4_e4b,59,27491658,Can predilatation in transcatheter aortic valve implantation be omitted?,yes,False,1,measured_outcome,measured outcome,The specific clinical outcomes measured (hemodynamic results or complication rates).,Early hemodynamic results or complication rates,Long-term mortality or stroke rates,True,maybe,Predilatation in transcatheter aortic valve implantation can potentially be omitted.,"The study found no significant differences in early hemodynamic results or complication rates between patients who underwent balloon predilatation and those who did not, suggesting that predilatation may not be necessary.",maybe,Predilatation in transcatheter aortic valve implantation can potentially be omitted.,"The study found no significant differences in long-term mortality or stroke rates between patients who underwent balloon predilatation and those who did not, suggesting that predilatation may not be necessary.",False,True,The measured outcome was changed from early hemodynamic results or complication rates to long-term mortality or stroke rates.,early hemodynamic results or complication rates,long-term mortality or stroke rates,[]
pubmedqa_wtt_batch_cache 8,target_qwen2_5_72b__aux_gemma4_e4b,59,27491658,Can predilatation in transcatheter aortic valve implantation be omitted?,yes,False,2,study_design,study design,The methodology used to compare the two groups (randomization).,Randomized (RCT),Observational/Retrospective,False,maybe,Predilatation in transcatheter aortic valve implantation can potentially be omitted.,"The study found no significant differences in early hemodynamic results or complication rates between patients who underwent balloon predilatation and those who did not, suggesting that predilatation may not be necessary.",maybe,Predilatation in transcatheter aortic valve implantation can potentially be omitted.,"The study found no significant differences in early hemodynamic results or complication rates between patients who received balloon predilatation and those who did not, suggesting that predilatation might be optional.",False,True,The study design was changed from a randomized controlled trial (RCT) to an observational/retrospective cohort study.,Sixty consecutive TAVI patients were randomized to the standard procedure or to a protocol where balloon predilatation was omitted.,"Sixty consecutive TAVI patients were analyzed, comparing those who received the standard procedure with those who had a protocol where balloon predilatation was omitted.",[]
pubmedqa_wtt_batch_cache 8,target_qwen2_5_72b__aux_gemma4_e4b,71,18049437,Is there any relationship between streptococcal infection and multiple sclerosis?,yes,False,0,adnase_b_levels,measured outcome,The measured level of ADNase B in MS patients compared to controls.,Significantly higher in MS patients than controls,Similar to controls,True,maybe,There may be a relationship between streptococcal infection and multiple sclerosis.,"The study found significantly higher levels of ADNase B, an indicator of past group A streptococcal infection, in patients with MS compared to controls, suggesting a possible association.",maybe,There is no definitive relationship shown between streptococcal infection and multiple sclerosis based on the measured antibody levels.,"The study found that ADNase B and ASO levels were similar in patients with MS and healthy controls, suggesting no significant difference in past group A streptococcal infection between the two groups.",False,True,"The reported level of ADNase B in MS patients was changed from 'significantly higher than controls' to 'similar to controls', adjusting the p-value for consistency.",ADNase B levels in the patients with MS were found to be significantly higher than in the controls (p<0.001),ADNase B levels in the patients with MS were found to be similar to controls (p>0.05),[]
pubmedqa_wtt_batch_cache 8,target_qwen2_5_72b__aux_gemma4_e4b,71,18049437,Is there any relationship between streptococcal infection and multiple sclerosis?,yes,False,1,aso_levels,measured outcome,The measured level of Antistreptolysin O (ASO) in MS patients compared to controls.,Similar in both groups,Significantly higher in MS patients than controls,False,maybe,There may be a relationship between streptococcal infection and multiple sclerosis.,"The study found significantly higher levels of ADNase B, an indicator of past group A streptococcal infection, in patients with MS compared to controls, suggesting a possible association.",yes,There is a relationship between streptococcal infection and multiple sclerosis.,"The study found significantly higher levels of antideoxyribonuclease B (ADNase B) and antistreptolysin O (ASO) in patients with relapsing-remitting MS compared to healthy controls, suggesting a relationship between past streptococcal infection and MS.",True,True,The reported ASO levels were changed from 'Similar in both groups' to 'Significantly higher in MS patients than controls'.,"however, ASO levels were similar in both groups.","however, ASO levels were significantly higher in MS patients than controls.",[]
pubmedqa_wtt_batch_cache 8,target_qwen2_5_72b__aux_gemma4_e4b,71,18049437,Is there any relationship between streptococcal infection and multiple sclerosis?,yes,False,2,statistical_significance,statistical significance,The statistical evidence supporting the difference in ADNase B levels.,p < 0.001,p > 0.05,True,maybe,There may be a relationship between streptococcal infection and multiple sclerosis.,"The study found significantly higher levels of ADNase B, an indicator of past group A streptococcal infection, in patients with MS compared to controls, suggesting a possible association.",maybe,There is no definitive relationship shown between streptococcal infection and multiple sclerosis based on the measured antibody levels.,"The study found that ADNase B and ASO levels were similar in patients with MS and healthy controls, suggesting no significant difference in past group A streptococcal infection between the two groups.",False,True,The statistical significance of the difference in ADNase B levels between MS patients and controls was changed from highly significant (p < 0.001) to non-significant (p > 0.05). The descriptive text was minimally adjusted to reflect this lack of significant difference.,ADNase B levels in the patients with MS were found to be significantly higher than in the controls (p<0.001),ADNase B levels in the patients with MS were found to be similar to those in the controls (p>0.05),[]
pubmedqa_wtt_batch_cache 8,target_qwen2_5_72b__aux_gemma4_e4b,86,11570976,Is it Crohn's disease?,maybe,False,0,patient_primary_diagnosis,disease or condition,The specific diagnosis given to the patient in the case presentation.,rheumatoid arthritis,Crohn's disease,True,no,"The patient has rheumatoid arthritis, not Crohn's disease.","The abstract specifically mentions that the patient was a 21-year-old female with rheumatoid arthritis who developed a severe systemic reaction to sulfasalazine. While sulfasalazine is used in both inflammatory bowel disease and rheumatological disorders, the context clearly indicates that this case pertains to rheumatoid arthritis.",yes,The patient has Crohn's disease.,The abstract specifically mentions that the severe systemic reaction to sulfasalazine developed in a 21-year-old female with Crohn's disease.,True,True,The patient's primary diagnosis was changed from rheumatoid arthritis to Crohn's disease.,rheumatoid arthritis,Crohn's disease,[]
pubmedqa_wtt_batch_cache 8,target_qwen2_5_72b__aux_gemma4_e4b,86,11570976,Is it Crohn's disease?,maybe,False,1,enteritis_type,disease or condition,The specific type of enteritis observed in the patient.,granulomatous enteritis,ulcerative enteritis,False,no,"The patient has rheumatoid arthritis, not Crohn's disease.","The abstract specifically mentions that the patient was a 21-year-old female with rheumatoid arthritis who developed a severe systemic reaction to sulfasalazine. While sulfasalazine is used in both inflammatory bowel disease and rheumatological disorders, the context clearly indicates that this case pertains to rheumatoid arthritis.",no,"The patient has rheumatoid arthritis, not Crohn's disease.","The abstract specifically mentions that the patient had rheumatoid arthritis and was being treated with sulfasalazine for this condition. While sulfasalazine is also used in inflammatory bowel diseases like Crohn’s disease, there is no mention of Crohn’s disease in this case.",False,True,The specific type of enteritis observed in the patient was changed from granulomatous enteritis to ulcerative enteritis.,granulomatous enteritis,ulcerative enteritis,[]
pubmedqa_wtt_batch_cache 8,target_qwen2_5_72b__aux_gemma4_e4b,95,23076787,Can increases in the cigarette tax rate be linked to cigarette retail prices?,no,True,0,tax_increase_year,numerical size,The specific year of the excise tax increase mentioned in the context.,2009,2015,True,no,The 2009 excise tax increase did not lead to higher retail prices for cigarettes.,"According to the abstract, the Chinese State Tobacco Monopoly Administration used its policy authority to ensure that retail cigarette prices did not change despite the 2009 excise tax increase.",maybe,The link between cigarette tax increases and retail prices is not straightforward.,"According to the abstract, the 2015 excise tax increase did not result in higher retail prices due to the Chinese STMA's intervention, suggesting that while tax increases can potentially affect retail prices, they do not necessarily do so when regulated by authorities.",True,True,The year of the excise tax increase was changed from 2009 to 2015.,2009 excise tax increase,2015 excise tax increase,[]
pubmedqa_wtt_batch_cache 8,target_qwen2_5_72b__aux_gemma4_e4b,95,23076787,Can increases in the cigarette tax rate be linked to cigarette retail prices?,no,True,1,retail_price_change,measured outcome,Whether the retail price of cigarettes increased following the tax increase.,no increase,increase,True,no,The 2009 excise tax increase did not lead to higher retail prices for cigarettes.,"According to the abstract, the Chinese State Tobacco Monopoly Administration used its policy authority to ensure that retail cigarette prices did not change despite the 2009 excise tax increase.",yes,Increases in the cigarette tax rate can be linked to higher retail prices.,"The 2009 excise tax increase on cigarettes in China resulted in higher retail prices for consumers, as stated in the abstract.",True,True,"The abstract was changed to reflect that the 2009 excise tax increase did result in higher retail prices, reversing the original claim that the STMA prevented any price change.",The 2009 excise tax increase on cigarettes in China has not translated into higher retail prices because the Chinese STMA used its policy authority to ensure that retail cigarette prices did not change. [...] with no increase in the retail price of cigarettes for consumers.,The 2009 excise tax increase on cigarettes in China has translated into higher retail prices. [...] with an increase in the retail price of cigarettes for consumers.,[]
pubmedqa_wtt_batch_cache 8,target_qwen2_5_72b__aux_gemma4_e4b,95,23076787,Can increases in the cigarette tax rate be linked to cigarette retail prices?,no,True,2,stma_policy_authority,other,The use of the Chinese State Tobacco Monopoly Administration's policy authority to control pricing.,used its policy authority,did not use its policy authority,True,no,The 2009 excise tax increase did not lead to higher retail prices for cigarettes.,"According to the abstract, the Chinese State Tobacco Monopoly Administration used its policy authority to ensure that retail cigarette prices did not change despite the 2009 excise tax increase.",no,The 2009 excise tax increase on cigarettes in China did not result in higher retail prices.,"According to the study, despite the government's tax increase, the Chinese State Tobacco Monopoly Administration (STMA) did not use its policy authority to ensure that retail cigarette prices changed, leading to no increase in the retail price of cigarettes for consumers.",False,True,"The description of the Chinese STMA's role in maintaining stable retail prices after the 2009 tax increase was changed from 'used its policy authority' to 'did not use its policy authority', requiring a minimal structural edit ('because' to 'suggesting that') to maintain internal consistency.",used its policy authority,did not use its policy authority,[]
pubmedqa_wtt_batch_cache 8,target_qwen2_5_72b__aux_gemma4_e4b,118,19106867,"The Main Gate Syndrome: a new format in mass-casualty victim ""surge"" management?",yes,False,0,main_gate_syndrome_mention,other,"Whether the specific syndrome, 'Main Gate Syndrome,' is mentioned or introduced in the context.",Not mentioned,Mentioned/Introduced,True,no,The Main Gate Syndrome is not mentioned as a new format in mass-casualty victim 'surge' management.,The abstract describes the experience of a French-German Military Trauma Group in managing casualties from suicide bombings but does not mention or introduce the concept of 'Main Gate Syndrome.',maybe,The Main Gate Syndrome may represent a new format in mass-casualty victim 'surge' management.,"The abstract mentions the novel problem of managing the massive simultaneous arrival of many gravely wounded patients due to recent suicide bombings, which could be indicative of a new approach or challenge in surge management, but it does not explicitly define this as a new format.",True,True,The Introduction was modified to introduce 'Main Gate Syndrome' as the specific focus of the novel problem faced by Trauma Centers.,Recent suicide bombings pose the novel problem for Trauma Centers of the massive simultaneous arrival of many gravely wounded patients.,"Recent suicide bombings pose the novel problem for Trauma Centers, particularly regarding the management of Main Gate Syndrome, due to the massive simultaneous arrival of many gravely wounded patients.",[]
pubmedqa_wtt_batch_cache 8,target_qwen2_5_72b__aux_gemma4_e4b,124,18540901,Transient tachypnea of the newborn (TTN): a role for polymorphisms in the beta-adrenergic receptor (ADRB) encoding genes?,yes,True,0,beta1gly49_homozygote_risk,measured outcome,The increased risk of TTN associated with being homozygous for the beta1Gly49 polymorphism.,OR 18.5; p = 0.023,OR < 1 or p > 0.05,True,yes,The study found a significant association between polymorphisms in the ADRB2 gene and TTN.,The results of the multivariate analysis showed that beta1Gly49 homozygotes had a higher risk for TTN (OR 18.5; 95%CI 1.5-229; p = 0.023) and there was a significant association of the TACC haplotype in the ADRB2 gene with TTN (p = 0.048).,yes,"The ADRB2 gene polymorphisms, particularly the TACC haplotype, are associated with TTN.","The study found a significant association of the T-47C, A46G, C79G and C491T (TACC) haplotype in the ADRB2 gene with transient tachypnea of the newborn (TTN).",False,True,"The reported association between beta1Gly49 homozygosity and TTN risk was changed from a significant, high-risk finding (OR 18.5; p = 0.023) to a non-significant, protective finding (OR 0.8; p = 0.15). The descriptive text 'higher risk' was minimally adjusted to 'lower risk' to maintain internal consistency with the new OR value.",Multivariate analysis provided beta1Gly49 homozygotes with higher risk for TTN (OR 18.5; 95%CI 1.5-229; p = 0.023) than beta1Ser49 allele carrier.,Multivariate analysis provided beta1Gly49 homozygotes with lower risk for TTN (OR 0.8; 95%CI 0.3-2.2; p = 0.15) than beta1Ser49 allele carrier.,[]
pubmedqa_wtt_batch_cache 8,target_qwen2_5_72b__aux_gemma4_e4b,124,18540901,Transient tachypnea of the newborn (TTN): a role for polymorphisms in the beta-adrenergic receptor (ADRB) encoding genes?,yes,True,1,tacc_haplotype_association,statistical significance,"The significant association of the T-47C, A46G, C79G and C491T (TACC) haplotype in the ADRB2 gene with TTN.",p = 0.048,p > 0.05,True,yes,The study found a significant association between polymorphisms in the ADRB2 gene and TTN.,The results of the multivariate analysis showed that beta1Gly49 homozygotes had a higher risk for TTN (OR 18.5; 95%CI 1.5-229; p = 0.023) and there was a significant association of the TACC haplotype in the ADRB2 gene with TTN (p = 0.048).,yes,The beta1Ser49Gly polymorphism is associated with a higher risk for TTN.,The multivariate analysis provided evidence that beta1Gly49 homozygotes have a significantly higher risk for TTN (OR 18.5; 95%CI 1.5-229; p = 0.023) compared to beta1Ser49 allele carriers.,False,True,"The statistical significance of the TACC haplotype association was changed from p = 0.048 to p > 0.05, requiring the modification of the descriptive phrase 'significant association' to 'no significant association'.","Further analysis showed significant association of T-47C, A46G, C79G and C491T (TACC) haplotype in ADRB2 gene with TTN (p = 0.048).","Further analysis showed no significant association of T-47C, A46G, C79G and C491T (TACC) haplotype in ADRB2 gene with TTN (p > 0.05).",[]
pubmedqa_wtt_batch_cache 8,target_qwen2_5_72b__aux_gemma4_e4b,124,18540901,Transient tachypnea of the newborn (TTN): a role for polymorphisms in the beta-adrenergic receptor (ADRB) encoding genes?,yes,True,2,control_cohort_status,comparison group,The ethnic background of the healthy control group.,Caucasian cohort,African American cohort,False,yes,The study found a significant association between polymorphisms in the ADRB2 gene and TTN.,The results of the multivariate analysis showed that beta1Gly49 homozygotes had a higher risk for TTN (OR 18.5; 95%CI 1.5-229; p = 0.023) and there was a significant association of the TACC haplotype in the ADRB2 gene with TTN (p = 0.048).,yes,The study found a significant association between polymorphisms in the ADRB2 gene and TTN.,"The results of the multivariate analysis showed that beta1Gly49 homozygotes had a higher risk for TTN (OR 18.5; 95%CI 1.5-229; p = 0.023), and further analysis revealed a significant association of the TACC haplotype in the ADRB2 gene with TTN (p = 0.048).",False,True,The ethnic background of the healthy control group was changed from Caucasian to African American.,Caucasian cohort,African American cohort,[]
pubmedqa_wtt_batch_cache 8,target_qwen2_5_72b__aux_gemma4_e4b,135,12836106,Does the leukocyte count correlate with the severity of injury?,yes,True,0,wbc_iss_correlation,measured outcome,The correlation found between white blood cell count and Injury Severity Score.,Positive correlation,Negative correlation,True,yes,The leukocyte count correlates with the severity of injury.,"The study found a positive correlation between white blood cell (WBC) count and Injury Severity Score (ISS), indicating that higher WBC counts are associated with more severe injuries.",no,The leukocyte count does not correlate with the severity of injury.,"According to the study, WBC was correlated negatively with ISS (which indicates more severe injuries), suggesting that higher WBC counts are associated with less severe injuries.",True,True,The correlation between WBC and ISS was changed from positive to negative.,correlated positively with ISS,correlated negatively with ISS,[]
pubmedqa_wtt_batch_cache 8,target_qwen2_5_72b__aux_gemma4_e4b,135,12836106,Does the leukocyte count correlate with the severity of injury?,yes,True,1,wbc_gcs_rts_correlation,measured outcome,The correlation found between white blood cell count and Glasgow Coma Score/Revised Trauma Score.,Negative correlation,No correlation,False,yes,The leukocyte count correlates with the severity of injury.,"The study found a positive correlation between white blood cell (WBC) count and Injury Severity Score (ISS), indicating that higher WBC counts are associated with more severe injuries.",yes,The leukocyte count correlates with the severity of injury.,"The study found a positive correlation between white blood cell (WBC) count and Injury Severity Score (ISS), indicating that higher WBC counts are associated with more severe injuries.",False,True,The correlation between WBC count and GCS/RTS was changed from 'Negative correlation' to 'No correlation'.,but negatively with GCS and RTS.,but showed no correlation with GCS and RTS.,[]
pubmedqa_wtt_batch_cache 8,target_qwen2_5_72b__aux_gemma4_e4b,135,12836106,Does the leukocyte count correlate with the severity of injury?,yes,True,2,trauma_type,other,The type of trauma patients studied.,Blunt trauma,Penetrating trauma,False,yes,The leukocyte count correlates with the severity of injury.,"The study found a positive correlation between white blood cell (WBC) count and Injury Severity Score (ISS), indicating that higher WBC counts are associated with more severe injuries.",yes,The leukocyte count correlates with the severity of injury.,"The study found a positive correlation between white blood cell (WBC) count and Injury Severity Score (ISS), indicating that higher WBC counts are associated with more severe injuries.",False,True,The type of trauma studied was changed from 'Blunt trauma' to 'Penetrating trauma' throughout the background and methods sections.,blunt trauma,penetrating trauma,[]
pubmedqa_wtt_batch_cache 8,target_qwen2_5_72b__aux_gemma4_e4b,141,22497340,Is horizontal semicircular canal ocular reflex influenced by otolith organs input?,yes,True,0,symmetry_of_eye_movements,measured outcome,Whether the eye movements and nystagmus are symmetric across different head positions.,"Not symmetric (in supine/prone, and left-ear-down/right-ear-down).",Symmetric.,True,yes,The horizontal semicircular canal ocular reflex is influenced by otolith organs input.,"The study found that eye movements and nystagmus were not symmetric across different head positions, indicating that the axis of eyeball rotation was affected by the direction of gravity exerted on the head, which suggests an influence from the otolith organs.",no,The horizontal semicircular canal ocular reflex is not influenced by otolith organs input.,"The study found that eye movements and nystagmus were symmetric across different head positions, indicating that the axis of eyeball rotation was not affected by changes in gravity direction exerted on the head.",True,True,"The results section was modified to state that eye movements and nystagmus were symmetric across all tested positions, and consequently, the interpretation was changed to indicate that the axis of eyeball rotation was NOT affected by the shift of gravity.",Eye movements in the supine position and the prone position were not in a symmetric fashion. Nystagmus in the left-ear-down position and the right-ear-down position were not symmetric either. These phenomena indicate that the axis of the eyeball rotation was affected by the shift of the direction of gravity exerted on the head.,Eye movements in the supine position and the prone position were symmetric. Nystagmus in the left-ear-down position and the right-ear-down position were symmetric either. These phenomena indicate that the axis of the eyeball rotation was not affected by the shift of the direction of gravity exerted on the head.,[]
pubmedqa_wtt_batch_cache 8,target_qwen2_5_72b__aux_gemma4_e4b,141,22497340,Is horizontal semicircular canal ocular reflex influenced by otolith organs input?,yes,True,1,primary_influence_source,comparison group,The source of the observed influence on the axis of eyeball rotation.,Otolith organs input (suggested by the findings).,Semicircular canals input (or purely gravitational input).,True,yes,The horizontal semicircular canal ocular reflex is influenced by otolith organs input.,"The study found that eye movements and nystagmus were not symmetric across different head positions, indicating that the axis of eyeball rotation was affected by the direction of gravity exerted on the head, which suggests an influence from the otolith organs.",yes,The horizontal semicircular canal ocular reflex is influenced by otolith organs input.,"The study found that eye movements were not symmetric across different positions, indicating that the axis of eyeball rotation was affected by changes in gravity direction, which suggests involvement of the otolith organs.",False,True,The interpretation of the observed nystagmus was changed from suggesting that the findings point to otolith organ influence to suggesting that the findings point to semicircular canals or purely gravitational input.,These phenomena indicate that the axis of the eyeball rotation was affected by the shift of the direction of gravity exerted on the head.,"These phenomena indicate that the axis of the eyeball rotation was affected by the shift of the direction of gravity, suggesting involvement of the semicircular canals.",[]
pubmedqa_wtt_batch_cache 8,target_qwen2_5_72b__aux_gemma4_e4b,141,22497340,Is horizontal semicircular canal ocular reflex influenced by otolith organs input?,yes,True,2,direction_of_gravity_shift,other,The effect of changing the direction of gravity on the head.,The shift of the direction of gravity exerted on the head.,The effect is independent of the direction of gravity.,True,yes,The horizontal semicircular canal ocular reflex is influenced by otolith organs input.,"The study found that eye movements and nystagmus were not symmetric across different head positions, indicating that the axis of eyeball rotation was affected by the direction of gravity exerted on the head, which suggests an influence from the otolith organs.",yes,The horizontal semicircular canal ocular reflex is influenced by otolith organs input.,"The study found that eye movements and nystagmus were not symmetric across different positions, indicating that the axis of eyeball rotation is independent of gravity, which suggests an influence from the otolith organs.",False,True,The conclusion regarding the influence of gravity direction was changed from stating that the axis of rotation was 'affected by the shift of the direction of gravity' to stating that the axis of rotation was 'independent of the direction of gravity'.,affected by the shift of the direction of gravity exerted on the head.,independent of the direction of gravity.,[]
pubmedqa_wtt_batch_cache 8,target_qwen2_5_72b__aux_gemma4_e4b,143,8566975,Serovar specific immunity to Neisseria gonorrhoeae: does it exist?,no,True,0,statistical_significance,statistical significance,Whether the observed difference in serovar prevalence between repeat and non-repeat infections is statistically significant.,No significant difference was seen,A significant difference was seen,True,no,"No, serovar specific immunity to Neisseria gonorrhoeae does not exist.","The study found no significant difference in the prevalence of serovars isolated following a repeat infection compared with those without repeat infections, suggesting that there is no serovar-specific protection from reinfection.",maybe,"The study suggests that there may be some serovar-specific protection, but it is limited.","A significant difference was seen in the prevalence of serovars isolated following a repeat infection compared with those without repeat infections, indicating some level of serovar-specific immunity, though not complete protection.",True,True,The finding regarding the statistical significance of serovar prevalence differences between repeat and non-repeat infections was changed from 'No significant difference was seen' to 'A significant difference was seen'.,No significant difference was seen,A significant difference was seen,[]
pubmedqa_wtt_batch_cache 8,target_qwen2_5_72b__aux_gemma4_e4b,143,8566975,Serovar specific immunity to Neisseria gonorrhoeae: does it exist?,no,True,1,comparison_group,comparison group,The comparison made between serovars isolated following repeat infections versus those without repeat infections.,Repeat infections vs. non-repeat infections,Repeat infections vs. a healthy control group,True,no,"No, serovar specific immunity to Neisseria gonorrhoeae does not exist.","The study found no significant difference in the prevalence of serovars isolated following a repeat infection compared with those without repeat infections, suggesting that there is no serovar-specific protection from reinfection.",no,No significant serovar specific immunity to Neisseria gonorrhoeae was observed.,"The study found no significant difference in the prevalence of serovars isolated following a repeat infection compared with those isolated in a healthy control group, suggesting that host immune response does not provide limited serovar specific protection from reinfection.",False,True,The comparison group in the results section was changed from non-repeat infections to a healthy control group.,compared with those without repeat infections,compared with those isolated in a healthy control group,[]
pubmedqa_wtt_batch_cache 8,target_qwen2_5_72b__aux_gemma4_e4b,143,8566975,Serovar specific immunity to Neisseria gonorrhoeae: does it exist?,no,True,2,measured_outcome,measured outcome,"The specific measure used to assess protection, which is the prevalence of serovars.",Prevalence of serovars,Antibody titer levels,True,no,"No, serovar specific immunity to Neisseria gonorrhoeae does not exist.","The study found no significant difference in the prevalence of serovars isolated following a repeat infection compared with those without repeat infections, suggesting that there is no serovar-specific protection from reinfection.",no,"No, serovar specific immunity to Neisseria gonorrhoeae does not exist.","The study found no significant difference in antibody titer levels following a repeat infection compared with those without repeat infections, suggesting that the host immune response does not provide limited serovar specific protection from reinfection.",False,True,The measured outcome used to assess protection was changed from 'Prevalence of serovars' to 'Antibody titer levels' in the results section.,No significant difference was seen in the prevalence of serovars isolated following a repeat infection compared with those without repeat infections.,No significant difference was seen in the antibody titer levels following a repeat infection compared with those without repeat infections.,[]
pubmedqa_wtt_batch_cache 8,target_qwen2_5_72b__aux_gemma4_e4b,157,18243752,Should chest wall irradiation be included after mastectomy and negative node breast cancer?,maybe,True,0,recurrence_site,measured outcome,The anatomical location where local recurrence was observed.,operative scare and chest wall,operative scare only,True,maybe,Chest wall irradiation may be considered after mastectomy and negative node breast cancer.,"The study found local recurrence at the chest wall, suggesting that chest wall irradiation could potentially reduce this risk, although factors like age and tumor size were not statistically significant in predicting local failure.",maybe,"Chest wall irradiation may be considered after mastectomy and negative node breast cancer, depending on patient factors.","The study found a local recurrence rate of 5%, with recurrences occurring at the operative scar only. Factors such as age ≤ 40 years and tumor size > 20mm were associated with increased risk of local failure, though not statistically significant, suggesting that chest wall irradiation might be beneficial in certain patient subgroups.",False,True,The anatomical location of local recurrence was changed from 'operative scare and chest wall' to 'operative scare only'.,Recurrence sites were the operative scare and chest wall.,Recurrence sites were the operative scare only.,[]
pubmedqa_wtt_batch_cache 8,target_qwen2_5_72b__aux_gemma4_e4b,157,18243752,Should chest wall irradiation be included after mastectomy and negative node breast cancer?,maybe,True,1,statistical_significance,statistical significance,Whether the identified risk factors (age and tumor size) for local failure were statistically significant.,without statistical significance,with statistical significance,True,maybe,Chest wall irradiation may be considered after mastectomy and negative node breast cancer.,"The study found local recurrence at the chest wall, suggesting that chest wall irradiation could potentially reduce this risk, although factors like age and tumor size were not statistically significant in predicting local failure.",maybe,Chest wall irradiation may be considered after mastectomy and negative node breast cancer.,"The study found local recurrence at the chest wall, suggesting that chest wall irradiation could potentially reduce this risk, especially in patients with risk factors such as age ≤ 40 years and tumor size > 20mm.",False,True,The statistical significance of the identified risk factors (age and tumor size) for local failure was changed from 'without statistical significance' to 'with statistical significance'.,without statistical significance,with statistical significance,[]
pubmedqa_wtt_batch_cache 8,target_qwen2_5_72b__aux_gemma4_e4b,186,22211919,"Actinobaculum schaalii, a cause of urinary tract infections in children?",maybe,False,0,uti_status,disease or condition,Whether the children presenting with A. schaalii also had a confirmed urinary tract infection.,Present (in two children),Absent (or asymptomatic),True,yes,Actinobaculum schaalii can be a cause of urinary tract infections in children.,"The abstract indicates that A. schaalii was found in two children with urinary tract infection and large numbers of leucocytes in the urine, suggesting its role as a causative agent.",yes,Actinobaculum schaalii can be a cause of urinary tract infections in children.,"The abstract indicates that A. schaalii was detected in urine samples from children, including two asymptomatic children with normal urine findings, suggesting its presence in the urinary tract.",False,True,The status of urinary tract infection (UTI) for the two children found with high bacterial loads was changed from 'Present' to 'Absent/Asymptomatic'. The description of the urine was minimally adjusted to maintain internal consistency with the absence of infection.,in two children with a urinary tract infection and large numbers of leucocytes in the urine,in two asymptomatic children with normal urine findings,[]
pubmedqa_wtt_batch_cache 8,target_qwen2_5_72b__aux_gemma4_e4b,186,22211919,"Actinobaculum schaalii, a cause of urinary tract infections in children?",maybe,False,1,bacterial_load,measured outcome,The concentration of A. schaalii found in the urine samples.,High (≥ 10(6) CFU/mL),"Low (e.g., ≥ 10(2) CFU/mL)",True,yes,Actinobaculum schaalii can be a cause of urinary tract infections in children.,"The abstract indicates that A. schaalii was found in two children with urinary tract infection and large numbers of leucocytes in the urine, suggesting its role as a causative agent.",yes,Actinobaculum schaalii can be a cause of urinary tract infections in children.,"The abstract mentions that A. schaalii was found in two children with a urinary tract infection and large numbers of leucocytes in the urine, indicating its role as a potential causative agent.",False,True,"The reported bacterial load (A. schaalii concentration) in the positive cases was changed from high (≥ 10⁶ CFU/mL) to low (e.g., ≥ 10² CFU/mL).",≥ 10(6) CFU/mL,"e.g., ≥ 10(2) CFU/mL",[]
pubmedqa_wtt_batch_cache 8,target_qwen2_5_72b__aux_gemma4_e4b,192,17444776,Is the holmium:YAG laser the best intracorporeal lithotripter for the ureter?,yes,False,0,comparison_group,comparison group,Whether the study compared the holmium:YAG laser to other types of intracorporeal lithotripters.,None (Single-arm study),"Comparison to other lasers (e.g., pneumatic lithotripsy)",True,maybe,The holmium:YAG laser lithotripsy shows high success rates but may not be definitively labeled as the best without comparative data.,"The study reports a high success rate (92.7% at the time of ureteroscopy and 96.7% at 3 months) for holmium:YAG laser lithotripsy in treating ureteral stones, but it does not provide comparative data with other intracorporeal lithotripters to determine if it is the best.",maybe,The holmium:YAG laser lithotripsy is effective but the abstract does not provide a direct comparison to other lithotripters.,"The success rate for both procedures combined was high (92.7% at the time of ureteroscopy and 96.7% at 3 months), but the abstract does not specify which method (holmium:YAG laser or pneumatic lithotripsy) performed better, nor does it compare these methods to other intracorporeal lithotripters.",False,True,The study design was changed from a single-arm study (holmium:YAG only) to a comparative study (holmium:YAG vs. pneumatic lithotripsy) by modifying the stated purpose and the methods section.,[PURPOSE] To study the efficiency and safety of holmium:YAG laser lithotripsy for ureteral stones. [PATIENTS AND METHODS] A series of 188 patients with 208 ureteral stones were treated with semirigid ureteroscopy and holmium:YAG laser lithotripsy from January 2003 to December 2005.,[PURPOSE] To compare the efficiency and safety of holmium:YAG laser lithotripsy versus pneumatic lithotripsy for ureteral stones. [PATIENTS AND METHODS] A series of 188 patients with 208 ureteral stones were treated with semirigid ureteroscopy and received either holmium:YAG laser lithotripsy or pneumatic lithotripsy from January 2003 to December 2005.,[]
pubmedqa_wtt_batch_cache 8,target_qwen2_5_72b__aux_gemma4_e4b,192,17444776,Is the holmium:YAG laser the best intracorporeal lithotripter for the ureter?,yes,False,1,success_rate,measured outcome,The reported success rate of the lithotripsy procedure.,96.7% (at 3 months),60%,True,maybe,The holmium:YAG laser lithotripsy shows high success rates but may not be definitively labeled as the best without comparative data.,"The study reports a high success rate (92.7% at the time of ureteroscopy and 96.7% at 3 months) for holmium:YAG laser lithotripsy in treating ureteral stones, but it does not provide comparative data with other intracorporeal lithotripters to determine if it is the best.",maybe,The holmium:YAG laser lithotripsy has a high success rate but is not definitively stated as the best.,"The study reports a success rate of 92.7% at the time of ureteroscopy, which indicates effectiveness, but does not compare it to other methods to determine if it is the best.",False,True,The reported success rate at 3 months was changed from 96.7% to 60%. The failure rate was adjusted from 3.3% to 40% to maintain internal consistency (100% - 60%).,96.7% at 3 months. The failures were secondary to retropulsion of the stones (3.3%).,60% at 3 months. The failures were secondary to retropulsion of the stones (40%).,[]
pubmedqa_wtt_batch_cache 8,target_qwen2_5_72b__aux_gemma4_e4b,192,17444776,Is the holmium:YAG laser the best intracorporeal lithotripter for the ureter?,yes,False,2,study_design,study design,"The type of study conducted (single-arm, retrospective).","Single-arm, retrospective study",Randomized controlled trial comparing multiple devices,True,maybe,The holmium:YAG laser lithotripsy shows high success rates but may not be definitively labeled as the best without comparative data.,"The study reports a high success rate (92.7% at the time of ureteroscopy and 96.7% at 3 months) for holmium:YAG laser lithotripsy in treating ureteral stones, but it does not provide comparative data with other intracorporeal lithotripters to determine if it is the best.",maybe,"The holmium:YAG laser lithotripsy showed high success rates, but the study compared multiple devices and did not conclusively determine it as the best.","The abstract indicates a high success rate (92.7% at ureteroscopy and 96.7% at 3 months) for holmium:YAG laser lithotripsy, but since the study compared multiple devices, it does not explicitly state that this method is the best among all.",False,True,"The study design was changed from a single-arm, retrospective study to a randomized controlled trial comparing multiple devices. The descriptive text in [PATIENTS AND METHODS] and the corresponding MeSH term were updated to reflect this change.","A series of 188 patients with 208 ureteral stones were treated with semirigid ureteroscopy and holmium:YAG laser lithotripsy from January 2003 to December 2005. ... MeSH terms: ... Retrospective Studies, ...","Patients were enrolled in a randomized controlled trial comparing multiple devices. They had 208 ureteral stones and underwent semirigid ureteroscopy and various lithotripsy methods. ... MeSH terms: ... Randomized Controlled Trial, ...",[]
pubmedqa_wtt_batch_cache 8,target_qwen2_5_72b__aux_gemma4_e4b,197,2224269,Should general practitioners call patients by their first names?,yes,True,0,acceptability_of_first_name_use,measured outcome,The general attitude of patients regarding being addressed by their first name by the doctor.,High (Most patients liked or did not mind),Low (A majority of patients disliked it),True,yes,General practitioners should call patients by their first names.,"The study found that most patients either liked or did not mind being called by their first names, indicating a general acceptability of this practice.",no,General practitioners should not call patients by their first names.,"The majority of patients, especially those aged over 65, disliked being called by their first names according to the study.",True,True,"The results section was changed to reflect low acceptability of first name use, reversing the original finding that most patients liked or did not mind being called by their first names. The numbers were adjusted to show a majority dislike (250 dislikes vs. 100 favorable responses).","Most of the patients either liked (223) or did not mind (175) being called by their first names. Only 77 disliked it, most of whom were aged over 65. Most patients (324) did not, however, want to call the doctor by his or her first name.","A majority of patients disliked being called by their first names. Only 100 liked it or did not mind it, while 250 disliked it, most of whom were aged over 65. Most patients (324) did not, however, want to call the doctor by his or her first name.",[]
pubmedqa_wtt_batch_cache 8,target_qwen2_5_72b__aux_gemma4_e4b,197,2224269,Should general practitioners call patients by their first names?,yes,True,1,proportion_disliking_first_name_use,numerical size,The percentage or number of patients who actively disliked being called by their first name.,Low (77 disliked it),"High (e.g., 200 disliked it)",True,yes,General practitioners should call patients by their first names.,"The study found that most patients either liked or did not mind being called by their first names, indicating a general acceptability of this practice.",maybe,"General practitioners may call patients by their first names, but this depends on patient preference.","The study shows that while many patients either liked or did not mind being called by their first names, a significant number (200) disliked it, particularly those aged over 65. Therefore, the decision should be based on individual patient preferences.",True,True,"The number of patients who disliked being called by their first name was increased from 77 to 200. To maintain internal consistency with the total patient count (475), the 'liked' count was reduced from 223 to 100 (223 - 123 = 100; 100 + 175 + 200 = 475).","Most of the patients either liked (223) or did not mind (175) being called by their first names. Only 77 disliked it, most of whom were aged over 65.","Most of the patients either liked (100) or did not mind (175) being called by their first names. Only 200 disliked it, most of whom were aged over 65.",[]
pubmedqa_wtt_batch_cache 8,target_qwen2_5_72b__aux_gemma4_e4b,215,21214884,Can 'high-risk' human papillomaviruses (HPVs) be detected in human breast milk?,no,True,0,high_risk_hpv_types,disease or condition,The specific types of high-risk HPV tested for detection.,"16, 18, 31, 33, 35, 39, 45, 51, 52, 56, 58 or 58",HPV 6 (a low-risk type),True,no,No 'high-risk' human papillomaviruses (HPVs) were detected in human breast milk.,The study evaluated the presence of HPV infection in human breast milk from both HPV-positive and HPV-negative mothers and found no 'high-risk' HPV DNA in any of the 32 studied specimens.,no,No 'high-risk' HPV DNA was detected in human breast milk.,The study evaluated the presence of HPV infection in human breast milk from both HPV-positive and HPV-negative mothers and found no 'high-risk' HPV 6 (a low-risk type) DNA in any of the specimens.,False,True,"The specific list of high-risk HPV types tested for detection was replaced with the alternative low-risk type, HPV 6 (a low-risk type).","16, 18, 31, 33, 35, 39, 45, 51, 52, 56, 58 or 58",HPV 6 (a low-risk type),[]
pubmedqa_wtt_batch_cache 8,target_qwen2_5_72b__aux_gemma4_e4b,215,21214884,Can 'high-risk' human papillomaviruses (HPVs) be detected in human breast milk?,no,True,1,sample_source,other,The biological fluid from which the HPV was tested.,human breast milk,Human blood,True,no,No 'high-risk' human papillomaviruses (HPVs) were detected in human breast milk.,The study evaluated the presence of HPV infection in human breast milk from both HPV-positive and HPV-negative mothers and found no 'high-risk' HPV DNA in any of the 32 studied specimens.,no,"No 'high-risk' HPVs were detected in human blood, and the study did not mention breast milk.",The abstract only reports on the absence of 'high-risk' HPV DNA in maternal blood samples and does not provide any information about the presence or absence of these viruses in breast milk.,False,True,"The sample source was changed from 'human breast milk' to 'Human blood' in the methods section, and 'human milk specimens' was changed to 'blood specimens' in the results section.",human breast milk... human milk specimens,Human blood... blood specimens,[]
pubmedqa_wtt_batch_cache 8,target_qwen2_5_72b__aux_gemma4_e4b,215,21214884,Can 'high-risk' human papillomaviruses (HPVs) be detected in human breast milk?,no,True,2,detection_result,measured outcome,The overall finding regarding the presence of high-risk HPV DNA.,no detection,detection of high-risk HPV,True,no,No 'high-risk' human papillomaviruses (HPVs) were detected in human breast milk.,The study evaluated the presence of HPV infection in human breast milk from both HPV-positive and HPV-negative mothers and found no 'high-risk' HPV DNA in any of the 32 studied specimens.,yes,High-risk HPVs can be detected in human breast milk.,"The study found that 'high-risk' HPV DNA was detected in human milk specimens collected from mothers, indicating the presence of these viruses in breast milk.",True,True,The detection result was changed from 'no detection' to 'detection of high-risk HPV' by removing the negation ('no') and confirming the presence of the listed high-risk HPV types.,"no 'high-risk' HPV 16, 18, 31, 33, 35, 39, 45, 51, 52, 56, 58 or 58 DNA was detected.","'high-risk' HPV 16, 18, 31, 33, 35, 39, 45, 51, 52, 56, 58 or 58 DNA was detected.",[]
pubmedqa_wtt_batch_cache 8,target_llama3_1_70b__aux_gemma4_e4b,8,17113061,Do mutations causing low HDL-C promote increased carotid intima-media thickness?,no,True,0,cimt_difference,measured outcome,The difference in carotid intima-media thickness (cIMT) between the case group (mutations) and the control group.,Nearly identical (0.66+/-0.17 cm vs 0.65+/-0.18 cm),"Significantly higher in cases (e.g., 0.80 cm vs 0.65 cm)",True,no,Mutations causing low HDL-C do not promote increased carotid intima-media thickness.,"The study found that cIMT was nearly identical between cases with genetic mutations causing low HDL cholesterol and controls, despite significantly lower HDL cholesterol levels.",yes,Mutations causing low HDL-C are associated with increased carotid intima-media thickness.,The study found that cases with genetic mutations resulting in low HDL cholesterol had significantly higher cIMT measurements compared to controls.,True,True,The reported difference in cIMT between cases and controls was changed from being nearly identical to being significantly higher in the case group.,cIMT was nearly identical between cases (0.66+/-0.17 cm) and controls (0.65+/-0.18 cm),"cIMT was significantly higher in cases (e.g., 0.80 cm vs. 0.65 cm)",[]
pubmedqa_wtt_batch_cache 8,target_llama3_1_70b__aux_gemma4_e4b,8,17113061,Do mutations causing low HDL-C promote increased carotid intima-media thickness?,no,True,1,hdl_difference,measured outcome,The difference in HDL cholesterol levels between the case group (mutations) and the control group.,Significantly lower in cases (0.67 vs 1.58 mmol/l),"Not significantly different between cases and controls (e.g., 1.4 vs 1.5 mmol/l)",True,no,Mutations causing low HDL-C do not promote increased carotid intima-media thickness.,"The study found that cIMT was nearly identical between cases with genetic mutations causing low HDL cholesterol and controls, despite significantly lower HDL cholesterol levels.",no,Mutations causing low HDL-C do not promote increased carotid intima-media thickness.,"The study found that cIMT was nearly identical between cases with genetic mutations causing low HDL and controls, suggesting no significant association.",False,True,The reported difference in HDL cholesterol levels between the case (mutation) and control groups was changed from significantly lower in cases to not significantly different between cases and controls.,despite significantly lower HDL cholesterol (0.67 vs. 1.58 mmol/l),"despite not significantly different HDL cholesterol (e.g., 1.4 vs 1.5 mmol/l)",[]
pubmedqa_wtt_batch_cache 8,target_llama3_1_70b__aux_gemma4_e4b,17,17096624,Do patterns of knowledge and attitudes exist among unvaccinated seniors?,yes,True,0,number_of_clusters,other,The number of distinct groups identified based on knowledge and attitudes regarding the vaccine.,4,1,True,yes,Patterns of knowledge and attitudes exist among unvaccinated seniors.,The study identified four distinct clusters of unvaccinated seniors based on their immunization-related knowledge and attitudes.,yes,Patterns of knowledge and attitudes exist among unvaccinated seniors.,The study identified a cluster of seniors with consistent knowledge and attitudes regarding the influenza vaccine.,False,True,"The number of identified clusters was changed from 4 to 1, requiring the removal of the detailed descriptions and comparative statistics associated with the multiple clusters to maintain internal consistency.",4 clusters: Potentials (45%) would receive influenza vaccine to prevent disease; Fearful Uninformeds (9%) were unsure if influenza vaccine causes illness; Doubters (27%) were unsure if vaccine is efficacious; Misinformeds (19%) believed influenza vaccine causes illness. More Potentials (75%) and Misinformeds (70%) ever received influenza vaccine than did Fearful Uninformeds (18%) and Doubters (29%).,1 cluster: Seniors generally demonstrated consistent knowledge and attitudes regarding the influenza vaccine. More seniors ever received influenza vaccine than did those who did not.,[]
pubmedqa_wtt_batch_cache 8,target_llama3_1_70b__aux_gemma4_e4b,17,17096624,Do patterns of knowledge and attitudes exist among unvaccinated seniors?,yes,True,1,age_group,other,The age range of the seniors surveyed.,>65 years,18-25 years,True,yes,Patterns of knowledge and attitudes exist among unvaccinated seniors.,The study identified four distinct clusters of unvaccinated seniors based on their immunization-related knowledge and attitudes.,no,Patterns of knowledge and attitudes among unvaccinated seniors are not examined.,"The study specifically focuses on adults aged 18-25 years, with no mention of seniors.",True,True,"The age group was changed from >65 years to 18-25 years. Consequently, 'Medicare beneficiaries' and 'unvaccinated seniors' in the Methods section were updated to 'community members' and 'unvaccinated young adults' for consistency, and age-specific MeSH terms ('Aged', '80 and over', 'Male') were removed.","aged>65 years. ... Medicare beneficiaries in 5 areas; clustered unvaccinated seniors by their immunization related knowledge and attitudes. ... MeSH terms: Aged, Aged, 80 and over, Female, Health Knowledge, Attitudes, Practice, Humans, Immunization Programs, Influenza A virus, Influenza, Human, Interviews as Topic, Male, United States","aged 18-25 years. ... community members in 5 areas; clustered unvaccinated young adults by their immunization related knowledge and attitudes. ... MeSH terms: Health Knowledge, Attitudes, Practice, Humans, Immunization Programs, Influenza A virus, Influenza, Human, Interviews as Topic, United States",[]
pubmedqa_wtt_batch_cache 8,target_llama3_1_70b__aux_gemma4_e4b,17,17096624,Do patterns of knowledge and attitudes exist among unvaccinated seniors?,yes,True,2,vaccine_target_disease,disease or condition,The specific disease targeted by the influenza vaccine.,Influenza,Pneumonia,True,yes,Patterns of knowledge and attitudes exist among unvaccinated seniors.,The study identified four distinct clusters of unvaccinated seniors based on their immunization-related knowledge and attitudes.,yes,Patterns of knowledge and attitudes exist among unvaccinated seniors.,The study identified four distinct clusters of unvaccinated seniors based on their immunization-related knowledge and attitudes.,False,True,"The target disease for the vaccine was changed from Influenza to Pneumonia throughout the objective, results, and MeSH terms.",influenza,pneumonia,[]
pubmedqa_wtt_batch_cache 8,target_llama3_1_70b__aux_gemma4_e4b,29,28707539,Visceral adipose tissue area measurement at a single level: can it represent visceral adipose tissue volume?,yes,True,0,correlation_strength,statistical significance,The strength of the correlation (r value) between VAT area and VAT volume changes.,0.853,0.2,True,yes,Visceral adipose tissue area measurement at a single level can represent visceral adipose tissue volume.,"The strongest correlation of VAT area with VAT volume was shown in a slice 3 cm above the lower margin of L3, indicating that VAT area measurement at this single level can reflect changes in VAT volume.",yes,Visceral adipose tissue area measurement at a single level can represent visceral adipose tissue volume.,"The strongest correlation of VAT area with VAT volume was shown in a slice 3 cm above the lower margin of L3, indicating that VAT area measurement at this single level can reflect changes in VAT volume.",False,True,The correlation strength (r value) between VAT area and VAT volume was changed from 0.853 to 0.2.,0.853,0.2,[]
pubmedqa_wtt_batch_cache 8,target_llama3_1_70b__aux_gemma4_e4b,29,28707539,Visceral adipose tissue area measurement at a single level: can it represent visceral adipose tissue volume?,yes,True,1,optimal_slice_location,other,The specific CT slice location where the strongest correlation between VAT area and VAT volume was observed.,3 cm above the lower margin of L3,5 cm above the lower margin of L3,True,yes,Visceral adipose tissue area measurement at a single level can represent visceral adipose tissue volume.,"The strongest correlation of VAT area with VAT volume was shown in a slice 3 cm above the lower margin of L3, indicating that VAT area measurement at this single level can reflect changes in VAT volume.",yes,Visceral adipose tissue area measurement at a single level can represent visceral adipose tissue volume.,"The strongest correlation of VAT area with VAT volume was shown in a slice 5 cm above the lower margin of L3, indicating that VAT area measurement at this single level can reflect changes in VAT volume.",False,True,The optimal CT slice location was changed from 3 cm to 5 cm above the lower margin of L3.,3 cm above the lower margin of L3,5 cm above the lower margin of L3,[]
pubmedqa_wtt_batch_cache 8,target_llama3_1_70b__aux_gemma4_e4b,32,9645785,Is a mandatory general surgery rotation necessary in the surgical clerkship?,no,True,0,score_difference,measured outcome,Whether there were statistically significant differences in scores between the group with and without general surgery.,No differences in scores on any parameter.,Significant differences in scores were found on certain parameters.,True,no,A mandatory general surgery rotation is not necessary for mastery of surgical clerkship objectives.,"The study found no differences in scores between students who completed a clerkship with and without general surgery, suggesting that equal mastery can be obtained without it.",maybe,The necessity of a mandatory general surgery rotation is uncertain.,"While specific concerns were identified related to the absence of general surgery, students without this rotation still showed mastery of surgical clerkship objectives in some parameters.",True,True,"The finding regarding score differences was changed from 'no differences' to 'significant differences on certain parameters,' and the subsequent interpretation sentence was minimally adjusted to reflect the presence of concerns.",Data for 54 students showed no differences in scores between groups on any parameter. No specific concerns related to the absence of general surgery were identified.,Data for 54 students showed significant differences in scores between groups on certain parameters. Specific concerns related to the absence of general surgery were identified.,[]
pubmedqa_wtt_batch_cache 8,target_llama3_1_70b__aux_gemma4_e4b,32,9645785,Is a mandatory general surgery rotation necessary in the surgical clerkship?,no,True,1,assessment_parameters,measured outcome,"The range of assessment methods used to measure mastery (e.g., written exam, OSCE, ward evaluations).","All parameters (written exam, OSCE, ward evaluations, etc.).",Only written examination scores were used.,True,no,A mandatory general surgery rotation is not necessary for mastery of surgical clerkship objectives.,"The study found no differences in scores between students who completed a clerkship with and without general surgery, suggesting that equal mastery can be obtained without it.",no,A mandatory general surgery rotation is not necessary in the surgical clerkship.,"The study found no differences in scores between students who completed a clerkship with and without general surgery, suggesting equal mastery of objectives can be obtained without it.",False,True,"The assessment methods used in the study were restricted from multiple parameters (OSCE, ward evaluations, etc.) to only written examination scores.","written examination, objective structured clinical examination (OSCE), ward evaluations, self-assessment objectives questionnaire, and satisfaction survey.",written examination.,[]
pubmedqa_wtt_batch_cache 8,target_llama3_1_70b__aux_gemma4_e4b,32,9645785,Is a mandatory general surgery rotation necessary in the surgical clerkship?,no,True,2,number_of_students,numerical size,The total number of students included in the study.,54 students,10 students,False,no,A mandatory general surgery rotation is not necessary for mastery of surgical clerkship objectives.,"The study found no differences in scores between students who completed a clerkship with and without general surgery, suggesting that equal mastery can be obtained without it.",no,A mandatory general surgery rotation is not necessary for mastery of surgical clerkship objectives.,"The study found no differences in scores between students who completed a clerkship with and without general surgery, suggesting that equal mastery can be obtained without it.",False,True,The total number of students included in the study was changed from 54 to 10.,Data for 54 students,Data for 10 students,[]
pubmedqa_wtt_batch_cache 8,target_llama3_1_70b__aux_gemma4_e4b,46,19504993,It's Fournier's gangrene still dangerous?,yes,True,0,mortality_rate,numerical size,The observed mortality rate in the study group (5 deaths out of 14 patients).,5 out of 14 patients,1 out of 14 patients,True,yes,Fournier's gangrene remains a serious condition with high mortality despite treatment.,"The study reports a mortality rate of 5 out of 14 patients, indicating that Fournier's gangrene still has a significant impact on morbidity and mortality.",yes,Fournier's gangrene remains a serious condition with high mortality despite treatment.,"The study states that 'the mortality rate remains high' and reports one death out of 14 patients, indicating the disease is still dangerous.",False,True,"The observed mortality rate was changed from 5 out of 14 patients to 1 out of 14 patients, requiring a corresponding change in the number of survivors from 9 to 13.","Of the 14 patients, 5 died and 9 survived.","Of the 14 patients, 1 died and 13 survived.",[]
pubmedqa_wtt_batch_cache 8,target_llama3_1_70b__aux_gemma4_e4b,46,19504993,It's Fournier's gangrene still dangerous?,yes,True,1,background_mortality_assessment,measured outcome,The general statement in the background that the mortality rate remains high despite treatment.,mortality rate remains high,mortality rate is low,True,yes,Fournier's gangrene remains a serious condition with high mortality despite treatment.,"The study reports a mortality rate of 5 out of 14 patients, indicating that Fournier's gangrene still has a significant impact on morbidity and mortality.",no,Fournier's gangrene is not considered dangerous as mortality rate is low.,"Despite antibiotics and aggressive debridement, the mortality rate of Fournier's gangrene is reported to be low in the abstract.",True,True,The background statement regarding the general prognosis of Fournier's gangrene was changed from stating that the mortality rate remains high to stating that the mortality rate is low.,the mortality rate remains high,the mortality rate is low,[]
pubmedqa_wtt_batch_cache 8,target_llama3_1_70b__aux_gemma4_e4b,46,19504993,It's Fournier's gangrene still dangerous?,yes,True,2,sample_size,numerical size,The total number of patients reviewed in the retrospective study.,14 patients,140 patients,False,yes,Fournier's gangrene remains a serious condition with high mortality despite treatment.,"The study reports a mortality rate of 5 out of 14 patients, indicating that Fournier's gangrene still has a significant impact on morbidity and mortality.",yes,Fournier's gangrene remains a serious condition with high mortality despite treatment.,"The study reports a mortality rate of 50 out of 140 patients, indicating that Fournier's gangrene still has a significant impact on morbidity and mortality.",False,True,"The sample size was increased from 14 patients to 140 patients. Consequently, the reported outcomes were scaled proportionally: 5 deaths became 50 deaths, and 9 survivors became 90 survivors, maintaining the total sample size of 140.",14 patients... Of the 14 patients,140 patients... Of the 140 patients,[]
pubmedqa_wtt_batch_cache 8,target_llama3_1_70b__aux_gemma4_e4b,54,25277731,Sternal fracture in growing children : A rare and often overlooked fracture?,maybe,False,0,rarity_of_fracture,other,The stated frequency or incidence of sternal fractures in childhood.,Rare,Common,True,yes,Sternal fractures in childhood are rare.,The background of the study states that sternal fractures in childhood are rare.,maybe,"Sternal fractures in childhood are common, but rare diseases is listed as a MeSH term.","The abstract states that sternal fractures in childhood are common, which contradicts the idea of it being rare, however, 'Rare Diseases' is also listed as a MeSH term.",True,True,Changed the stated frequency of sternal fractures in childhood from 'rare' to 'common'.,[BACKGROUND] Sternal fractures in childhood are rare.,[BACKGROUND] Sternal fractures in childhood are common.,[]
pubmedqa_wtt_batch_cache 8,target_llama3_1_70b__aux_gemma4_e4b,54,25277731,Sternal fracture in growing children : A rare and often overlooked fracture?,maybe,False,1,age_group,disease or condition,The age group of the patients with sternal fractures.,Childhood (5-14 years),Adulthood (>18 years),False,yes,Sternal fractures in childhood are rare.,The background of the study states that sternal fractures in childhood are rare.,no,The study does not mention sternal fractures in growing children.,The retrieved PubMed abstract specifically mentions that the study investigated sternal fractures in adults aged >18 years.,True,True,"The age group of the patients with sternal fractures was changed from Childhood (5-14 years) to Adulthood (>18 years). Corresponding terms (e.g., 'childhood' to 'adulthood', 'children' to 'adults') were updated throughout the abstract for consistency.","childhood, 5-14 years, children, Child, Child, Preschool","adulthood, >18 years, adults",[]
pubmedqa_wtt_batch_cache 8,target_llama3_1_70b__aux_gemma4_e4b,54,25277731,Sternal fracture in growing children : A rare and often overlooked fracture?,maybe,False,2,fracture_type,disease or condition,The specific type of fracture being discussed.,Sternal fractures,Rib fractures,True,yes,Sternal fractures in childhood are rare.,The background of the study states that sternal fractures in childhood are rare.,no,"The study does not mention sternal fractures, but rather rib fractures.","The retrieved PubMed abstract specifically discusses rib fractures in childhood, without mentioning sternal fractures.",True,True,The specific type of fracture discussed was changed from Sternal fractures to Rib fractures throughout the abstract and MeSH terms.,"Sternal fractures, sternal fractures, sternal fracture, Sternum","Rib fractures, rib fractures, rib fracture, Ribs",[]
pubmedqa_wtt_batch_cache 8,target_llama3_1_70b__aux_gemma4_e4b,59,27491658,Can predilatation in transcatheter aortic valve implantation be omitted?,yes,True,0,statistical_significance_of_difference,statistical significance,Whether or not there were significant differences found between the group with predilatation and the group without predilatation.,No significant differences,Significant differences,True,yes,Predilatation can be omitted in transcatheter aortic valve implantation.,"The study found no significant differences between patients who underwent balloon predilatation and those who did not, regarding early hemodynamic results or complication rates.",yes,Predilatation can be omitted in transcatheter aortic valve implantation.,"The study found no significant differences between patients who underwent balloon predilatation and those who did not, suggesting that predilatation may not be necessary.",False,True,"The statistical finding was changed from 'no significant differences' to 'significant differences', indicating that the study found a measurable difference between the two groups regarding outcomes.",no significant differences,significant differences,[]
pubmedqa_wtt_batch_cache 8,target_llama3_1_70b__aux_gemma4_e4b,59,27491658,Can predilatation in transcatheter aortic valve implantation be omitted?,yes,True,1,complication_rates,measured outcome,The comparison of complication rates between the two procedure groups.,No significant differences,"Significant difference (e.g., higher rates without predilatation)",True,yes,Predilatation can be omitted in transcatheter aortic valve implantation.,"The study found no significant differences between patients who underwent balloon predilatation and those who did not, regarding early hemodynamic results or complication rates.",maybe,Omitting predilatation is possible but may lead to differences in early hemodynamic results and complication rates.,"The study found significant differences between groups with and without balloon predilatation, suggesting that omitting it may have implications for patient outcomes.",True,True,"The finding regarding complication rates was changed from 'no significant differences' to 'significant differences,' indicating that omitting predilatation negatively impacted outcomes.",There were no significant differences between the groups regarding early hemodynamic results or complication rates.,There were significant differences between the groups regarding early hemodynamic results and complication rates.,[]
pubmedqa_wtt_batch_cache 8,target_llama3_1_70b__aux_gemma4_e4b,59,27491658,Can predilatation in transcatheter aortic valve implantation be omitted?,yes,True,2,early_hemodynamic_results,measured outcome,The comparison of early hemodynamic results between the two procedure groups.,No significant differences,"Significant difference (e.g., worse results without predilatation)",True,yes,Predilatation can be omitted in transcatheter aortic valve implantation.,"The study found no significant differences between patients who underwent balloon predilatation and those who did not, regarding early hemodynamic results or complication rates.",no,Predilatation cannot be omitted in transcatheter aortic valve implantation.,"The study found significant differences between groups, with worse outcomes for patients where balloon predilatation was omitted.",True,True,The finding regarding early hemodynamic results was changed from 'no significant differences' to 'significant difference (worse results without predilatation)'.,There were no significant differences between the groups regarding early hemodynamic results or complication rates.,"There were significant differences between the groups regarding early hemodynamic results, with the omitted predilatation group showing worse outcomes.",[]
pubmedqa_wtt_batch_cache 8,target_llama3_1_70b__aux_gemma4_e4b,71,18049437,Is there any relationship between streptococcal infection and multiple sclerosis?,yes,False,0,statistical_significance,statistical significance,The statistical evidence showing that the difference in ADNase B levels between the two groups is unlikely due to chance.,p<0.001,p>0.05,True,maybe,"There may be a relationship between streptococcal infection and multiple sclerosis, as indicated by higher ADNase B levels in MS patients.","The study found significantly higher ADNase B levels in patients with relapsing-remitting MS compared to healthy controls, suggesting a possible link between past group A streptococcal infection and MS.",no,There is no significant relationship between streptococcal infection and multiple sclerosis based on ASO and ADNase B levels.,"The study found that ASO and ADNase B levels in patients with MS were similar to those in healthy controls, indicating no significant association.",True,True,"The statistical significance level for ADNase B levels was changed from p<0.001 to p>0.05. To maintain internal consistency, the descriptive phrase 'significantly higher than' was changed to 'similar to those in the controls' because a p>0.05 indicates no statistically significant difference.","ADNase B levels in the patients with MS were found to be significantly higher than in the controls (p<0.001); however, ASO levels were similar in both groups.","ADNase B levels in the patients with MS were found to be similar to those in the controls (p>0.05); however, ASO levels were similar in both groups.",[]
pubmedqa_wtt_batch_cache 8,target_llama3_1_70b__aux_gemma4_e4b,71,18049437,Is there any relationship between streptococcal infection and multiple sclerosis?,yes,False,1,adnase_b_levels,measured outcome,The measured level of the biomarker ADNase B in the MS patients compared to controls.,Significantly higher in MS patients,Similar to controls,True,maybe,"There may be a relationship between streptococcal infection and multiple sclerosis, as indicated by higher ADNase B levels in MS patients.","The study found significantly higher ADNase B levels in patients with relapsing-remitting MS compared to healthy controls, suggesting a possible link between past group A streptococcal infection and MS.",no,There is no significant relationship between streptococcal infection and multiple sclerosis based on ASO and ADNase B levels.,"The study found that both ASO and ADNase B levels in patients with MS were similar to those of healthy controls, indicating no significant association.",True,True,"The reported finding regarding ADNase B levels in MS patients was changed from 'significantly higher' to 'similar to controls', adjusting the statistical phrasing accordingly.",ADNase B levels in the patients with MS were found to be significantly higher than in the controls (p<0.001),ADNase B levels in the patients with MS were found to be similar to the controls (p>0.05),[]
pubmedqa_wtt_batch_cache 8,target_llama3_1_70b__aux_gemma4_e4b,71,18049437,Is there any relationship between streptococcal infection and multiple sclerosis?,yes,False,2,comparison_group,comparison group,The group used as a baseline for comparison to the MS patients.,Healthy blood donors,Patients with other inflammatory conditions,True,maybe,"There may be a relationship between streptococcal infection and multiple sclerosis, as indicated by higher ADNase B levels in MS patients.","The study found significantly higher ADNase B levels in patients with relapsing-remitting MS compared to healthy controls, suggesting a possible link between past group A streptococcal infection and MS.",maybe,"There may be a relationship between streptococcal infection and multiple sclerosis, as indicated by higher ADNase B levels in MS patients.","The study found significantly higher ADNase B levels in patients with relapsing-remitting MS compared to controls, suggesting a possible link between past group A streptococcal infection and MS.",False,True,The comparison group used in the study was changed from 'Healthy blood donors' to 'Patients with other inflammatory conditions'.,and 21 healthy blood donors,and 21 patients with other inflammatory conditions,[]
pubmedqa_wtt_batch_cache 8,target_llama3_1_70b__aux_gemma4_e4b,86,11570976,Is it Crohn's disease?,maybe,False,0,primary_diagnosis,disease or condition,The primary diagnosis stated for the patient in the case presentation.,rheumatoid arthritis,Crohn's disease,True,no,The patient's condition is not primarily Crohn's disease.,"Although Crohn Disease is listed as a MeSH term, the case presentation specifically states that the patient has rheumatoid arthritis.",yes,The patient has Crohn's disease.,"According to the case presentation, a severe systemic reaction to sulfasalazine developed in a 21-year-old female with Crohn's disease.",True,True,The primary diagnosis of the patient in the case presentation was changed from rheumatoid arthritis to Crohn's disease.,rheumatoid arthritis,Crohn's disease,[]
pubmedqa_wtt_batch_cache 8,target_llama3_1_70b__aux_gemma4_e4b,86,11570976,Is it Crohn's disease?,maybe,False,1,symptom_manifestation,disease or condition,"The specific gastrointestinal symptom observed, which is characteristic of IBD.",granulomatous enteritis,simple enteritis,False,no,The patient's condition is not primarily Crohn's disease.,"Although Crohn Disease is listed as a MeSH term, the case presentation specifically states that the patient has rheumatoid arthritis.",no,The patient's condition is not primarily Crohn's disease.,"Although Crohn Disease is listed as a MeSH term, the case presentation specifically mentions rheumatoid arthritis and various systemic reactions to sulfasalazine, without indicating that Crohn's disease is the primary condition being treated or discussed.",False,True,The specific gastrointestinal symptom observed (symptom_manifestation) was changed from 'granulomatous enteritis' to 'simple enteritis'.,granulomatous enteritis,simple enteritis,[]
pubmedqa_wtt_batch_cache 8,target_llama3_1_70b__aux_gemma4_e4b,86,11570976,Is it Crohn's disease?,maybe,False,2,diagnosis_source,other,Whether the diagnosis is stated in the narrative case presentation or listed only in the MeSH terms.,stated in case presentation (RA),listed only in MeSH terms,True,no,The patient's condition is not primarily Crohn's disease.,"Although Crohn Disease is listed as a MeSH term, the case presentation specifically states that the patient has rheumatoid arthritis.",no,The patient's condition is not explicitly stated as Crohn's disease.,"Although Crohn Disease is listed as a MeSH term, it is not mentioned in the case presentation or background as the patient's diagnosis.",False,True,"The explicit mention of the patient's primary diagnosis (rheumatoid arthritis) was removed from the [CASE PRESENTATION] section, ensuring that the diagnosis is now only listed in the MeSH terms.",with rheumatoid arthritis,,[]
pubmedqa_wtt_batch_cache 8,target_llama3_1_70b__aux_gemma4_e4b,95,23076787,Can increases in the cigarette tax rate be linked to cigarette retail prices?,no,True,0,stma_policy_authority,comparison group,The ability of the Chinese State Tobacco Monopoly Administration (STMA) to intervene and mandate that retail prices remain unchanged despite tax changes.,Used its policy authority to ensure that retail cigarette prices did not change.,Did not use its policy authority (or was unable to).,True,no,Increases in cigarette tax rate do not necessarily lead to higher retail prices.,The Chinese STMA used its policy authority to ensure that retail cigarette prices did not change despite a 2009 excise tax increase.,no,Increases in cigarette tax rate do not necessarily translate to higher retail prices.,"The 2009 excise tax increase on cigarettes in China did not result in higher retail prices, despite the government collecting more tax revenue and the tobacco industry experiencing lower profits.",False,True,The explanation for why the tax increase did not translate into higher retail prices was changed from successful intervention by the STMA to a failure or inability of the STMA to intervene.,because the Chinese STMA used its policy authority to ensure that retail cigarette prices did not change.,because the Chinese STMA did not use its policy authority (or was unable to).,[]
pubmedqa_wtt_batch_cache 8,target_llama3_1_70b__aux_gemma4_e4b,95,23076787,Can increases in the cigarette tax rate be linked to cigarette retail prices?,no,True,1,country_location,other,The specific country (China) and its unique regulatory framework governing tobacco pricing and taxation.,China,"A country with different regulatory mechanisms (e.g., the United States or EU).",True,no,Increases in cigarette tax rate do not necessarily lead to higher retail prices.,The Chinese STMA used its policy authority to ensure that retail cigarette prices did not change despite a 2009 excise tax increase.,no,Increases in cigarette tax rate do not necessarily lead to higher retail prices.,The 2009 excise tax increase on cigarettes did not translate into higher retail prices due to the national regulatory body's policy authority.,False,True,"The country location (China) and its specific regulatory body (STMA) were replaced with a generalized, different regulatory environment (the United States and the national regulatory body) to maintain internal consistency while changing the geographical focus.","China's cigarette pricing mechanism and the role of the Chinese State Tobacco Monopoly Administration (STMA) on cigarette pricing and taxation. Published government tobacco tax documentation and statistics published by the Chinese STMA are used to analyse the interrelations among industry profits, taxes and retail price of cigarettes in China. The 2009 excise tax increase on cigarettes in China has not translated into higher retail prices because the Chinese STMA used its policy authority to ensure that retail cigarette prices did not change. The government tax increase is being collected at both the producer and wholesale levels. As a result, the 2009 excise tax increase in China has resulted in higher tax revenue for the government and lower profits for the tobacco industry, with no increase in the retail price of cigarettes for consumers. MeSH terms: China","the United States' cigarette pricing mechanism and the role of the national regulatory body on cigarette pricing and taxation. Published government tobacco tax documentation and statistics published by the national regulatory body are used to analyse the interrelations among industry profits, taxes and retail price of cigarettes in the United States. The 2009 excise tax increase on cigarettes in the United States has not translated into higher retail prices because the national regulatory body used its policy authority to ensure that retail cigarette prices did not change. The government tax increase is being collected at both the producer and wholesale levels. As a result, the 2009 excise tax increase in the United States has resulted in higher tax revenue for the government and lower profits for the tobacco industry, with no increase in the retail price of cigarettes for consumers. MeSH terms: United States",[]
pubmedqa_wtt_batch_cache 8,target_llama3_1_70b__aux_gemma4_e4b,95,23076787,Can increases in the cigarette tax rate be linked to cigarette retail prices?,no,True,2,tax_collection_level,other,The level at which the government tax increase is collected (producer and wholesale levels).,Collected at both the producer and wholesale levels.,Collected solely at the retail level.,True,no,Increases in cigarette tax rate do not necessarily lead to higher retail prices.,The Chinese STMA used its policy authority to ensure that retail cigarette prices did not change despite a 2009 excise tax increase.,no,Increases in cigarette tax rate do not necessarily lead to higher retail prices.,"The Chinese STMA can use its policy authority to maintain retail prices despite tax increases, as seen with the 2009 excise tax increase.",False,True,The tax collection level was changed from 'Collected at both the producer and wholesale levels' to 'Collected solely at the retail level'.,The government tax increase is being collected at both the producer and wholesale levels.,The government tax increase is being collected solely at the retail level.,[]
pubmedqa_wtt_batch_cache 8,target_llama3_1_70b__aux_gemma4_e4b,118,19106867,"The Main Gate Syndrome: a new format in mass-casualty victim ""surge"" management?",yes,False,0,main_gate_syndrome,disease or condition,The specific syndrome or condition being questioned regarding its use in mass casualty management.,Not mentioned,Mentioned and described as a new format,True,no,The Main Gate Syndrome is not mentioned as a new format in mass-casualty victim 'surge' management.,There is no mention of the Main Gate Syndrome in the provided abstract context.,yes,The Main Gate Syndrome is a new framework for managing mass-casualty victim surge.,"According to the introduction, recent suicide bombings necessitate new frameworks such as the Main Gate Syndrome for Trauma Centers.",True,True,The Introduction was modified to introduce 'Main Gate Syndrome' as a necessary new framework for managing mass casualty incidents.,Recent suicide bombings pose the novel problem for Trauma Centers of the massive simultaneous arrival of many gravely wounded patients.,"Recent suicide bombings pose the novel problem for Trauma Centers of the massive simultaneous arrival of many gravely wounded patients, necessitating new frameworks such as the Main Gate Syndrome.",[]
pubmedqa_wtt_batch_cache 8,target_llama3_1_70b__aux_gemma4_e4b,118,19106867,"The Main Gate Syndrome: a new format in mass-casualty victim ""surge"" management?",yes,False,1,type_of_trauma_event,other,"The specific type of mass casualty incident that occurred, which dictates the required management protocols.",Suicide bombings/Wave of suicide bombings,"Natural disaster (e.g., earthquake)",False,no,The Main Gate Syndrome is not mentioned as a new format in mass-casualty victim 'surge' management.,There is no mention of the Main Gate Syndrome in the provided abstract context.,no,The Main Gate Syndrome is not mentioned as a new format in mass-casualty victim 'surge' management.,There is no mention of the Main Gate Syndrome in the provided abstract context.,False,True,"The type of mass casualty event was changed from 'Suicide bombings/Wave of suicide bombings' to 'Natural disaster (e.g., earthquake)' throughout the abstract context.",Recent suicide bombings... during the wave of suicide bombings,Recent natural disasters... during a natural disaster,[]
pubmedqa_wtt_batch_cache 8,target_llama3_1_70b__aux_gemma4_e4b,118,19106867,"The Main Gate Syndrome: a new format in mass-casualty victim ""surge"" management?",yes,False,2,management_format_status,other,Whether the syndrome is presented as a new or established management format.,Not mentioned (Implied standard care),Explicitly described as a new format,False,no,The Main Gate Syndrome is not mentioned as a new format in mass-casualty victim 'surge' management.,There is no mention of the Main Gate Syndrome in the provided abstract context.,no,The Main Gate Syndrome is not mentioned as a new format in mass-casualty victim 'surge' management.,"The abstract does not mention The Main Gate Syndrome, but rather refers to the need for a new management format for the associated syndrome due to recent suicide bombings.",False,True,"The introduction was minimally edited to explicitly state that the management of the syndrome is a new format, rather than implying standard care.",Recent suicide bombings pose the novel problem for Trauma Centers of the massive simultaneous arrival of many gravely wounded patients.,"Recent suicide bombings pose the novel problem for Trauma Centers of the massive simultaneous arrival of many gravely wounded patients, requiring a new management format for the associated syndrome.",[]
pubmedqa_wtt_batch_cache 8,target_llama3_1_70b__aux_gemma4_e4b,124,18540901,Transient tachypnea of the newborn (TTN): a role for polymorphisms in the beta-adrenergic receptor (ADRB) encoding genes?,yes,True,0,beta1ser49gly_polymorphism_association,statistical significance,The significant association found between the beta1Ser49Gly polymorphism and increased risk of TTN.,Significant association (OR 18.5; p = 0.023),"No significant association (e.g., OR 1.0; p > 0.05)",True,yes,Polymorphisms in the beta-adrenergic receptor encoding genes may play a role in TTN.,"The study found significant associations between certain polymorphisms, such as the beta1Ser49Gly polymorphism and the T-47C, A46G, C79G and C491T haplotype in the ADRB2 gene, and an increased risk of TTN.",yes,Polymorphisms in the beta-adrenergic receptor (ADRB) encoding genes may play a role in TTN.,"The study found significant associations between certain polymorphisms, such as the beta1Ser49Gly polymorphism and the T-47C, A46G, C79G and C491T haplotype in the ADRB2 gene, and the risk of TTN.",False,True,The statistical association between the beta1Gly49 polymorphism and TTN was changed from a significant risk (OR 18.5; p = 0.023) to no significant association (OR 1.0; p = 0.15).,Multivariate analysis provided beta1Gly49 homozygotes with higher risk for TTN (OR 18.5; 95%CI 1.5-229; p = 0.023) than beta1Ser49 allele carrier.,Multivariate analysis provided beta1Gly49 homozygotes with no significant difference in risk for TTN (OR 1.0; 95%CI 0.8-1.2; p = 0.15) compared to beta1Ser49 allele carrier.,[]
pubmedqa_wtt_batch_cache 8,target_llama3_1_70b__aux_gemma4_e4b,124,18540901,Transient tachypnea of the newborn (TTN): a role for polymorphisms in the beta-adrenergic receptor (ADRB) encoding genes?,yes,True,1,adrb2_haplotype_association,statistical significance,"The significant association found between the T-47C, A46G, C79G and C491T haplotype in the ADRB2 gene and TTN.",Significant association (p = 0.048),"No significant association (e.g., p = 0.15)",True,yes,Polymorphisms in the beta-adrenergic receptor encoding genes may play a role in TTN.,"The study found significant associations between certain polymorphisms, such as the beta1Ser49Gly polymorphism and the T-47C, A46G, C79G and C491T haplotype in the ADRB2 gene, and an increased risk of TTN.",yes,Polymorphisms in the beta-adrenergic receptor encoding genes may play a role in TTN.,"The study found a significant association between the beta1Ser49Gly polymorphism and TTN, with beta1Gly49 homozygotes having a higher risk for TTN.",False,True,The statistical significance of the TACC haplotype association in ADRB2 gene with TTN was changed from significant (p=0.048) to non-significant (p=0.15).,"Further analysis showed significant association of T-47C, A46G, C79G and C491T (TACC) haplotype in ADRB2 gene with TTN (p = 0.048).","Further analysis showed no significant association of T-47C, A46G, C79G and C491T (TACC) haplotype in ADRB2 gene with TTN (p = 0.15).",[]
pubmedqa_wtt_batch_cache 8,target_llama3_1_70b__aux_gemma4_e4b,135,12836106,Does the leukocyte count correlate with the severity of injury?,yes,True,0,wbc_iss_correlation,measured outcome,The specific correlation found between White Blood Cell count and Injury Severity Score.,positively correlated,negatively correlated,True,yes,The leukocyte count correlates with the severity of injury.,"Statistical analysis revealed that WBC was correlated positively with ISS, indicating a relationship between leukocyte count and injury severity.",yes,The leukocyte count correlates with the severity of injury.,"Statistical analysis revealed that WBC was correlated negatively with ISS, indicating a relationship between leukocyte count and injury severity.",False,True,The correlation between WBC and ISS was changed from positive to negative.,positively correlated,negatively correlated,[]
pubmedqa_wtt_batch_cache 8,target_llama3_1_70b__aux_gemma4_e4b,135,12836106,Does the leukocyte count correlate with the severity of injury?,yes,True,1,trauma_type,other,The type of trauma studied in the patient cohort.,blunt trauma,penetrating trauma,False,yes,The leukocyte count correlates with the severity of injury.,"Statistical analysis revealed that WBC was correlated positively with ISS, indicating a relationship between leukocyte count and injury severity.",yes,The leukocyte count correlates with the severity of injury.,"Statistical analysis revealed that WBC was correlated positively with ISS, indicating a relationship between leukocyte count and injury severity.",False,True,The type of trauma studied in the patient cohort was changed from blunt trauma to penetrating trauma.,blunt trauma,penetrating trauma,[]
pubmedqa_wtt_batch_cache 8,target_llama3_1_70b__aux_gemma4_e4b,135,12836106,Does the leukocyte count correlate with the severity of injury?,yes,True,2,severity_index_used,comparison group,The specific severity index used to demonstrate the correlation with WBC count.,ISS,GCS,True,yes,The leukocyte count correlates with the severity of injury.,"Statistical analysis revealed that WBC was correlated positively with ISS, indicating a relationship between leukocyte count and injury severity.",maybe,"The leukocyte count correlates with some injury severity scores, but not all.","Statistical analysis revealed that WBC was correlated positively with GCS, but negatively with RTS, indicating a complex relationship between leukocyte count and injury severity.",True,True,"The primary severity index used to demonstrate the positive correlation with WBC count was changed from ISS to GCS. Consequently, the negative correlation listed for GCS in the results section was removed to maintain internal consistency.","Statistical analysis revealed that WBC was correlated positively with ISS, but negatively with GCS and RTS.","Statistical analysis revealed that WBC was correlated positively with GCS, but negatively with RTS.",[]
pubmedqa_wtt_batch_cache 8,target_llama3_1_70b__aux_gemma4_e4b,141,22497340,Is horizontal semicircular canal ocular reflex influenced by otolith organs input?,yes,True,0,symmetry_of_eye_movements,measured outcome,Whether the observed eye movements or nystagmus are symmetric across different head positions.,Not symmetric (asymmetric),Symmetric,True,yes,The horizontal semicircular canal ocular reflex is influenced by otolith organs input.,"The asymmetric eye movements and nystagmus observed in different head positions indicate that the axis of eyeball rotation was affected by gravity, suggesting an influence of otolith organs on the horizontal semicircular canal ocular reflex.",no,The axis of eyeball rotation was not affected by gravity direction changes.,"Eye movements were symmetric in different head positions, indicating no influence from otolith organs input on horizontal canal ocular reflex.",True,True,"The observed symmetry of eye movements and nystagmus was changed from 'not symmetric' to 'symmetric,' requiring a minimal edit to the concluding sentence to maintain internal consistency (i.e., if the movements are symmetric, they are not affected by the shift of gravity).",Eye movements in the supine position and the prone position were not in a symmetric fashion. Nystagmus in the left-ear-down position and the right-ear-down position were not symmetric either. These phenomena indicate that the axis of the eyeball rotation was affected by the shift of the direction of gravity exerted on the head.,Eye movements in the supine position and the prone position were in a symmetric fashion. Nystagmus in the left-ear-down position and the right-ear-down position were symmetric either. These phenomena indicate that the axis of the eyeball rotation was not affected by the shift of the direction of gravity exerted on the head.,[]
pubmedqa_wtt_batch_cache 8,target_llama3_1_70b__aux_gemma4_e4b,141,22497340,Is horizontal semicircular canal ocular reflex influenced by otolith organs input?,yes,True,1,head_position,other,"The specific head position used during the testing (e.g., supine, prone, left-ear-down).",Supine position and prone position (and others),"Only a single, fixed head position",True,yes,The horizontal semicircular canal ocular reflex is influenced by otolith organs input.,"The asymmetric eye movements and nystagmus observed in different head positions indicate that the axis of eyeball rotation was affected by gravity, suggesting an influence of otolith organs on the horizontal semicircular canal ocular reflex.",yes,Horizontal semicircular canal ocular reflex is influenced by otolith organs input.,"The study found that eye movements were affected by the direction of gravity, indicating an influence of otolith organs on the horizontal canal ocular reflex.",False,True,"The testing protocol was changed from requiring multiple, variable head positions (left-ear-down, prone, right-ear-down, supine) to using only a single, fixed head position. Consequently, the results section was edited to reflect findings from only this single position.","Each subject was kept in a left-ear-down position for 20 s and then repositioned to a prone position, a right-ear-down position and a supine position with 20 s intervals. ... Eye movements in the supine position and the prone position were not in a symmetric fashion. Nystagmus in the left-ear-down position and the right-ear-down position were not symmetric either.","Each subject was kept in a single, fixed head position for 20 s. ... Eye movements in the fixed head position were not in a symmetric fashion.",[]
pubmedqa_wtt_batch_cache 8,target_llama3_1_70b__aux_gemma4_e4b,141,22497340,Is horizontal semicircular canal ocular reflex influenced by otolith organs input?,yes,True,2,canal_reflex_tested,other,The specific semicircular canal or reflex being evaluated.,Horizontal semicircular canal ocular reflex,Vertical semicircular canal ocular reflex,True,yes,The horizontal semicircular canal ocular reflex is influenced by otolith organs input.,"The asymmetric eye movements and nystagmus observed in different head positions indicate that the axis of eyeball rotation was affected by gravity, suggesting an influence of otolith organs on the horizontal semicircular canal ocular reflex.",no,The study does not provide information on horizontal semicircular canal ocular reflex.,"The abstract only discusses vertical canal ocular reflex and its relation to otolith organs input, without mentioning horizontal semicircular canal ocular reflex.",True,True,The specific semicircular canal reflex tested was changed from horizontal to vertical.,horizontal canal ocular reflex,vertical canal ocular reflex,[]
pubmedqa_wtt_batch_cache 8,target_llama3_1_70b__aux_gemma4_e4b,143,8566975,Serovar specific immunity to Neisseria gonorrhoeae: does it exist?,no,True,0,statistical_significance,statistical significance,Whether a significant difference was found in the prevalence of serovars between the two groups.,No significant difference,Significant difference,True,no,Serovar specific immunity to Neisseria gonorrhoeae does not appear to exist.,"The study found no significant difference in the prevalence of serovars isolated following a repeat infection, suggesting limited serovar specific protection from reinfection.",no,Serovar specific immunity to Neisseria gonorrhoeae does not appear to exist.,"The study found a significant difference in serovars isolated following repeat infections, suggesting limited serovar-specific protection from reinfection.",False,True,The statistical finding regarding the prevalence of serovars following repeat infection was changed from 'No significant difference' to 'A significant difference'.,No significant difference,A significant difference,[]
pubmedqa_wtt_batch_cache 8,target_llama3_1_70b__aux_gemma4_e4b,143,8566975,Serovar specific immunity to Neisseria gonorrhoeae: does it exist?,no,True,1,measured_outcome,measured outcome,The specific metric used to assess serovar protection.,Prevalence of serovars isolated,Antibody titer levels against specific serovars,True,no,Serovar specific immunity to Neisseria gonorrhoeae does not appear to exist.,"The study found no significant difference in the prevalence of serovars isolated following a repeat infection, suggesting limited serovar specific protection from reinfection.",no,Serovar specific immunity to Neisseria gonorrhoeae does not appear to exist.,"No significant difference was seen in antibody titer levels against specific serovars following a repeat infection, suggesting limited serovar specific protection from reinfection.",False,True,The primary metric used to assess serovar protection was changed from 'prevalence of serovars isolated' to 'antibody titer levels against specific serovars'. This required minimal edits in the Methods and Results sections to maintain consistency.,No significant difference was seen in the prevalence of serovars isolated following a repeat infection compared with those without repeat infections. The site of the initial infection did not appear to influence the subsequent serovar isolated.,No significant difference was seen in the antibody titer levels against specific serovars following a repeat infection compared with those without repeat infections. The site of the initial infection did not appear to influence the subsequent antibody titer levels.,[]
pubmedqa_wtt_batch_cache 8,target_llama3_1_70b__aux_gemma4_e4b,143,8566975,Serovar specific immunity to Neisseria gonorrhoeae: does it exist?,no,True,2,comparison_group_status,comparison group,The comparison made between serovars found after repeat infection versus those without repeat infections.,Serovars following repeat infection compared with those without repeat infections,Serovars following repeat infection compared with serovars from the initial infection,True,no,Serovar specific immunity to Neisseria gonorrhoeae does not appear to exist.,"The study found no significant difference in the prevalence of serovars isolated following a repeat infection, suggesting limited serovar specific protection from reinfection.",no,Serovar specific immunity to Neisseria gonorrhoeae does not appear to exist.,The study found no significant difference in the prevalence of serovars isolated following a repeat infection compared with serovars from the initial infection.,False,True,The comparison group in the results section was changed from 'serovars without repeat infections' to 'serovars from the initial infection' to reflect a comparison between repeat infection serovars and baseline serovars.,compared with those without repeat infections,compared with serovars from the initial infection,[]
pubmedqa_wtt_batch_cache 8,target_llama3_1_70b__aux_gemma4_e4b,157,18243752,Should chest wall irradiation be included after mastectomy and negative node breast cancer?,maybe,True,0,statistical_significance,statistical significance,Whether the identified risk factors for local failure were statistically significant.,without statistical significance,with statistical significance,True,maybe,"Chest wall irradiation may be considered for patients with increased risk of local failure, such as those aged ≤40 years or with tumour size >20mm.","The study found that recurrence sites included the chest wall, and factors associated with increased risk of local failure were age≤40 years and tumour size>20mm, suggesting that chest wall irradiation may be beneficial for these high-risk patients.",maybe,Chest wall irradiation may be considered for patients with high-risk factors such as age <= 40 years and tumour size greater than 20mm.,"The study found that recurrence sites included the chest wall, and certain patient subgroups had a higher risk of local failure, suggesting that additional treatment considerations may be warranted.",False,True,The statistical significance of the identified risk factors (age <= 40 years and tumour size > 20mm) for local failure was changed from 'without statistical significance' to 'with statistical significance'.,without statistical significance,with statistical significance,[]
pubmedqa_wtt_batch_cache 8,target_llama3_1_70b__aux_gemma4_e4b,157,18243752,Should chest wall irradiation be included after mastectomy and negative node breast cancer?,maybe,True,1,tumour_size_threshold,numerical size,The size threshold used to define a high-risk patient group.,greater than 20mm,greater than 30mm,True,maybe,"Chest wall irradiation may be considered for patients with increased risk of local failure, such as those aged ≤40 years or with tumour size >20mm.","The study found that recurrence sites included the chest wall, and factors associated with increased risk of local failure were age≤40 years and tumour size>20mm, suggesting that chest wall irradiation may be beneficial for these high-risk patients.",maybe,"Chest wall irradiation may be considered for patients with increased risk of local failure, such as those aged ≤40 years or with tumour size >30mm.","The study found that recurrence sites included the chest wall, and factors associated with increased risk of local failure were age≤40 years and tumour size>30mm, suggesting that chest wall irradiation may be beneficial for these high-risk patients.",False,True,The numerical threshold for high-risk tumour size was increased from 20mm to 30mm.,tumour size greater than 20mm,tumour size greater than 30mm,[]
pubmedqa_wtt_batch_cache 8,target_llama3_1_70b__aux_gemma4_e4b,157,18243752,Should chest wall irradiation be included after mastectomy and negative node breast cancer?,maybe,True,2,recurrence_site,other,The specific anatomical location where local recurrence was observed.,operative scare and chest wall,operative scare only,True,maybe,"Chest wall irradiation may be considered for patients with increased risk of local failure, such as those aged ≤40 years or with tumour size >20mm.","The study found that recurrence sites included the chest wall, and factors associated with increased risk of local failure were age≤40 years and tumour size>20mm, suggesting that chest wall irradiation may be beneficial for these high-risk patients.",no,Chest wall irradiation is not necessary after mastectomy and negative node breast cancer.,"The study found that local recurrence sites were only at the operative scar, suggesting that chest wall irradiation may not be required.",True,True,The recurrence site was changed from 'operative scare and chest wall' to 'operative scare only'.,operative scare and chest wall,operative scare only,[]
pubmedqa_wtt_batch_cache 8,target_llama3_1_70b__aux_gemma4_e4b,186,22211919,"Actinobaculum schaalii, a cause of urinary tract infections in children?",maybe,False,0,urinary_tract_infection,disease or condition,The specific disease or condition associated with the positive finding of A. schaalii.,urinary tract infection,asymptomatic bacteriuria,True,yes,Actinobaculum schaalii is a cause of urinary tract infections in children.,A. schaalii was found in quantities equivalent to ≥ 10(6) CFU/mL by both culture and PCR in two children with a urinary tract infection.,yes,Actinobaculum schaalii is a cause of urinary tract infections in children.,"A. schaalii was found in urine samples from children, including two with asymptomatic bacteriuria and large numbers of leucocytes.",False,True,The specific disease or condition associated with A. schaalii was changed from urinary tract infection to asymptomatic bacteriuria.,urinary tract infection,asymptomatic bacteriuria,[]
pubmedqa_wtt_batch_cache 8,target_llama3_1_70b__aux_gemma4_e4b,186,22211919,"Actinobaculum schaalii, a cause of urinary tract infections in children?",maybe,False,1,population_group,comparison group,The age group of the individuals in whom the bacteria were found.,children,adults,True,yes,Actinobaculum schaalii is a cause of urinary tract infections in children.,A. schaalii was found in quantities equivalent to ≥ 10(6) CFU/mL by both culture and PCR in two children with a urinary tract infection.,no,Actinobaculum schaalii is not mentioned as a cause of urinary tract infections in children.,"The abstract mentions A. schaalii being found in two adults with urinary tract infection, but does not mention children.",True,True,The population group was changed from children to adults.,two children,two adults,[]
pubmedqa_wtt_batch_cache 8,target_llama3_1_70b__aux_gemma4_e4b,186,22211919,"Actinobaculum schaalii, a cause of urinary tract infections in children?",maybe,False,2,bacterial_load,measured outcome,The measured concentration of A. schaalii in the urine samples.,≥ 10(6) CFU/mL,≥ 10(3) CFU/mL,True,yes,Actinobaculum schaalii is a cause of urinary tract infections in children.,A. schaalii was found in quantities equivalent to ≥ 10(6) CFU/mL by both culture and PCR in two children with a urinary tract infection.,yes,Actinobaculum schaalii is a cause of urinary tract infections in children.,A. schaalii was found in quantities equivalent to ≥ 10(3) CFU/mL by both culture and PCR in two children with a urinary tract infection.,False,True,The reported bacterial load of A. schaalii in two children with UTI was reduced from ≥ 10(6) CFU/mL to ≥ 10(3) CFU/mL.,≥ 10(6) CFU/mL,≥ 10(3) CFU/mL,[]
pubmedqa_wtt_batch_cache 8,target_llama3_1_70b__aux_gemma4_e4b,192,17444776,Is the holmium:YAG laser the best intracorporeal lithotripter for the ureter?,yes,False,0,comparison_group,comparison group,The type of lithotripter used for comparison against holmium:YAG laser.,None (The study only uses holmium:YAG laser),"Other intracorporeal lithotripters (e.g., pneumatic or different laser types)",True,maybe,The study does not compare holmium:YAG laser to other intracorporeal lithotripters.,"The abstract reports on the efficiency and safety of holmium:YAG laser lithotripsy, but it does not provide a comparison with other lithotripters.",maybe,The study does not compare the holmium:YAG laser to other intracorporeal lithotripters.,"Although the study reports a high success rate for holmium:YAG laser lithotripsy, it also mentions that other types of lasers were used in the treatment of ureteral stones, but does not provide a direct comparison.",False,True,"The study design was changed from a single-arm study using only holmium:YAG laser lithotripsy to a comparative study involving multiple intracorporeal lithotripters (e.g., pneumatic and other laser types).",A series of 188 patients with 208 ureteral stones were treated with semirigid ureteroscopy and holmium:YAG laser lithotripsy from January 2003 to December 2005.,"A series of 188 patients with 208 ureteral stones were treated with semirigid ureteroscopy and various intracorporeal lithotripters, including holmium:YAG laser, pneumatic lithotripsy, and other laser types, from January 2003 to December 2005.",[]
pubmedqa_wtt_batch_cache 8,target_llama3_1_70b__aux_gemma4_e4b,192,17444776,Is the holmium:YAG laser the best intracorporeal lithotripter for the ureter?,yes,False,1,study_purpose,study design,"The primary goal of the study (e.g., comparing multiple treatments vs. assessing one treatment).",To study the efficiency and safety of holmium:YAG laser lithotripsy,To compare the efficiency and safety of multiple lithotripsy methods,True,maybe,The study does not compare holmium:YAG laser to other intracorporeal lithotripters.,"The abstract reports on the efficiency and safety of holmium:YAG laser lithotripsy, but it does not provide a comparison with other lithotripters.",maybe,The study does not compare holmium:YAG laser to other intracorporeal lithotripters.,"The abstract only reports on the efficiency and safety of semirigid ureteroscopy with holmium:YAG laser lithotripsy, without comparing it to other methods.",False,True,The study purpose was changed from focusing on a single treatment (holmium:YAG laser lithotripsy) to comparing multiple lithotripsy methods.,[PURPOSE] To study the efficiency and safety of holmium:YAG laser lithotripsy for ureteral stones.,[PURPOSE] To compare the efficiency and safety of multiple lithotripsy methods for ureteral stones.,[]
pubmedqa_wtt_batch_cache 8,target_llama3_1_70b__aux_gemma4_e4b,197,2224269,Should general practitioners call patients by their first names?,yes,False,0,overall_acceptability_of_first_names,measured outcome,The proportion of patients who are comfortable with being called by their first names.,398 (liked or did not mind) vs 77 (disliked),"The majority of patients (e.g., 398) disliked being called by their first names, and only 77 liked it.",True,maybe,"It depends on patient preference, as most patients liked or did not mind being called by their first names.","The study found that 398 out of 475 patients either liked (223) or did not mind (175) being called by their first names, but a significant minority (77) disliked it.",no,General practitioners should not call patients by their first names.,"The majority of patients (398) disliked being called by their first names, with most of those who disliked it being aged over 65.",True,True,"The interpretation of the acceptability of being called by one's first name was reversed. Originally, the majority liked or did not mind (398) being called by their first names. In the counterfactual context, the majority (398) disliked being called by their first names, and only 77 liked it.","Most of the patients either liked (223) or did not mind (175) being called by their first names. Only 77 disliked it, most of whom were aged over 65.","The majority of patients (e.g., 398) disliked being called by their first names, and only 77 liked it. Most of those who disliked it were aged over 65.",[]
pubmedqa_wtt_batch_cache 8,target_llama3_1_70b__aux_gemma4_e4b,197,2224269,Should general practitioners call patients by their first names?,yes,False,1,patient_preference_to_call_doctor_by_first_name,measured outcome,The proportion of patients who want to call the doctor by his or her first name.,Most patients (324) did not want to call the doctor by his or her first name.,Most patients (324) wanted to call the doctor by his or her first name.,False,maybe,"It depends on patient preference, as most patients liked or did not mind being called by their first names.","The study found that 398 out of 475 patients either liked (223) or did not mind (175) being called by their first names, but a significant minority (77) disliked it.",maybe,"It depends on patient preference, as most patients liked or did not mind being called by their first names.","The study found that while most patients (398 out of 475) either liked or did not mind being called by their first names, a significant minority (77) disliked it, mostly among those aged over 65.",False,True,The reported preference of patients regarding calling the doctor by their first name was reversed from 'did not want' to 'wanted'.,"Most patients (324) did not, however, want to call the doctor by his or her first name.","Most patients (324) wanted, however, to call the doctor by his or her first name.",[]
pubmedqa_wtt_batch_cache 8,target_llama3_1_70b__aux_gemma4_e4b,215,21214884,Can 'high-risk' human papillomaviruses (HPVs) be detected in human breast milk?,no,True,0,detection_result,measured outcome,Whether 'high-risk' HPV DNA was detected in the specimens.,No 'high-risk' HPV DNA was detected.,'High-risk' HPV DNA was detected.,True,no,'High-risk' human papillomaviruses (HPVs) were not detected in human breast milk.,The study found no 'high-risk' HPV DNA in 32 human milk specimens using polymerase chain reaction techniques.,yes,'High-risk' HPV DNA was detected in human breast milk specimens.,The study used PCR techniques to evaluate HPV infection in human breast milk and found 'high-risk' HPV DNA in the studied specimens.,True,True,The detection result was changed from 'no high-risk HPV DNA was detected' to 'high-risk HPV DNA was detected'.,"no 'high-risk' HPV 16, 18, 31, 33, 35, 39, 45, 51, 52, 56, 58 or 58 DNA was detected.","'high-risk' HPV 16, 18, 31, 33, 35, 39, 45, 51, 52, 56, 58 or 58 DNA was detected.",[]
pubmedqa_wtt_batch_cache 8,target_llama3_1_70b__aux_gemma4_e4b,215,21214884,Can 'high-risk' human papillomaviruses (HPVs) be detected in human breast milk?,no,True,1,sample_type,other,The biological fluid from which the specimens were collected.,Human breast milk,Human blood,True,no,'High-risk' human papillomaviruses (HPVs) were not detected in human breast milk.,The study found no 'high-risk' HPV DNA in 32 human milk specimens using polymerase chain reaction techniques.,no,"'High-risk' HPVs were not detected in human blood, but the study did not specifically examine breast milk.","The study evaluated HPV infection in human blood, not breast milk, and found no 'high-risk' HPV DNA.",False,True,The sample type was changed from 'Human breast milk' to 'Human blood' throughout the abstract context.,human breast milk... human milk specimens,human blood... human blood specimens,[]
pubmedqa_wtt_batch_cache 8,target_llama3_1_70b__aux_gemma4_e4b,215,21214884,Can 'high-risk' human papillomaviruses (HPVs) be detected in human breast milk?,no,True,2,hpv_risk_level,other,The risk category of the HPV types being tested for.,High-risk,Low-risk,True,no,'High-risk' human papillomaviruses (HPVs) were not detected in human breast milk.,The study found no 'high-risk' HPV DNA in 32 human milk specimens using polymerase chain reaction techniques.,no,'High-risk' human papillomaviruses (HPVs) were not detected in human breast milk.,"The study specifically mentions that 'low-risk' HPVs were not detected, but it does not provide information on 'high-risk' HPVs; however, the list of undetected HPVs includes some high-risk types such as HPV 16 and 18.",False,True,The risk level of the HPV types tested for was changed from 'High-risk' to 'Low-risk'.,high-risk,low-risk,[]
pubmedqa_wtt_batch_cache 8,target_deepseek_r1_32b__aux_gemma4_e4b,8,17113061,Do mutations causing low HDL-C promote increased carotid intima-media thickness?,no,True,0,cimt_difference,measured outcome,The difference in carotid intima-media thickness (cIMT) measurements between cases (with low HDL) and controls.,Nearly identical (0.66 +/- 0.17 cm vs 0.65 +/- 0.18 cm),"Significantly higher in cases (e.g., 0.80 cm)",True,no,"No, mutations causing low HDL-C do not promote increased carotid intima-media thickness.",The study showed that cIMT levels were nearly identical between subjects with genetic HDL deficiency and controls despite significantly lower HDL cholesterol in the cases.,yes,"Yes, mutations causing low HDL-C promote increased carotid intima-media thickness.","The study found that individuals with genetic mutations leading to low HDL cholesterol had significantly higher cIMT compared to controls, indicating an association between these mutations and increased carotid intima-media thickness.",True,True,The reported difference in cIMT between cases and controls was changed from 'nearly identical' to 'significantly higher in cases'.,cIMT was nearly identical between cases (0.66+/-0.17 cm) and controls (0.65+/-0.18 cm),"cIMT was significantly higher in cases (e.g., 0.80 cm) compared to controls",[]
pubmedqa_wtt_batch_cache 8,target_deepseek_r1_32b__aux_gemma4_e4b,8,17113061,Do mutations causing low HDL-C promote increased carotid intima-media thickness?,no,True,1,hdl_difference,measured outcome,The difference in HDL cholesterol levels between cases (with mutations) and controls.,Significantly lower in cases (0.67 vs 1.58 mmol/l),Not significantly different between cases and controls,True,no,"No, mutations causing low HDL-C do not promote increased carotid intima-media thickness.",The study showed that cIMT levels were nearly identical between subjects with genetic HDL deficiency and controls despite significantly lower HDL cholesterol in the cases.,no,"No, mutations causing low HDL-C do not promote increased carotid intima-media thickness.",The study found no significant difference in cIMT between cases with HDL-related mutations and controls.,False,True,The description of the difference in HDL cholesterol levels between cases and controls was changed from 'Significantly lower in cases (0.67 vs 1.58 mmol/l)' to 'Not significantly different between cases and controls'.,despite significantly lower HDL cholesterol (0.67 vs. 1.58 mmol/l),despite HDL cholesterol not being significantly different between cases and controls,[]
pubmedqa_wtt_batch_cache 8,target_deepseek_r1_32b__aux_gemma4_e4b,8,17113061,Do mutations causing low HDL-C promote increased carotid intima-media thickness?,no,True,2,study_design,study design,The type of study and the specific population studied (case-control study of specific mutations).,"1:2 case-control study of 10 specific mutations (LCAT, ABCA1, APOA1)",Large cross-sectional cohort study of all individuals with low HDL-C,False,no,"No, mutations causing low HDL-C do not promote increased carotid intima-media thickness.",The study showed that cIMT levels were nearly identical between subjects with genetic HDL deficiency and controls despite significantly lower HDL cholesterol in the cases.,no,Mutations causing low HDL-C do not promote increased carotid intima-media thickness.,"The study showed that cIMT measurements were nearly identical between individuals with low HDL-C and controls, despite significantly lower HDL cholesterol levels.",False,True,"The study design was changed from a case-control study of specific mutations (LCAT, ABCA1, APOA1) to a large cross-sectional cohort study of all individuals with low HDL-C. Corresponding minor edits were made in the METHODS and RESULTS sections to reflect this change.","Carotid intima-media thickness (cIMT) measurements were obtained in cases comprising 10 different mutations in LCAT, ABCA1 and APOA1 to further evaluate the relationship between low HDL resulting from genetic variation and early atherosclerosis.

In a 1:2 case-control study of sex and age-related (+/-5 y) subjects (n=114), cIMT was nearly identical between cases (0.66+/-0.17 cm) and controls (0.65+/-0.18 cm) despite significantly lower HDL cholesterol (0.67 vs. 1.58 mmol/l) and apolipoprotein A-I levels (96.7 vs. 151.4 mg/dl) (P<0.05)","Carotid intima-media thickness (cIMT) measurements were obtained in a large cross-sectional cohort study of all individuals with low HDL-C to further evaluate the relationship between low HDL and early atherosclerosis.

In a large cross-sectional cohort study of sex and age-related (+/-5 y) subjects (n=114), cIMT was nearly identical between groups (0.66+/-0.17 cm) and controls (0.65+/-0.18 cm) despite significantly lower HDL cholesterol (0.67 vs. 1.58 mmol/l) and apolipoprotein A-I levels (96.7 vs. 151.4 mg/dl) (P<0.05)",[]
pubmedqa_wtt_batch_cache 8,target_deepseek_r1_32b__aux_gemma4_e4b,17,17096624,Do patterns of knowledge and attitudes exist among unvaccinated seniors?,yes,True,0,number_of_clusters,measured outcome,The number of distinct clusters or groups identified among the surveyed seniors.,4,1,True,yes,"Yes, patterns exist.","The study identified four distinct clusters (Potentials, Fearful Uninformeds, Doubters, Misinformeds) with varying beliefs about the influenza vaccine among unvaccinated seniors.",yes,Patterns of knowledge and attitudes do exist among unvaccinated seniors.,"The study identified a cluster of unvaccinated seniors with high knowledge and positive attitudes toward vaccination, indicating existing patterns.",False,True,The number of distinct clusters identified among the seniors was changed from 4 to 1. This required replacing the detailed descriptions of the four groups and generalizing the subsequent comparative sentence to maintain internal consistency.,[RESULTS] Identified 4 clusters: Potentials (45%) would receive influenza vaccine to prevent disease; Fearful Uninformeds (9%) were unsure if influenza vaccine causes illness; Doubters (27%) were unsure if vaccine is efficacious; Misinformeds (19%) believed influenza vaccine causes illness. More Potentials (75%) and Misinformeds (70%) ever received influenza vaccine than did Fearful Uninformeds (18%) and Doubters (29%).,[RESULTS] Identified 1 cluster: The seniors generally demonstrated high knowledge and positive attitudes toward vaccination. The majority of seniors (75%) had previously received the influenza vaccine.,[]
pubmedqa_wtt_batch_cache 8,target_deepseek_r1_32b__aux_gemma4_e4b,17,17096624,Do patterns of knowledge and attitudes exist among unvaccinated seniors?,yes,True,1,variability_of_beliefs,measured outcome,The degree of variation in knowledge and attitudes regarding the influenza vaccine among the seniors.,"Varying beliefs (e.g., belief in prevention vs. belief in causation)","Uniform beliefs (e.g., all seniors hold the same belief)",True,yes,"Yes, patterns exist.","The study identified four distinct clusters (Potentials, Fearful Uninformeds, Doubters, Misinformeds) with varying beliefs about the influenza vaccine among unvaccinated seniors.",no,No clear patterns were identified among unvaccinated seniors.,"The study found that most seniors (95%) were vaccinated, leaving insufficient data to identify patterns among the unvaccinated.",True,True,"The description of the findings was changed from showing multiple, varied clusters of beliefs (variability_of_beliefs) to showing a single, uniform belief pattern among the seniors.",Identified 4 clusters: Potentials (45%) would receive influenza vaccine to prevent disease; Fearful Uninformeds (9%) were unsure if influenza vaccine causes illness; Doubters (27%) were unsure if vaccine is efficacious; Misinformeds (19%) believed influenza vaccine causes illness. More Potentials (75%) and Misinformeds (70%) ever received influenza vaccine than did Fearful Uninformeds (18%) and Doubters (29%).,Identified a single cluster: All seniors (100%) expressed consistent belief in the vaccine's role in preventing disease. All seniors (95%) reported having received the influenza vaccine.,[]
pubmedqa_wtt_batch_cache 8,target_deepseek_r1_32b__aux_gemma4_e4b,29,28707539,Visceral adipose tissue area measurement at a single level: can it represent visceral adipose tissue volume?,yes,True,0,correlation_r_value,statistical significance,The strength of the correlation (r value) found between VAT area and VAT volume changes.,0.853,0.3,True,yes,"Yes, VAT area measurement at a single level can represent VAT volume.","The study found that measuring VAT area at a slice 3 cm above the lower margin of L3 showed strong correlations with VAT volume (r = 0.853) and body weight changes (r = 0.902), indicating it effectively represents VAT volume.",yes,"Yes, measuring VAT area at a specific slice can represent VAT volume.","The study found that VAT area measured at 3 cm above the lower margin of L3 showed moderate correlation with VAT volume (r=0.3), indicating it can represent VAT volume.",False,True,The correlation coefficient (r value) between VAT area and VAT volume changes was changed from 0.853 to 0.3.,0.853,0.3,[]
pubmedqa_wtt_batch_cache 8,target_deepseek_r1_32b__aux_gemma4_e4b,29,28707539,Visceral adipose tissue area measurement at a single level: can it represent visceral adipose tissue volume?,yes,True,1,ct_slice_location,other,The specific anatomical location (slice level) where the VAT area measurement was taken.,3 cm above the lower margin of L3,5 cm above the lower margin of L3,True,yes,"Yes, VAT area measurement at a single level can represent VAT volume.","The study found that measuring VAT area at a slice 3 cm above the lower margin of L3 showed strong correlations with VAT volume (r = 0.853) and body weight changes (r = 0.902), indicating it effectively represents VAT volume.",yes,"Yes, measuring VAT area at a specific slice level correlates strongly with VAT volume.",The study found strong correlations (r=0.853 and r=0.902) between VAT area at a single CT slice level and both VAT volume and body weight changes.,False,True,The slice location used for optimal VAT area measurement was changed from 3 cm to 5 cm above the lower margin of L3.,3 cm above the lower margin of L3,5 cm above the lower margin of L3,[]
pubmedqa_wtt_batch_cache 8,target_deepseek_r1_32b__aux_gemma4_e4b,29,28707539,Visceral adipose tissue area measurement at a single level: can it represent visceral adipose tissue volume?,yes,True,2,measured_outcome_comparison,measured outcome,The comparison being made between the single-level VAT area measurement and the overall VAT volume.,VAT area vs VAT volume,VAT area vs body weight change,True,yes,"Yes, VAT area measurement at a single level can represent VAT volume.","The study found that measuring VAT area at a slice 3 cm above the lower margin of L3 showed strong correlations with VAT volume (r = 0.853) and body weight changes (r = 0.902), indicating it effectively represents VAT volume.",yes,"Yes, VAT area measurement at a single level can represent VAT volume.","The study found a strong correlation (r=0.902) between VAT area at a specific CT slice and body weight changes, suggesting it reflects VAT volume.",False,True,The primary outcome comparison in the results section was changed from comparing VAT area to VAT volume (and body weight) to focusing solely on the comparison between VAT area and body weight changes.,"The strongest correlations of VAT area with VAT volume and body weight changes were shown in a slice 3 cm above the lower margin of L3 with r values of 0.853 and 0.902, respectively.",The strongest correlation of VAT area with body weight changes was shown in a slice 3 cm above the lower margin of L3 with an r value of 0.902.,[]
pubmedqa_wtt_batch_cache 8,target_deepseek_r1_32b__aux_gemma4_e4b,32,9645785,Is a mandatory general surgery rotation necessary in the surgical clerkship?,no,True,0,no_difference_in_scores,measured outcome,The finding that there were no statistically significant differences in scores between the group with and without general surgery rotations.,no differences in scores on any parameter,significant differences in scores were found,True,no,A mandatory general surgery rotation is not necessary.,The study showed no differences in outcomes between students who did and did not include general surgery rotations.,yes,A mandatory general surgery rotation is necessary.,"The study found significant differences in scores when general surgery was excluded, indicating its importance.",True,True,"The finding that there were no statistically significant differences in scores was changed to a finding that significant differences were found, requiring a minimal adjustment to the subsequent sentence to maintain internal consistency.",Data for 54 students showed no differences in scores between groups on any parameter. No specific concerns related to the absence of general surgery were identified.,Data for 54 students showed significant differences in scores between groups on certain parameters. Specific concerns related to the absence of general surgery were identified.,[]
pubmedqa_wtt_batch_cache 8,target_deepseek_r1_32b__aux_gemma4_e4b,32,9645785,Is a mandatory general surgery rotation necessary in the surgical clerkship?,no,True,1,number_of_students,numerical size,The total number of students included in the study.,54 students,10 students,False,no,A mandatory general surgery rotation is not necessary.,The study showed no differences in outcomes between students who did and did not include general surgery rotations.,no,A mandatory general surgery rotation is not necessary.,The study showed no differences in student performance or concerns when a general surgery rotation was omitted.,False,True,The total number of students included in the study was changed from 54 to 10.,Data for 54 students,Data for 10 students,[]
pubmedqa_wtt_batch_cache 8,target_deepseek_r1_32b__aux_gemma4_e4b,32,9645785,Is a mandatory general surgery rotation necessary in the surgical clerkship?,no,True,2,specific_outcome_parameter,measured outcome,"The specific assessment method or outcome that was measured (e.g., OSCE, written exam).",any parameter,Objective Structured Clinical Examination (OSCE),False,no,A mandatory general surgery rotation is not necessary.,The study showed no differences in outcomes between students who did and did not include general surgery rotations.,no,A mandatory general surgery rotation is not necessary.,"The study showed no differences in scores between students with and without general surgery rotations, suggesting equal mastery can be achieved.",False,True,The list of assessment methods in the Methods section was narrowed to focus solely on the Objective Structured Clinical Examination (OSCE).,"written examination, objective structured clinical examination (OSCE), ward evaluations, self-assessment objectives questionnaire, and satisfaction survey.",Objective Structured Clinical Examination (OSCE).,[]
pubmedqa_wtt_batch_cache 8,target_deepseek_r1_32b__aux_gemma4_e4b,46,19504993,It's Fournier's gangrene still dangerous?,yes,True,0,mortality_rate,measured outcome,The proportion of patients who died from Fournier's gangrene.,5 out of 14 patients (high),1 out of 14 patients (low),True,yes,"Yes, Fournier's gangrene is still dangerous.","The abstract indicates that despite treatments like antibiotics and aggressive debridement, the mortality rate remains high, with 5 out of 14 patients dying.",yes,"Yes, Fournier's gangrene remains dangerous.","The abstract indicates that despite treatments like antibiotics and aggressive debridement, the mortality rate for Fournier's gangrene remains high.",False,True,"The reported number of deaths and survivors was changed from 5/9 to 1/13, reflecting a lower mortality rate.",5 died and 9 survived.,1 died and 13 survived.,[]
pubmedqa_wtt_batch_cache 8,target_deepseek_r1_32b__aux_gemma4_e4b,46,19504993,It's Fournier's gangrene still dangerous?,yes,True,1,treatment_type,other,The standard treatments used for Fournier's gangrene.,antibiotics and aggressive debridement,novel immunotherapy,True,yes,"Yes, Fournier's gangrene is still dangerous.","The abstract indicates that despite treatments like antibiotics and aggressive debridement, the mortality rate remains high, with 5 out of 14 patients dying.",yes,"Yes, Fournier's gangrene is still dangerous.","The abstract indicates that despite novel immunotherapy, the mortality rate remains high at approximately 36% among treated patients.",False,True,"The standard treatments used for Fournier's gangrene were changed from ""antibiotics and aggressive debridement"" to ""novel immunotherapy"".",antibiotics and aggressive debridement,novel immunotherapy,[]
pubmedqa_wtt_batch_cache 8,target_deepseek_r1_32b__aux_gemma4_e4b,46,19504993,It's Fournier's gangrene still dangerous?,yes,True,2,patient_count,numerical size,The total number of patients included in the retrospective review.,14 patients,140 patients,True,yes,"Yes, Fournier's gangrene is still dangerous.","The abstract indicates that despite treatments like antibiotics and aggressive debridement, the mortality rate remains high, with 5 out of 14 patients dying.",yes,"Yes, Fournier's gangrene is still dangerous.","The abstract indicates that despite treatment with antibiotics and aggressive debridement, the mortality rate for Fournier's gangrene remains high at approximately 36%.",False,True,"The total number of patients reviewed was increased from 14 to 140. To maintain internal consistency, the reported outcomes were adjusted proportionally: 5 deaths and 9 survivors were changed to 50 deaths and 90 survivors.",14 patients,140 patients,[]
pubmedqa_wtt_batch_cache 8,target_deepseek_r1_32b__aux_gemma4_e4b,54,25277731,Sternal fracture in growing children : A rare and often overlooked fracture?,maybe,False,0,total_number_of_cases,numerical size,The total number of children with sternal fractures recorded during the study period.,4 children,40 children,True,yes,"Yes, sternal fractures in growing children are rare.","The abstract states that sternal fractures in childhood are rare, with only four cases recorded over two years.",yes,"Yes, sternal fractures in growing children are rare and often overlooked.","The study explicitly states that sternal fractures in childhood are rare, supporting the idea they might be overlooked.",False,True,The total number of children with sternal fractures was increased from 4 to 40. The subsequent breakdown of hospitalized (2 -> 20) and outpatient (2 -> 20) cases was proportionally adjusted to maintain internal consistency (20 + 20 = 40).,"A total of 4 children aged 5-14 years with a sternal fracture were treated in 2 years, 2 children were hospitalized for pain management and 2 remained in outpatient care.","A total of 40 children aged 5-14 years with a sternal fracture were treated in 2 years, 20 children were hospitalized for pain management and 20 remained in outpatient care.",[]
pubmedqa_wtt_batch_cache 8,target_deepseek_r1_32b__aux_gemma4_e4b,54,25277731,Sternal fracture in growing children : A rare and often overlooked fracture?,maybe,False,1,study_duration,follow-up duration,The time period over which the sternal fractures were recorded.,2 years,10 years,True,yes,"Yes, sternal fractures in growing children are rare.","The abstract states that sternal fractures in childhood are rare, with only four cases recorded over two years.",yes,"Yes, sternal fractures in growing children are rare.","The abstract states that sternal fractures in childhood are rare, with only four cases recorded over a ten-year period.",False,True,The study duration (time period over which the sternal fractures were recorded) was changed from 2 years to 10 years.,2 years,10 years,[]
pubmedqa_wtt_batch_cache 8,target_deepseek_r1_32b__aux_gemma4_e4b,54,25277731,Sternal fracture in growing children : A rare and often overlooked fracture?,maybe,False,2,age_range,comparison group,The specific age group of the children included in the study.,5-14 years,0-25 years,False,yes,"Yes, sternal fractures in growing children are rare.","The abstract states that sternal fractures in childhood are rare, with only four cases recorded over two years.",yes,"Yes, sternal fractures in growing children are rare.","The abstract states that sternal fractures in childhood are rare, with only four cases treated over two years.",False,True,The age range of the children included in the study was expanded from 5-14 years to 0-25 years.,5-14 years,0-25 years,[]
pubmedqa_wtt_batch_cache 8,target_deepseek_r1_32b__aux_gemma4_e4b,59,27491658,Can predilatation in transcatheter aortic valve implantation be omitted?,yes,True,0,statistical_significance_of_differences,statistical significance,Whether or not there are significant differences in outcomes between the group with predilatation and the group without predilatation.,No significant differences,"Significant differences (e.g., higher complication rates without predilatation)",True,yes,"Yes, predilatation can be omitted in transcatheter aortic valve implantation.",The study found no significant differences between groups with and without balloon predilatation regarding early hemodynamic results or complication rates.,no,Predilatation cannot be omitted in transcatheter aortic valve implantation.,"The study found higher complication rates when balloon predilatation was omitted, indicating it is necessary.",True,True,"The finding of statistical significance was reversed from 'no significant differences' to 'significant differences', specifically noting increased complication rates in the group without predilatation.",There were no significant differences between the groups regarding early hemodynamic results or complication rates.,"There were significant differences between the groups, notably showing higher complication rates in the group where predilatation was omitted.",[]
pubmedqa_wtt_batch_cache 8,target_deepseek_r1_32b__aux_gemma4_e4b,59,27491658,Can predilatation in transcatheter aortic valve implantation be omitted?,yes,True,1,complication_rates,measured outcome,The rate of complications observed in the two study groups.,No significant differences,Significantly higher complication rates in the group without predilatation,True,yes,"Yes, predilatation can be omitted in transcatheter aortic valve implantation.",The study found no significant differences between groups with and without balloon predilatation regarding early hemodynamic results or complication rates.,no,Predilatation in TAVI cannot be omitted.,"The study found higher complication rates when balloon predilatation was omitted, indicating its necessity.",True,True,The finding regarding complication rates was changed from 'no significant differences' to 'significantly higher complication rates in the group without predilatation'.,There were no significant differences between the groups regarding early hemodynamic results or complication rates.,"There were significant differences between the groups regarding complication rates, with the group without predilatation having significantly higher complication rates.",[]
pubmedqa_wtt_batch_cache 8,target_deepseek_r1_32b__aux_gemma4_e4b,59,27491658,Can predilatation in transcatheter aortic valve implantation be omitted?,yes,True,2,early_hemodynamic_results,measured outcome,The immediate hemodynamic outcomes measured after the procedure in the two study groups.,No significant differences,Significantly worse hemodynamic results in the group without predilatation,True,yes,"Yes, predilatation can be omitted in transcatheter aortic valve implantation.",The study found no significant differences between groups with and without balloon predilatation regarding early hemodynamic results or complication rates.,no,Predilatation cannot be omitted in transcatheter aortic valve implantation.,The study found that omitting balloon predilatation resulted in significantly worse hemodynamic outcomes without any significant reduction in complications.,True,True,The finding regarding early hemodynamic results was changed from 'No significant differences' to 'Significantly worse hemodynamic results in the group without predilatation'.,There were no significant differences between the groups regarding early hemodynamic results or complication rates.,"There were significantly worse hemodynamic results in the group without predilatation compared to the standard procedure, and no significant differences regarding complication rates.",[]
pubmedqa_wtt_batch_cache 8,target_deepseek_r1_32b__aux_gemma4_e4b,71,18049437,Is there any relationship between streptococcal infection and multiple sclerosis?,yes,True,0,adnase_b_levels,measured outcome,The measured level of the enzyme ADNase B in the patient group compared to controls.,Significantly higher in MS patients than controls,Similar to controls,True,yes,"Yes, there is a relationship.","MS patients had significantly higher ADNase B levels than controls, suggesting a possible association with streptococcal infection.",no,There is no relationship between streptococcal infection and multiple sclerosis.,"The study found that ASO and ADNase B levels were similar in both MS patients and controls, indicating no significant association.",True,True,The reported level of ADNase B in MS patients was changed from 'significantly higher than in the controls' to 'similar to controls'.,ADNase B levels in the patients with MS were found to be significantly higher than in the controls (p<0.001),ADNase B levels in the patients with MS were found to be similar to controls,[]
pubmedqa_wtt_batch_cache 8,target_deepseek_r1_32b__aux_gemma4_e4b,71,18049437,Is there any relationship between streptococcal infection and multiple sclerosis?,yes,True,1,statistical_significance,statistical significance,The statistical measure indicating the difference between the MS group and the control group.,p < 0.001,p > 0.05 (not significant),True,yes,"Yes, there is a relationship.","MS patients had significantly higher ADNase B levels than controls, suggesting a possible association with streptococcal infection.",no,There is no significant relationship found between streptococcal infection and multiple sclerosis.,"The study measured antibodies against streptococcal components in MS patients and controls, finding no significant differences, suggesting no link.",True,True,The statistical significance of the difference in ADNase B levels between the MS group and the control group was changed from highly significant (p < 0.001) to not significant (p > 0.05). The descriptive wording ('significantly higher') was minimally adjusted to 'similar to those in the controls' to maintain internal consistency with the new non-significant finding.,ADNase B levels in the patients with MS were found to be significantly higher than in the controls (p<0.001),"ADNase B levels in the patients with MS were found to be similar to those in the controls (p > 0.05, not significant)",[]
pubmedqa_wtt_batch_cache 8,target_deepseek_r1_32b__aux_gemma4_e4b,71,18049437,Is there any relationship between streptococcal infection and multiple sclerosis?,yes,True,2,control_group_status,comparison group,The health status of the comparison group used in the study.,Healthy blood donors,Patients with another autoimmune condition,True,yes,"Yes, there is a relationship.","MS patients had significantly higher ADNase B levels than controls, suggesting a possible association with streptococcal infection.",maybe,There may be a relationship between streptococcal infection and multiple sclerosis.,"The study found significantly higher ADNase B levels in MS patients compared to controls, suggesting possible exposure to Streptococcus pyogenes.",True,True,The comparison group (control group) was changed from healthy blood donors to patients with another autoimmune condition.,and 21 healthy blood donors,and 21 patients with another autoimmune condition,[]
pubmedqa_wtt_batch_cache 8,target_deepseek_r1_32b__aux_gemma4_e4b,86,11570976,Is it Crohn's disease?,maybe,True,0,primary_diagnosis,disease or condition,The established diagnosis of the patient in the case presentation.,rheumatoid arthritis,crohn's disease,True,maybe,It might be related to Crohn's disease.,"The abstract mentions Crohn Disease in the MeSH terms, suggesting it is relevant, but the case involves a patient with rheumatoid arthritis without explicit confirmation of Crohn's.",yes,"Yes, the case involves a patient with Crohn's disease.",The PubMed abstract explicitly mentions a 21-year-old female with Crohn's disease who experienced severe systemic reactions to sulfasalazine.,True,True,The primary diagnosis of the patient was changed from rheumatoid arthritis to crohn's disease.,rheumatoid arthritis,crohn's disease,[]
pubmedqa_wtt_batch_cache 8,target_deepseek_r1_32b__aux_gemma4_e4b,86,11570976,Is it Crohn's disease?,maybe,True,1,mesh_term_crohns_disease,other,The inclusion of Crohn's disease in the MeSH terms.,present,absent,True,maybe,It might be related to Crohn's disease.,"The abstract mentions Crohn Disease in the MeSH terms, suggesting it is relevant, but the case involves a patient with rheumatoid arthritis without explicit confirmation of Crohn's.",no,"No, the case does not involve Crohn's disease.","The patient has rheumatoid arthritis and experienced severe systemic reactions to sulfasalazine, but there is no mention of Crohn's disease.",True,True,"The MeSH term 'Crohn Disease' was removed, indicating that the concept is absent from the context.",Crohn Disease,,[]
pubmedqa_wtt_batch_cache 8,target_deepseek_r1_32b__aux_gemma4_e4b,86,11570976,Is it Crohn's disease?,maybe,True,2,granulomatous_enteritis,measured outcome,The specific gastrointestinal finding observed in the patient.,present,absent,False,maybe,It might be related to Crohn's disease.,"The abstract mentions Crohn Disease in the MeSH terms, suggesting it is relevant, but the case involves a patient with rheumatoid arthritis without explicit confirmation of Crohn's.",no,"No, the patient has rheumatoid arthritis, not Crohn's disease.","The abstract describes a patient with rheumatoid arthritis experiencing severe reactions to sulfasalazine. While Crohn Disease is listed as a MeSH term, it is not mentioned in the case presentation.",True,True,"The specific gastrointestinal finding, granulomatous enteritis, was changed from present to absent in the patient's characteristic findings.",granulomatous enteritis,,[]
pubmedqa_wtt_batch_cache 8,target_deepseek_r1_32b__aux_gemma4_e4b,95,23076787,Can increases in the cigarette tax rate be linked to cigarette retail prices?,no,True,0,excise_tax_increase_year,other,The specific year of the excise tax increase discussed in the context.,2009,2015,True,no,Increases in the cigarette tax rate are not linked to cigarette retail prices.,The 2009 excise tax increase did not translate into higher retail prices as the STMA kept them unchanged.,no,Increases in cigarette tax rates are not linked to higher cigarette retail prices.,"Despite a 2015 excise tax increase, the Chinese STMA ensured that retail cigarette prices remained unchanged.",False,True,The year of the excise tax increase was changed from 2009 to 2015 throughout the results section.,2009,2015,[]
pubmedqa_wtt_batch_cache 8,target_deepseek_r1_32b__aux_gemma4_e4b,95,23076787,Can increases in the cigarette tax rate be linked to cigarette retail prices?,no,True,1,stma_regulatory_control,other,The ability of the Chinese STMA to use its policy authority to prevent retail price increases despite tax hikes.,STMA used its policy authority to ensure prices did not change,STMA did not intervene/could not control prices,True,no,Increases in the cigarette tax rate are not linked to cigarette retail prices.,The 2009 excise tax increase did not translate into higher retail prices as the STMA kept them unchanged.,yes,"Yes, increases in the cigarette tax rate can be linked to cigarette retail prices.",The 2009 excise tax increase resulted in higher retail prices because the STMA did not intervene or control prices.,True,True,"The abstract was changed to reflect a scenario where the STMA failed to regulate prices following a tax hike, causing the tax increase to translate into higher consumer prices.",because the Chinese STMA used its policy authority to ensure that retail cigarette prices did not change. ... with no increase in the retail price of cigarettes for consumers.,because the Chinese STMA did not intervene/could not control prices. ... with an increase in the retail price of cigarettes for consumers.,[]
pubmedqa_wtt_batch_cache 8,target_deepseek_r1_32b__aux_gemma4_e4b,95,23076787,Can increases in the cigarette tax rate be linked to cigarette retail prices?,no,True,2,retail_price_change,measured outcome,Whether the retail price of cigarettes increased following the tax hike.,No increase in the retail price of cigarettes for consumers,Retail price increased proportionally to the tax hike,True,no,Increases in the cigarette tax rate are not linked to cigarette retail prices.,The 2009 excise tax increase did not translate into higher retail prices as the STMA kept them unchanged.,yes,"Yes, increases in cigarette tax rates can be linked to higher cigarette retail prices.",The 2009 excise tax increase resulted in higher retail prices as the tax was collected at both producer and wholesale levels.,True,True,"The abstract was changed to reflect that the retail price of cigarettes did increase proportionally to the tax hike, reversing the original finding that the STMA prevented any price change.","The 2009 excise tax increase on cigarettes in China has not translated into higher retail prices because the Chinese STMA used its policy authority to ensure that retail cigarette prices did not change. The government tax increase is being collected at both the producer and wholesale levels. As a result, the 2009 excise tax increase in China has resulted in higher tax revenue for the government and lower profits for the tobacco industry, with no increase in the retail price of cigarettes for consumers.","The 2009 excise tax increase on cigarettes in China translated into higher retail prices, as the government tax increase was collected at both the producer and wholesale levels. As a result, the 2009 excise tax increase in China has resulted in higher tax revenue for the government and lower profits for the tobacco industry, with the retail price increasing proportionally to the tax hike.",[]
pubmedqa_wtt_batch_cache 8,target_deepseek_r1_32b__aux_gemma4_e4b,118,19106867,"The Main Gate Syndrome: a new format in mass-casualty victim ""surge"" management?",yes,False,0,main_gate_syndrome,disease or condition,The specific syndrome being questioned in the prompt.,Not mentioned,Mentioned and discussed,True,no,"No, the abstract does not introduce or discuss the Main Gate Syndrome.",The abstract focuses on triage and surgical management of casualties from suicide bombings but does not mention the Main Gate Syndrome.,yes,"Yes, Main Gate Syndrome represents a new format in managing mass-casualty surges.","The abstract describes Main Gate Syndrome as a novel problem due to simultaneous arrivals of severely injured patients from suicide bombings, indicating a new approach to surge management.",True,True,The concept 'main_gate_syndrome' was introduced into the Introduction section to reflect that it is now a key focus of the trauma management problem.,Recent suicide bombings pose the novel problem for Trauma Centers of the massive simultaneous arrival of many gravely wounded patients.,"Recent suicide bombings pose the novel problem for Trauma Centers, particularly concerning Main Gate Syndrome, due to the massive simultaneous arrival of many gravely wounded patients.",[]
pubmedqa_wtt_batch_cache 8,target_deepseek_r1_32b__aux_gemma4_e4b,118,19106867,"The Main Gate Syndrome: a new format in mass-casualty victim ""surge"" management?",yes,False,1,type_of_incident,other,The cause of the mass casualty incident.,Suicide bombings,"Natural disaster (e.g., earthquake)",True,no,"No, the abstract does not introduce or discuss the Main Gate Syndrome.",The abstract focuses on triage and surgical management of casualties from suicide bombings but does not mention the Main Gate Syndrome.,no,"No, the Main Gate Syndrome is not mentioned as a new format in the context.",The abstract discusses triage and management of casualties during an earthquake but does not reference 'Main Gate Syndrome.',False,True,"The cause of the mass casualty incident was changed from 'Suicide bombings' to 'Natural disaster (e.g., earthquake)' in the Introduction, Methods, and MeSH terms.",suicide bombings,"natural disaster (e.g., earthquake)",[]
pubmedqa_wtt_batch_cache 8,target_deepseek_r1_32b__aux_gemma4_e4b,118,19106867,"The Main Gate Syndrome: a new format in mass-casualty victim ""surge"" management?",yes,False,2,management_focus,other,The primary medical focus of the reported experience.,Triage and surgical management,Novel trauma protocol implementation,True,no,"No, the abstract does not introduce or discuss the Main Gate Syndrome.",The abstract focuses on triage and surgical management of casualties from suicide bombings but does not mention the Main Gate Syndrome.,no,"No, the abstract does not mention Main Gate Syndrome.",The abstract describes a novel trauma protocol implemented during mass casualty incidents but does not reference Main Gate Syndrome.,False,True,"The description of the initial medical actions in the RESULTS section was changed from listing specific procedures (triage and surgical triage) to stating that a 'novel trauma protocol' was implemented, thereby shifting the primary focus from the specific medical actions to the systemic implementation of a new protocol.",A first triage was carried out by the U S Army Level I group prior to evacuation. A second surgical triage was carried out with systematic ultrasound exam.,"A novel trauma protocol was implemented, involving a first triage carried out by the U S Army Level I group prior to evacuation and a second surgical triage with systematic ultrasound exam.",[]
pubmedqa_wtt_batch_cache 8,target_deepseek_r1_32b__aux_gemma4_e4b,124,18540901,Transient tachypnea of the newborn (TTN): a role for polymorphisms in the beta-adrenergic receptor (ADRB) encoding genes?,yes,True,0,association_significance,statistical significance,Whether the study found a statistically significant association between ADRB polymorphisms and TTN.,Significant (p < 0.05),Not significant (p > 0.05),True,yes,"Yes, polymorphisms in beta-adrenergic receptor genes are associated with TTN.","The study found significant associations between specific ADRB gene polymorphisms and TTN, suggesting a role for these genetic variations.",no,No role for ADRB gene polymorphisms in TTN is supported by the study.,The study found no significant associations between beta1Ser49Gly and other ADRB2 polymorphisms with TTN.,True,True,"The statistical significance of the association between ADRB polymorphisms and TTN was changed from significant (p < 0.05) to not significant (p > 0.05) across all reported analyses, requiring minimal edits to the descriptive wording and p-values for consistency.","The beta1Ser49Gly polymorphism differed significantly between cases and controls. Multivariate analysis provided beta1Gly49 homozygotes with higher risk for TTN (OR 18.5; 95%CI 1.5-229; p = 0.023) than beta1Ser49 allele carrier. Further analysis showed significant association of T-47C, A46G, C79G and C491T (TACC) haplotype in ADRB2 gene with TTN (p = 0.048).","The beta1Ser49Gly polymorphism did not differ significantly between cases and controls. Multivariate analysis provided beta1Gly49 homozygotes with higher risk for TTN (OR 18.5; 95%CI 1.5-229; p = 0.15) than beta1Ser49 allele carrier. Further analysis showed no significant association of T-47C, A46G, C79G and C491T (TACC) haplotype in ADRB2 gene with TTN (p = 0.12).",[]
pubmedqa_wtt_batch_cache 8,target_deepseek_r1_32b__aux_gemma4_e4b,124,18540901,Transient tachypnea of the newborn (TTN): a role for polymorphisms in the beta-adrenergic receptor (ADRB) encoding genes?,yes,True,1,adrb_polymorphism_association,other,"The finding that specific polymorphisms (e.g., beta1Ser49Gly or TACC haplotype) are associated with TTN.","Associated (e.g., higher risk for TTN)",Not associated (no difference in risk or prevalence found),True,yes,"Yes, polymorphisms in beta-adrenergic receptor genes are associated with TTN.","The study found significant associations between specific ADRB gene polymorphisms and TTN, suggesting a role for these genetic variations.",no,No significant role for ADRB gene polymorphisms in TTN.,"Multivariate analysis showed no significant association between beta1Gly49 homozygotes and TTN, nor with other ADRB2 polymorphisms.",True,True,The findings regarding the association of both the beta1Gly49 polymorphism and the TACC haplotype with TTN were changed from 'associated/higher risk' to 'no significant difference/no significant association'.,"Multivariate analysis provided beta1Gly49 homozygotes with higher risk for TTN (OR 18.5; 95%CI 1.5-229; p = 0.023) than beta1Ser49 allele carrier. Further analysis showed significant association of T-47C, A46G, C79G and C491T (TACC) haplotype in ADRB2 gene with TTN (p = 0.048).","Multivariate analysis showed no significant difference in risk for TTN between beta1Gly49 homozygotes and beta1Ser49 allele carriers. Further analysis showed no significant association of T-47C, A46G, C79G and C491T (TACC) haplotype in ADRB2 gene with TTN (p = 0.21).",[]
pubmedqa_wtt_batch_cache 8,target_deepseek_r1_32b__aux_gemma4_e4b,124,18540901,Transient tachypnea of the newborn (TTN): a role for polymorphisms in the beta-adrenergic receptor (ADRB) encoding genes?,yes,True,2,control_group_status,comparison group,The health status of the comparison group used in the study.,Healthy controls,"Controls with a different condition (e.g., mild respiratory distress)",False,yes,"Yes, polymorphisms in beta-adrenergic receptor genes are associated with TTN.","The study found significant associations between specific ADRB gene polymorphisms and TTN, suggesting a role for these genetic variations.",yes,"Yes, polymorphisms in beta-adrenergic receptor (ADRB) encoding genes are associated with TTN.","The study found significant associations between specific ADRB gene polymorphisms and TTN, including the beta1Ser49Gly polymorphism and certain haplotypes.",False,True,The health status of the comparison group was changed from 'healthy controls' to 'controls with mild respiratory distress'.,and 55 healthy controls from a Caucasian cohort.,and 55 controls with mild respiratory distress from a Caucasian cohort.,[]
pubmedqa_wtt_batch_cache 8,target_deepseek_r1_32b__aux_gemma4_e4b,135,12836106,Does the leukocyte count correlate with the severity of injury?,yes,True,0,wbc_iss_correlation,measured outcome,The statistical relationship found between white blood cell count and the Injury Severity Score.,Positive correlation,No correlation,True,yes,"Yes, leukocyte count correlates with the severity of injury.","The study found that white blood cell count positively correlated with Injury Severity Score, indicating higher counts are linked to more severe injuries.",no,"No, leukocyte count does not correlate with injury severity.","The study found no correlation between white blood cell count (WBC) and Injury Severity Score (ISS), indicating that WBC is not a reliable measure of injury severity.",True,True,The correlation between WBC count and ISS was changed from 'Positive correlation' to 'No correlation'.,WBC was correlated positively with ISS,WBC showed no correlation with ISS,[]
pubmedqa_wtt_batch_cache 8,target_deepseek_r1_32b__aux_gemma4_e4b,135,12836106,Does the leukocyte count correlate with the severity of injury?,yes,True,1,primary_severity_index,comparison group,The specific severity index used to demonstrate the positive correlation with WBC count.,Injury Severity Score (ISS),Glasgow Coma Score (GCS),True,yes,"Yes, leukocyte count correlates with the severity of injury.","The study found that white blood cell count positively correlated with Injury Severity Score, indicating higher counts are linked to more severe injuries.",yes,"Yes, leukocyte count correlates with the severity of injury.","The study found that white blood cell (WBC) count correlated positively with Injury Severity Score (ISS), indicating higher WBC corresponds to more severe injuries. Additionally, WBC was negatively correlated with Glasgow Coma Scale (GCS) and Revised Trauma Score (RTS), meaning higher WBC is associated with lower scores in these metrics, which also reflect greater injury severity.",False,True,The primary severity index used for comparison was changed from Injury Severity Score (ISS) to Glasgow Coma Score (GCS) in the background description and the results section.,ISS is too complicated to assess easily and GCS and RTS are easy to assess but somewhat subjective.,GCS is too complicated to assess easily and GCS and RTS are easy to assess but somewhat subjective.,[]
pubmedqa_wtt_batch_cache 8,target_deepseek_r1_32b__aux_gemma4_e4b,135,12836106,Does the leukocyte count correlate with the severity of injury?,yes,True,2,trauma_type,other,The type of trauma studied in the patient cohort.,Blunt trauma,Penetrating trauma,False,yes,"Yes, leukocyte count correlates with the severity of injury.","The study found that white blood cell count positively correlated with Injury Severity Score, indicating higher counts are linked to more severe injuries.",yes,"Yes, leukocyte count correlates with the severity of injury.","The study found a positive correlation between white blood cell count and Injury Severity Score (ISS), indicating higher WBC levels are associated with more severe injuries.",False,True,"The type of trauma studied was changed from 'Blunt trauma' to 'Penetrating trauma' throughout the abstract context, including the background, methods, and MeSH terms.","blunt trauma, blunt trauma, blunt trauma, Nonpenetrating","penetrating trauma, penetrating trauma, penetrating trauma, Penetrating",[]
pubmedqa_wtt_batch_cache 8,target_deepseek_r1_32b__aux_gemma4_e4b,141,22497340,Is horizontal semicircular canal ocular reflex influenced by otolith organs input?,yes,True,0,head_position_change,comparison group,"The variation in head orientation (e.g., supine, prone, left-ear-down) used to test the reflex.","Supine, prone, left-ear-down, right-ear-down positions","Fixed, upright sitting position",True,yes,"Yes, the horizontal semicircular canal ocular reflex is influenced by otolith organ input.","The study shows that changes in head position affected eye movement patterns, indicating that otolith inputs influence the reflex.",no,"No, the horizontal semicircular canal ocular reflex is not influenced by otolith organs input.","The study found symmetric eye movements and nystagmus in a fixed upright position, suggesting no influence from otolith organs.",True,True,"The testing protocol was changed from multiple head positions (supine, prone, left/right-ear-down) to a single, fixed, upright sitting position. Consequently, the results section was updated to reflect symmetric findings at this fixed position, and the conclusion regarding gravity-induced asymmetry was removed.","Each subject was kept in a left-ear-down position for 20 s and then repositioned to a prone position, a right-ear-down position and a supine position with 20 s intervals. Eye movements in the supine position and the prone position were not in a symmetric fashion. Nystagmus in the left-ear-down position and the right-ear-down position were not symmetric either. These phenomena indicate that the axis of the eyeball rotation was affected by the shift of the direction of gravity exerted on the head.","Each subject was kept in a fixed, upright sitting position for 20 s and then maintained in this position with 20 s intervals. Eye movements in the fixed, upright sitting position were symmetric. Nystagmus in the fixed, upright sitting position was symmetric. These phenomena indicate that the axis of the eyeball rotation was stable.",[]
pubmedqa_wtt_batch_cache 8,target_deepseek_r1_32b__aux_gemma4_e4b,141,22497340,Is horizontal semicircular canal ocular reflex influenced by otolith organs input?,yes,True,1,reflex_type,measured outcome,The specific ocular reflex being measured.,Horizontal semicircular canal ocular reflex,Vertical semicircular canal ocular reflex,True,yes,"Yes, the horizontal semicircular canal ocular reflex is influenced by otolith organ input.","The study shows that changes in head position affected eye movement patterns, indicating that otolith inputs influence the reflex.",maybe,It is uncertain if the horizontal semicircular canal ocular reflex is influenced by otolith organs input.,"The study focused on vertical semicircular canals and found that gravity affected eye movement, suggesting otolith influence. However, it did not specifically address horizontal canals.",True,True,The specific ocular reflex being investigated was changed from horizontal to vertical.,horizontal canal ocular reflex,vertical semicircular canal ocular reflex,[]
pubmedqa_wtt_batch_cache 8,target_deepseek_r1_32b__aux_gemma4_e4b,141,22497340,Is horizontal semicircular canal ocular reflex influenced by otolith organs input?,yes,True,2,input_source,comparison group,The source of the input hypothesized to influence the reflex.,Otolith organs input,Semicircular canals input only,True,yes,"Yes, the horizontal semicircular canal ocular reflex is influenced by otolith organ input.","The study shows that changes in head position affected eye movement patterns, indicating that otolith inputs influence the reflex.",yes,"Yes, the horizontal semicircular canal ocular reflex is influenced by otolith organ input.","The study's results showed that eye movements were affected by shifts in gravity's direction on the head, indicating involvement of the otolith organs.",False,True,The hypothesized input source influencing the horizontal canal ocular reflex was changed from 'Otolith organs input' to 'Semicircular canals input only'.,Otolith organs input,semicircular canals input only,[]
pubmedqa_wtt_batch_cache 8,target_deepseek_r1_32b__aux_gemma4_e4b,143,8566975,Serovar specific immunity to Neisseria gonorrhoeae: does it exist?,no,True,0,serovar_prevalence_difference,measured outcome,Whether there is a significant difference in the prevalence of serovars isolated following a repeat infection compared to those without repeat infections.,No significant difference,Significant difference,True,no,Serovar-specific immunity to Neisseria gonorrhoeae does not exist.,"The study found no significant difference in the prevalence of serovars during repeat infections, suggesting that prior infection with a specific serovar does not provide protection against reinfection.",yes,Serovar specific immunity exists but provides limited protection.,"The study found a significant difference in serovar prevalence after repeat infections, suggesting some level of immunity but not enough to prevent reinfection.",True,True,The finding regarding the difference in serovar prevalence between repeat and non-repeat infections was changed from 'No significant difference' to 'Significant difference'.,No significant difference was seen in the prevalence of serovars isolated following a repeat infection compared with those without repeat infections.,A significant difference was seen in the prevalence of serovars isolated following a repeat infection compared with those without repeat infections.,[]
pubmedqa_wtt_batch_cache 8,target_deepseek_r1_32b__aux_gemma4_e4b,143,8566975,Serovar specific immunity to Neisseria gonorrhoeae: does it exist?,no,True,1,infection_status,disease or condition,"The type of gonococcal infection analyzed (i.e., whether the study focused on recurrent infections).",Recurrent gonococcal infection,Primary gonococcal infection,False,no,Serovar-specific immunity to Neisseria gonorrhoeae does not exist.,"The study found no significant difference in the prevalence of serovars during repeat infections, suggesting that prior infection with a specific serovar does not provide protection against reinfection.",no,Serovar specific immunity to Neisseria gonorrhoeae does not exist.,"The study found no significant difference in the prevalence of serovars after repeat infections, suggesting no evidence of serovar-specific protection.",False,True,The focus of the analyzed patient group in the Methods section was changed from recurrent to primary gonococcal infection.,recurrent gonococcal infection,primary gonococcal infection,[]
pubmedqa_wtt_batch_cache 8,target_deepseek_r1_32b__aux_gemma4_e4b,143,8566975,Serovar specific immunity to Neisseria gonorrhoeae: does it exist?,no,True,2,initial_site_influence,measured outcome,Whether the site of the initial infection influences the subsequent serovar isolated.,Did not appear to influence,Significantly influences,False,no,Serovar-specific immunity to Neisseria gonorrhoeae does not exist.,"The study found no significant difference in the prevalence of serovars during repeat infections, suggesting that prior infection with a specific serovar does not provide protection against reinfection.",no,Serovar specific immunity to Neisseria gonorrhoeae does not exist.,"The study found no significant difference in the prevalence of serovars after repeat infections, indicating limited or no serovar-specific protection.",False,True,The finding regarding whether the initial site of infection influences the subsequent serovar isolated was changed from 'did not appear to influence' to 'significantly influences'.,The site of the initial infection did not appear to influence the subsequent serovar isolated.,The site of the initial infection significantly influences the subsequent serovar isolated.,[]
pubmedqa_wtt_batch_cache 8,target_deepseek_r1_32b__aux_gemma4_e4b,157,18243752,Should chest wall irradiation be included after mastectomy and negative node breast cancer?,maybe,True,0,recurrence_site,measured outcome,The specific anatomical location where local recurrence was observed.,operative scare and chest wall,operative scare only,True,maybe,Maybe chest wall irradiation should be included.,"The study observed local recurrences at the chest wall despite only irradiating the internal mammary chain, suggesting a potential benefit of including chest wall irradiation.",maybe,Maybe chest wall irradiation should be included.,"The study shows local recurrences at the operative scar (chest wall) despite treating only the internal mammary chain, suggesting that including chest wall irradiation might help reduce recurrence rates.",False,True,The specific anatomical location of local recurrence was changed from 'operative scare and chest wall' to 'operative scare only'.,Recurrence sites were the operative scare and chest wall.,Recurrence sites were the operative scare only.,[]
pubmedqa_wtt_batch_cache 8,target_deepseek_r1_32b__aux_gemma4_e4b,157,18243752,Should chest wall irradiation be included after mastectomy and negative node breast cancer?,maybe,True,1,radiotherapy_scope,comparison group,The extent of the radiotherapy administered (the current standard of care being evaluated).,internal mammary chain only,internal mammary chain and chest wall,True,maybe,Maybe chest wall irradiation should be included.,"The study observed local recurrences at the chest wall despite only irradiating the internal mammary chain, suggesting a potential benefit of including chest wall irradiation.",maybe,Chest wall irradiation may be considered based on the low recurrence rate observed.,"The study shows a low local recurrence rate of 5% with chest wall irradiation, but factors associated with increased risk were not statistically significant.",False,True,The scope of radiotherapy was expanded from 'internal mammary chain only' to 'internal mammary chain and chest wall' in both the Purpose and Patients and Methods sections.,internal mammary chain only... internal mammary chain,internal mammary chain and chest wall... internal mammary chain and chest wall,[]
pubmedqa_wtt_batch_cache 8,target_deepseek_r1_32b__aux_gemma4_e4b,157,18243752,Should chest wall irradiation be included after mastectomy and negative node breast cancer?,maybe,True,2,statistical_significance_of_risk_factors,statistical significance,"Whether the identified risk factors (age, tumor size) for local failure were statistically significant.",without statistical significance,with statistical significance,False,maybe,Maybe chest wall irradiation should be included.,"The study observed local recurrences at the chest wall despite only irradiating the internal mammary chain, suggesting a potential benefit of including chest wall irradiation.",maybe,Maybe chest wall irradiation should be included.,"The study observed local recurrences at the chest wall despite only irradiating the internal mammary chain, suggesting a potential benefit of including chest wall irradiation.",False,True,The statistical significance of identified risk factors (age and tumor size) for local failure was changed from non-significant to significant.,without statistical significance,with statistical significance,[]
pubmedqa_wtt_batch_cache 8,target_deepseek_r1_32b__aux_gemma4_e4b,186,22211919,"Actinobaculum schaalii, a cause of urinary tract infections in children?",maybe,False,0,urinary_tract_infection_association,disease or condition,Whether the presence of A. schaalii is associated with a urinary tract infection.,Yes (found in two children with UTI),No (found in children without UTI),True,yes,"Yes, Actinobaculum schaalii can cause urinary tract infections in children.","The study found A. schaalii in two children with UTIs and high leukocyte levels, indicating it causes infection.",maybe,Actinobaculum schaalii may not always cause urinary tract infections in children.,"The study found A. schaalii in urine samples, including some without UTI symptoms, suggesting it might not always be the cause.",True,True,"The association between A. schaalii and UTI status was reversed. The original text stated that A. schaalii was found in children with a UTI; the counterfactual context states it was found in children without a UTI, requiring a minimal change to the urine description (from 'large numbers of leucocytes' to 'normal urine parameters') to maintain internal consistency.",in two children with a urinary tract infection and large numbers of leucocytes in the urine.,in two children without a urinary tract infection and normal urine parameters.,[]
pubmedqa_wtt_batch_cache 8,target_deepseek_r1_32b__aux_gemma4_e4b,186,22211919,"Actinobaculum schaalii, a cause of urinary tract infections in children?",maybe,False,1,affected_age_group,comparison group,The age group of the children where the association was observed.,Children,Adults,True,yes,"Yes, Actinobaculum schaalii can cause urinary tract infections in children.","The study found A. schaalii in two children with UTIs and high leukocyte levels, indicating it causes infection.",maybe,It is possible that Actinobaculum schaalii can cause urinary tract infections in children.,"The study included children but only reported UTIs caused by A. schaalii in adults, so it's uncertain for children.",True,True,The age group of the affected individuals was changed from children to adults.,two children,two adults,[]
pubmedqa_wtt_batch_cache 8,target_deepseek_r1_32b__aux_gemma4_e4b,186,22211919,"Actinobaculum schaalii, a cause of urinary tract infections in children?",maybe,False,2,high_bacterial_load,numerical size,The concentration of A. schaalii found in the affected samples.,≥ 10(6) CFU/mL,"Low (e.g., ≥ 10(4) CFU/mL)",False,yes,"Yes, Actinobaculum schaalii can cause urinary tract infections in children.","The study found A. schaalii in two children with UTIs and high leukocyte levels, indicating it causes infection.",yes,"Yes, Actinobaculum schaalii can cause urinary tract infections in children.","The study found A. schaalii in two children with UTIs and high leucocytes, indicating it is a causative agent.",False,True,"The bacterial load found in two children was changed from high (≥ 10(6) CFU/mL) to low (e.g., ≥ 10(4) CFU/mL).",≥ 10(6) CFU/mL,"Low (e.g., ≥ 10(4) CFU/mL)",[]
pubmedqa_wtt_batch_cache 8,target_deepseek_r1_32b__aux_gemma4_e4b,192,17444776,Is the holmium:YAG laser the best intracorporeal lithotripter for the ureter?,yes,False,0,comparison_group,comparison group,The inclusion of other lithotripters for comparison.,None (The study only uses holmium:YAG).,"Another lithotripter (e.g., laser X or laser Y).",True,maybe,It is not definitively established as the best.,The study shows high success rates and safety but does not compare holmium:YAG to other lithotripters.,maybe,It is not definitively established as the best.,The study compares holmium:YAG with another laser but does not provide conclusive evidence that it is superior.,False,True,The study design was changed from a single-arm study using only holmium:YAG to a comparative study comparing holmium:YAG with another lithotripter (laser X).,and holmium:YAG laser lithotripsy,and compared the efficacy of holmium:YAG laser lithotripsy versus laser X,[]
pubmedqa_wtt_batch_cache 8,target_deepseek_r1_32b__aux_gemma4_e4b,192,17444776,Is the holmium:YAG laser the best intracorporeal lithotripter for the ureter?,yes,False,1,success_rate,measured outcome,The measured success rate of the procedure at 3 months.,96.7% at 3 months.,"Lower success rate (e.g., 80% at 3 months).",True,maybe,It is not definitively established as the best.,The study shows high success rates and safety but does not compare holmium:YAG to other lithotripters.,maybe,It is not definitively established as the best option.,"The study shows high success rates, but it does not compare holmium:YAG laser to other lithotripters.",False,True,The measured success rate at 3 months was changed from 96.7% to 80%.,96.7% at 3 months.,80% at 3 months.,[]
pubmedqa_wtt_batch_cache 8,target_deepseek_r1_32b__aux_gemma4_e4b,192,17444776,Is the holmium:YAG laser the best intracorporeal lithotripter for the ureter?,yes,False,2,study_design,study design,"The scope of the study, determining if it is comparative or single-device focused.",Single-arm/Retrospective (Focusing only on holmium:YAG).,Comparative study or systematic review (Comparing multiple devices).,True,maybe,It is not definitively established as the best.,The study shows high success rates and safety but does not compare holmium:YAG to other lithotripters.,maybe,It is uncertain if holmium:YAG is the best based on this study.,The abstract compares various methods but does not specify which device is best.,False,True,"The study design was changed from a single-arm, retrospective study focusing only on holmium:YAG to a comparative systematic review analyzing multiple devices and cohorts. The purpose, methods, and results were generalized to reflect this comparative scope.","[PURPOSE] To study the efficiency and safety of holmium:YAG laser lithotripsy for ureteral stones.
[PATIENTS AND METHODS] A series of 188 patients with 208 ureteral stones were treated with semirigid ureteroscopy and holmium:YAG laser lithotripsy from January 2003 to December 2005.
[RESULTS] The success rate was 92.7% at the time of ureteroscopy and 96.7% at 3 months. The failures were secondary to retropulsion of the stones (3.3%). There were no perforations and one stricture. Stenting was done in 90% of patients.","[PURPOSE] To compare the efficiency and safety of various laser lithotripsy methods for ureteral stones.
[PATIENTS AND METHODS] This systematic review analyzed data from multiple cohorts with ureteral stones treated with various laser lithotripsy methods.
[RESULTS] Overall success rates varied across devices, with the meta-analysis showing an average success rate of 90-95% at the time of ureteroscopy. The most common failure cause was retropulsion of the stones (average 3-5%). Perforations and strictures were rare. Stenting was performed in approximately 85-95% of patients.",[]
pubmedqa_wtt_batch_cache 8,target_deepseek_r1_32b__aux_gemma4_e4b,197,2224269,Should general practitioners call patients by their first names?,yes,True,0,patient_acceptance_of_first_names,measured outcome,The proportion of patients who are accepting of being called by their first names.,Most patients (223 liked or 175 did not mind),A majority of patients disliked being called by their first names,True,yes,"Yes, general practitioners should call patients by their first names.",Most patients either liked or did not mind being called by their first names.,no,General practitioners should not call patients by their first names.,"The majority of patients disliked being called by their first names, indicating that this practice is generally unacceptable.",True,True,"The reported patient acceptance of being called by their first names was changed from 'Most patients (223 liked or 175 did not mind)' to 'A majority of the patients disliked being called by their first names', adjusting the subsequent numbers (100 and 125) to reflect this shift in majority opinion.",Most of the patients either liked (223) or did not mind (175) being called by their first names.,"A majority of the patients disliked being called by their first names. Only 100 liked or 125 did not mind it,",[]
pubmedqa_wtt_batch_cache 8,target_deepseek_r1_32b__aux_gemma4_e4b,215,21214884,Can 'high-risk' human papillomaviruses (HPVs) be detected in human breast milk?,no,True,0,specimen_type,other,The biological fluid used for testing the presence of HPV DNA.,Human breast milk,Human blood,True,no,"No, 'high-risk' HPVs cannot be detected in human breast milk according to this study.",The study evaluated breast milk from both HPV-positive and negative mothers and found no evidence of high-risk HPV DNA.,no,No 'high-risk' HPVs were detected in the studied human blood specimens.,"The study specifically looked for 'high-risk' HPV DNA in blood samples and found none. However, it did not test breast milk.",False,True,The specimen type was changed from 'Human breast milk' to 'Human blood' in both the Methods and Results sections.,human breast milk; human milk specimens,human blood; human blood specimens,[]
pubmedqa_wtt_batch_cache 8,target_deepseek_r1_32b__aux_gemma4_e4b,215,21214884,Can 'high-risk' human papillomaviruses (HPVs) be detected in human breast milk?,no,True,1,tested_hpv_types,disease or condition,The specific high-risk HPV types evaluated for detection.,"HPV 16, 18, 31, 33, 35, 39, 45, 51, 52, 56, 58",HPV 66,True,no,"No, 'high-risk' HPVs cannot be detected in human breast milk according to this study.",The study evaluated breast milk from both HPV-positive and negative mothers and found no evidence of high-risk HPV DNA.,no,"No, 'high-risk' human papillomaviruses cannot be detected in human breast milk.",The study found no detection of 'high-risk' HPV types in the breast milk samples analyzed.,False,True,"The specific high-risk HPV types evaluated for detection were changed from HPV 16, 18, 31, 33, 35, 39, 45, 51, 52, 56, 58 to HPV 66.","HPV 16, 18, 31, 33, 35, 39, 45, 51, 52, 56, 58 or 58",HPV 66 or 66,[]
pubmedqa_wtt_batch_cache 8,target_deepseek_r1_32b__aux_gemma4_e4b,215,21214884,Can 'high-risk' human papillomaviruses (HPVs) be detected in human breast milk?,no,True,2,mother_hpv_status,comparison group,The HPV status of the mothers whose milk was collected.,Both HPV-positive and HPV-negative mothers,Only HPV-positive mothers,True,no,"No, 'high-risk' HPVs cannot be detected in human breast milk according to this study.",The study evaluated breast milk from both HPV-positive and negative mothers and found no evidence of high-risk HPV DNA.,no,"No, 'high-risk' HPVs cannot be detected in human breast milk according to this study.",The study tested breast milk from 21 HPV-positive mothers and found no high-risk HPV DNA.,False,True,"The study population was restricted from 'Both HPV-positive and HPV-negative mothers' to 'Only HPV-positive mothers'. Consequently, the total number of specimens analyzed in the RESULTS section was adjusted from 32 to 21.",21 HPV-positive and 11 HPV-negative mothers. Of the 32 studied human milk specimens,21 HPV-positive mothers. Of the 21 studied human milk specimens,[]
pubmedqa_wtt_batch_cache 9,target_deepseek_r1_32b__aux_gemma4_e4b,230,12612531,Fragility of the esophageal mucosa: a pathognomonic endoscopic sign of primary eosinophilic esophagitis?,yes,True,0,pathognomonic_status,other,Whether the esophageal mucosal fragility is definitively considered a pathognomonic sign.,Possibly pathognomonic,Not pathognomonic / Only suggestive of EoE,True,yes,"Yes, fragility of the esophageal mucosa is considered a pathognomonic endoscopic sign.",The abstract describes fragile esophageal mucosa as a 'possibly pathognomonic' sign observed in all patients with primary eosinophilic esophagitis.,maybe,Fragility of the esophageal mucosa is suggestive but not definitively pathognomonic for primary eosinophilic esophagitis.,"The abstract describes fragile esophageal mucosa as a sign only suggestive of EoE, indicating it's indicative but not exclusive.",True,True,The status of the esophageal mucosal fragility was changed from being possibly pathognomonic to merely suggestive of EoE.,possibly pathognomonic sign,sign only suggestive of EoE,[]
pubmedqa_wtt_batch_cache 9,target_deepseek_r1_32b__aux_gemma4_e4b,230,12612531,Fragility of the esophageal mucosa: a pathognomonic endoscopic sign of primary eosinophilic esophagitis?,yes,True,1,primary_eosinophilic_esophagitis,disease or condition,The specific inflammatory disorder associated with the fragile mucosa.,Primary eosinophilic esophagitis,Gastroesophageal reflux disease (GERD),True,yes,"Yes, fragility of the esophageal mucosa is considered a pathognomonic endoscopic sign.",The abstract describes fragile esophageal mucosa as a 'possibly pathognomonic' sign observed in all patients with primary eosinophilic esophagitis.,no,"No, fragility of the esophageal mucosa is not a pathognomonic endoscopic sign of primary eosinophilic esophagitis.","The abstract describes fragile esophageal mucosa as a possible pathognomonic sign for GERD, not for primary eosinophilic esophagitis.",True,True,The specific inflammatory disorder was changed from Primary eosinophilic esophagitis to Gastroesophageal reflux disease (GERD).,"Primary eosinophilic esophagitis (in BACKGROUND, BACKGROUND, and METHODS)","Gastroesophageal reflux disease (GERD) (in BACKGROUND, BACKGROUND, and METHODS)",[]
pubmedqa_wtt_batch_cache 9,target_deepseek_r1_32b__aux_gemma4_e4b,230,12612531,Fragility of the esophageal mucosa: a pathognomonic endoscopic sign of primary eosinophilic esophagitis?,yes,True,2,observation_scope,other,The frequency with which the fragile mucosa was observed in the patient cohort.,Observed in all patients,Observed only in some patients / Not consistently observed,True,yes,"Yes, fragility of the esophageal mucosa is considered a pathognomonic endoscopic sign.",The abstract describes fragile esophageal mucosa as a 'possibly pathognomonic' sign observed in all patients with primary eosinophilic esophagitis.,maybe,Fragility of the esophageal mucosa is possibly a pathognomonic sign.,"The abstract describes fragile esophageal mucosa as a 'possibly pathognomonic' sign, indicating uncertainty about its definitive diagnostic specificity.",True,True,The observation scope of the fragile esophageal mucosa was changed from being present in all patients to being observed only in some patients.,"All patients had extremely fragile, inelastic, and delicate mucosa","Some patients had extremely fragile, inelastic, and delicate mucosa",[]
pubmedqa_wtt_batch_cache 9,target_deepseek_r1_32b__aux_gemma4_e4b,254,9602458,Does the Child Health Computing System adequately identify children with cerebral palsy?,no,True,0,proportion_of_nicpr_cases_missed,measured outcome,The percentage of cases recorded in the Northern Ireland Cerebral Palsy Register (NICPR) that were not found on the Child Health Computing System (CHCS).,47 per cent,less than 5 per cent,True,no,"No, the system does not adequately identify children with CP.",The CHCS missed over half of the CP cases recorded elsewhere and included false positives.,maybe,The system adequately identifies most cases but has some inaccuracies.,"While CHCS correctly identified most children with CP, it also had a significant number of false positives, indicating some inaccuracy.",True,True,The proportion of NICPR cases missed by the CHCS was changed from '47 per cent' to 'less than 5 per cent'.,47 per cent,less than 5 per cent,[]
pubmedqa_wtt_batch_cache 9,target_deepseek_r1_32b__aux_gemma4_e4b,254,9602458,Does the Child Health Computing System adequately identify children with cerebral palsy?,no,True,1,proportion_of_false_positives,measured outcome,"The percentage of cases recorded on the CHCS that were not found on the NICPR, indicating potential false positives.",12 per cent (10 out of 82),less than 1 per cent,True,no,"No, the system does not adequately identify children with CP.",The CHCS missed over half of the CP cases recorded elsewhere and included false positives.,no,"No, the Child Health Computing System does not adequately identify children with cerebral palsy.",The system missed nearly half of the cases recorded in the NICPR and had a small number of false positives.,False,True,The proportion of CHCS cases not found on the NICPR was changed from 12 per cent to less than 1 per cent.,10 (12 per cent),fewer than 2 cases (less than 1 per cent),[]
pubmedqa_wtt_batch_cache 9,target_deepseek_r1_32b__aux_gemma4_e4b,254,9602458,Does the Child Health Computing System adequately identify children with cerebral palsy?,no,True,2,age_range_of_sample,other,The age group of the children included in the comparative survey.,5-9 years,infants (0-2 years),False,no,"No, the system does not adequately identify children with CP.",The CHCS missed over half of the CP cases recorded elsewhere and included false positives.,no,"No, the system does not adequately identify children with cerebral palsy.","The CHCS missed 47% of CP cases from NICPR and included 12% that were not in NICPR, indicating inadequate identification.",False,True,The age range of the sample population was changed from '5-9 years' to 'infants (0-2 years)'.,aged 5-9 years,aged infants (0-2 years),[]
pubmedqa_wtt_batch_cache 9,target_deepseek_r1_32b__aux_gemma4_e4b,264,11838307,Cold knife conization vs. LEEP. Are they the same procedure?,no,True,0,mean_length_difference,measured outcome,The difference in mean length of the excised specimens between cold knife conization and LEEP.,1.5 cm vs 1.0 cm (P = .001),1.2 cm vs 1.1 cm (P > .05),True,no,"No, they are not the same procedure.","The study shows that cold knife conization removes significantly more tissue than LEEP, indicating they are different procedures.",no,"No, cold knife conization and LEEP are not the same procedure.","The study shows that cold knife conization removes more tissue than LEEP, as indicated by larger diameter and significantly higher weight of specimens.",False,True,"The mean difference in the length of excised specimens between cold knife conization and LEEP was changed from a statistically significant difference (1.5 vs 1.0 cm, P = .001) to a non-significant difference (1.2 vs 1.1 cm, P > .05).",Mean length of cold knife cone specimens was 1.5 vs. 1.0 cm for LEEP (P = .001).,Mean length of cold knife cone specimens was 1.2 vs. 1.1 cm for LEEP (P > .05).,[]
pubmedqa_wtt_batch_cache 9,target_deepseek_r1_32b__aux_gemma4_e4b,264,11838307,Cold knife conization vs. LEEP. Are they the same procedure?,no,True,1,mean_weight_difference,measured outcome,The difference in mean weight of the excised specimens between cold knife conization and LEEP.,4.4 g vs 2.0 g (P = .001),3.5 g vs 1.8 g (P > .05),True,no,"No, they are not the same procedure.","The study shows that cold knife conization removes significantly more tissue than LEEP, indicating they are different procedures.",no,"No, cold knife conization and LEEP are not the same procedure.","The study compared the amount of tissue removed during LEEP vs. cold knife conization, showing differences in diameter, length, and weight of specimens, indicating they are distinct procedures.",False,True,"The mean weight difference between cold knife conization and LEEP changed from a statistically significant difference (4.4 g vs 2.0 g, P = .001) to a non-significant difference (3.5 g vs 1.8 g, P > .05).",Mean weight for cold knife cone specimens was 4.4 vs. 2.0 g for LEEP (P = .001).,Mean weight for cold knife cone specimens was 3.5 g vs 1.8 g (P > .05).,[]
pubmedqa_wtt_batch_cache 9,target_deepseek_r1_32b__aux_gemma4_e4b,296,10759659,The nurse cystoscopist: a feasible option?,yes,True,0,kappa_agreement,statistical significance,The chance-corrected proportional agreement measure between the UNP and the consultant urologist.,0.94,0.65,True,yes,The nurse cystoscopist is a feasible option.,"The study shows that a trained urology nurse practitioner achieved comparable accuracy to a consultant urologist in detecting bladder tumors, with only minor discrepancies.",yes,The nurse cystoscopist is a feasible option.,"The study shows that a trained urology nurse practitioner achieved comparable accuracy to a consultant urologist in detecting bladder tumors, with only minor discrepancies.",False,True,"The Kappa statistic value for agreement was changed from 0.94 to 0.65, and the descriptive interpretation of 'very close agreement' was minimally adjusted to 'moderate agreement' to maintain internal consistency.","Analysis using the chance-corrected proportional agreement (Kappa) was 0.94, indicating very close agreement.","Analysis using the chance-corrected proportional agreement (Kappa) was 0.65, indicating moderate agreement.",[]
pubmedqa_wtt_batch_cache 9,target_deepseek_r1_32b__aux_gemma4_e4b,296,10759659,The nurse cystoscopist: a feasible option?,yes,True,1,missed_tumors_count,numerical size,The total number of tumors missed by either the UNP or the consultant urologist.,2,5 or more,True,yes,The nurse cystoscopist is a feasible option.,"The study shows that a trained urology nurse practitioner achieved comparable accuracy to a consultant urologist in detecting bladder tumors, with only minor discrepancies.",yes,"Yes, the nurse cystoscopist is a feasible option.","The study shows high agreement between the UNP and the consultant urologist, suggesting feasibility.",False,True,The reported number of missed tumors increased from a specific count of two to '5 or more'.,One tumour was missed by the UNP and one by the urologist,A total of 5 or more tumours were missed by either the UNP or the consultant urologist,[]
pubmedqa_wtt_batch_cache 9,target_deepseek_r1_32b__aux_gemma4_e4b,307,9550200,Does lunar position influence the time of delivery?,yes,True,0,correlation_lunar_delivery,measured outcome,The existence of a connection or correlation between the distribution of spontaneous deliveries and the lunar cycle/month.,A connection was found (implying influence).,No significant connection was found.,True,yes,"Yes, lunar position influences the time of delivery.","The study found a correlation between the distribution of spontaneous deliveries and the lunar month, especially after the full moon.",no,"No, lunar position does not influence the time of delivery.",The study found no significant connection between lunar phases and the distribution of spontaneous full-term deliveries.,True,True,"The primary finding regarding a correlation between delivery timing and the lunar cycle was changed from 'A connection... was found' to 'No significant connection... was found.' Consequently, the specific interpretation about the relevance of moon phases in high-parity women was also negated for internal consistency.","A connection between the distribution of spontaneous full-term deliveries and the lunar month was found. The effect of the phases of the moon seems to be particularly relevant in multiparae and plurigravidae; in these cases, the mean day of delivery corresponds to the first or second day after the full moon.",No significant connection between the distribution of spontaneous full-term deliveries and the lunar month was found. The effect of the phases of the moon did not appear particularly relevant in multiparae or plurigravidae.,[]
pubmedqa_wtt_batch_cache 9,target_deepseek_r1_32b__aux_gemma4_e4b,307,9550200,Does lunar position influence the time of delivery?,yes,True,1,high_risk_parity_group,comparison group,The specific groups (multiparae and plurigravidae) where the influence of lunar position was observed.,Multiparae and plurigravidae.,All parities/No specific group mentioned.,True,yes,"Yes, lunar position influences the time of delivery.","The study found a correlation between the distribution of spontaneous deliveries and the lunar month, especially after the full moon.",yes,"Yes, lunar position influences the time of delivery.",The study found that spontaneous full-term deliveries were more likely to occur on the first or second day after the full moon.,False,True,Changed the specific high-risk parity group (multiparae and plurigravidae) to reflect that the effect was observed across all parities.,"The effect of the phases of the moon seems to be particularly relevant in multiparae and plurigravidae; in these cases, the mean day of delivery corresponds to the first or second day after the full moon.","The effect of the phases of the moon seems to be particularly relevant across all parities; in these cases, the mean day of delivery corresponds to the first or second day after the full moon.",[]
pubmedqa_wtt_batch_cache 9,target_deepseek_r1_32b__aux_gemma4_e4b,309,11296674,Prostatic syndrome and pleural effusion: are they different diseases?,maybe,False,0,prostate_pleural_effusion_relationship,disease or condition,Whether pleural effusion is considered a distinct condition or a known complication/manifestation of the underlying prostatic neoplasm.,Separate entities / Distinct conditions (as argued by the model),Pleural effusion is a direct metastatic manifestation or common complication of advanced prostate cancer,True,yes,Prostatic syndrome and pleural effusion are different diseases.,"The abstract discusses prostate neoplasms (prostate cancer) and pleural effusion as separate entities related to different sites, indicating they are distinct conditions.",yes,Prostatic syndrome and pleural effusion are different diseases.,"The abstract indicates that pleural effusion was due to metastatic spread from prostatic neoplasm, showing they are distinct conditions.",False,True,The interpretation of pleural effusion changed from being a separate or inconclusive finding to being explicitly identified as a direct metastatic manifestation of advanced prostate cancer.,Metastatic carcinoma of the prostate was discarded due to the form of presentation.,"Pleural effusion was found, consistent with metastatic spread from the primary prostatic neoplasm.",[]
pubmedqa_wtt_batch_cache 9,target_deepseek_r1_32b__aux_gemma4_e4b,329,17704864,Is laparoscopic adrenalectomy safe and effective for adrenal masses larger than 7 cm?,yes,False,0,complication_rate,measured outcome,The rate of intraoperative complications observed during the procedure.,16%,< 5%,True,maybe,"Laparoscopic adrenalectomy can be performed for adrenal masses larger than 7 cm, but it is associated with a risk of complications and possible conversion to open surgery.","The study reports that LA was successfully performed in most cases (15 out of 18), though three required conversion to open surgery. The complication rate was 16%, indicating some risks.",yes,Laparoscopic adrenalectomy is safe and effective for adrenal masses larger than 7 cm.,"The study reports low intraoperative complication rates (<5%) and successful outcomes in most cases, though three required conversion to open surgery.",True,True,The reported complication rate (from 16% to < 5%).,the rate of intraoperative complications was 16%,the rate of intraoperative complications was < 5%,[]
pubmedqa_wtt_batch_cache 9,target_deepseek_r1_32b__aux_gemma4_e4b,329,17704864,Is laparoscopic adrenalectomy safe and effective for adrenal masses larger than 7 cm?,yes,False,1,conversion_to_open_surgery_rate,measured outcome,The proportion of patients requiring conversion from laparoscopic to open surgery.,3 cases (out of 18),0 cases,True,maybe,"Laparoscopic adrenalectomy can be performed for adrenal masses larger than 7 cm, but it is associated with a risk of complications and possible conversion to open surgery.","The study reports that LA was successfully performed in most cases (15 out of 18), though three required conversion to open surgery. The complication rate was 16%, indicating some risks.",maybe,Laparoscopic adrenalectomy may be safe and effective for adrenal masses larger than 7 cm.,"The study shows that LA was performed without conversion to open surgery, but complications occurred in 16% of cases. The small sample size and lack of long-term data limit definitive conclusions.",False,True,The conversion rate from laparoscopic to open surgery was changed from 3 cases (out of 18) to 0 cases.,and in three cases we switched from laparoscopic procedure to open surgery.,and in 0 cases we switched from laparoscopic procedure to open surgery.,[]
pubmedqa_wtt_batch_cache 9,target_deepseek_r1_32b__aux_gemma4_e4b,329,17704864,Is laparoscopic adrenalectomy safe and effective for adrenal masses larger than 7 cm?,yes,False,2,minimum_adrenal_lesion_size,numerical size,The minimum size threshold for adrenal lesions studied.,larger than 7 cm,smaller than 3 cm,False,maybe,"Laparoscopic adrenalectomy can be performed for adrenal masses larger than 7 cm, but it is associated with a risk of complications and possible conversion to open surgery.","The study reports that LA was successfully performed in most cases (15 out of 18), though three required conversion to open surgery. The complication rate was 16%, indicating some risks.",maybe,The safety and effectiveness of laparoscopic adrenalectomy for adrenal masses larger than 7 cm is not determined by the provided abstract.,"The study focuses on adrenal lesions smaller than 3 cm, with no data on masses over 6 cm. Therefore, it doesn't address the question about masses larger than 7 cm.",False,True,"The minimum adrenal lesion size threshold was changed from 'larger than 7 cm' to 'smaller than 3 cm'. Consequently, the reported mean tumor size and range in the RESULTS section were adjusted from 8.3 cm (range 7-13 cm) to 2.5 cm (range 1-4 cm) for internal consistency.","larger than 7 cm (in background), larger than 7 cm (in methods), The mean tumor size was 8.3 cm (range 7-13 cm) (in results)","smaller than 3 cm (in background), smaller than 3 cm (in methods), The mean tumor size was 2.5 cm (range 1-4 cm) (in results)",[]
pubmedqa_wtt_batch_cache 9,target_deepseek_r1_32b__aux_gemma4_e4b,332,26399179,Eyelid-parotid metastasis: do we screen for coexisting masses?,yes,True,0,metastasis_occurrence,measured outcome,The observation that primary tumors can metastasize between the eyelid and parotid gland.,Observed (in multiple cases),Not observed or extremely rare,True,yes,"Yes, we should screen for coexisting masses.","The cases reported show that primary tumors in one area can metastasize to another, indicating the importance of screening for coexisting masses.",maybe,It is uncertain whether we screen for coexisting masses.,The abstract reports rare cases of metastasis without mentioning screening protocols.,True,True,"The objective statement was changed to reflect that metastasis between the eyelid and parotid gland is 'extremely rare,' shifting the overall reported frequency of this occurrence.",To report three cases illustrating that it is not unusual for a primary eyelid tumour to metastasise to the parotid gland and vice versa.,"To report three cases suggesting that metastasis from a primary eyelid tumour to the parotid gland, or vice versa, is extremely rare.",[]
pubmedqa_wtt_batch_cache 9,target_deepseek_r1_32b__aux_gemma4_e4b,332,26399179,Eyelid-parotid metastasis: do we screen for coexisting masses?,yes,True,1,tumor_malignancy,disease or condition,The nature of the primary tumors (whether they are malignant or benign).,Malignant,Benign,True,yes,"Yes, we should screen for coexisting masses.","The cases reported show that primary tumors in one area can metastasize to another, indicating the importance of screening for coexisting masses.",maybe,It is uncertain if we screen for coexisting masses.,The abstract describes cases of metastasis between the eyelid and parotid gland but does not provide information on screening practices.,True,True,The nature of the primary tumors was changed from malignant to benign.,malignant parotid tumours,benign parotid tumours,[]
pubmedqa_wtt_batch_cache 9,target_deepseek_r1_32b__aux_gemma4_e4b,355,25371231,Is vitamin D insufficiency or deficiency related to the development of osteochondritis dissecans?,maybe,True,0,prevalence_of_vitamin_d_deficiency,measured outcome,The proportion of patients in the study who exhibited vitamin D deficiency or insufficiency.,High (18/23 had distinct deficiency; 5 were insufficient/low normal),"Low (e.g., only 3/23 affected)",True,maybe,Vitamin D deficiency or insufficiency may be associated with OCD.,"The majority of patients had vitamin D deficiency or insufficiency, suggesting a possible link, but the study's small size and observational design limit definitive conclusions.",no,Vitamin D insufficiency or deficiency is not related to the development of osteochondritis dissecans.,"The study found that only a small proportion of patients had vitamin D3 deficiency, and none were insufficient, suggesting no significant relationship.",True,True,The prevalence of vitamin D deficiency was changed from high (18/23 deficient; 5 total affected) to low (only 3/23 affected).,"In the majority of patients (18/23), a distinct vitamin D3 deficiency was found, two patients were vitamin D3-insufficient and, in three patients, the vitamin D3 level reached the lowest normal value.","Only a small proportion of patients (e.g., 3/23) exhibited vitamin D3 deficiency, and no patients were found to be vitamin D3-insufficient.",[]
pubmedqa_wtt_batch_cache 9,target_deepseek_r1_32b__aux_gemma4_e4b,355,25371231,Is vitamin D insufficiency or deficiency related to the development of osteochondritis dissecans?,maybe,True,1,study_design,study design,"The type of study conducted, which limits the ability to establish causation.",Prospective pilot/Observational,Randomized controlled trial (RCT),True,maybe,Vitamin D deficiency or insufficiency may be associated with OCD.,"The majority of patients had vitamin D deficiency or insufficiency, suggesting a possible link, but the study's small size and observational design limit definitive conclusions.",yes,"Yes, vitamin D insufficiency or deficiency is related to the development of osteochondritis dissecans.","The study found that most patients with OCD had vitamin D deficiency or insufficiency, indicating a possible association.",True,True,Changed the study design from a 'prospective pilot study' to a 'randomized controlled trial (RCT)' in the purpose statement.,The aim of this prospective pilot study,This randomized controlled trial aimed,[]
pubmedqa_wtt_batch_cache 9,target_deepseek_r1_32b__aux_gemma4_e4b,355,25371231,Is vitamin D insufficiency or deficiency related to the development of osteochondritis dissecans?,maybe,True,2,ocd_lesion_severity,disease or condition,The stage of the osteochondritis dissecans lesion in the patient population.,Stage III or stages III and IV (Advanced),Mild/early stage OCD lesions,False,maybe,Vitamin D deficiency or insufficiency may be associated with OCD.,"The majority of patients had vitamin D deficiency or insufficiency, suggesting a possible link, but the study's small size and observational design limit definitive conclusions.",maybe,Vitamin D insufficiency or deficiency may be related to the development of osteochondritis dissecans.,"The study found that most patients with OCD had vitamin D deficiency or insufficiency, suggesting a possible association.",False,True,The description of the lesion severity in the methods section was changed from advanced stages (Stage III or IV) to mild/early stage lesions.,"a stage III, or stages III and IV",mild/early stage OCD lesions,[]
pubmedqa_wtt_batch_cache 9,target_deepseek_r1_32b__aux_gemma4_e4b,389,24964725,"Recovery Outcome Measures: Is There a Place for Culture, Attitudes, and Faith?",yes,True,0,relevance_of_culture_and_faith,measured outcome,"Whether cultural, faith-based, and personal attitudes are considered relevant factors in measuring recovery outcomes.",Relevant (The study questions their role),Irrelevant/Not necessary for outcome measurement,True,yes,"Yes, culture, attitudes, and faith have a place in recovery outcome measures.","The study questions the role of RAQ in linking attitudes, faith, and culture to recovery, indicating their relevance in multicultural societies.",no,"No, culture, attitudes, and faith do not significantly impact core recovery outcome measures.",The study found that these factors are secondary when measuring mental health recovery in secular multicultural societies.,True,True,"The abstract was changed from suggesting that the study raised questions about the relevance of cultural/faith links to stating that these factors do not significantly impact core recovery outcomes, making them irrelevant for primary measurement.","including links between attitudes, faith, and culture in supporting the recovery journey. These questions are particularly important when considered in the context of people with mental illness who live in secular multicultural societies.","found that attitudes, faith, and culture do not significantly impact core recovery outcome measures. These factors are considered secondary when measuring mental health recovery in secular multicultural societies.",[]
pubmedqa_wtt_batch_cache 9,target_deepseek_r1_32b__aux_gemma4_e4b,389,24964725,"Recovery Outcome Measures: Is There a Place for Culture, Attitudes, and Faith?",yes,True,1,type_of_society,comparison group,"The nature of the society where people with mental illness live (e.g., secular multicultural vs. homogenous).",Secular multicultural societies,"Homogenous, non-multicultural settings",True,yes,"Yes, culture, attitudes, and faith have a place in recovery outcome measures.","The study questions the role of RAQ in linking attitudes, faith, and culture to recovery, indicating their relevance in multicultural societies.",yes,"Yes, there is a place for culture, attitudes, and faith.","The abstract highlights the importance of considering attitudes, faith, and culture in supporting recovery, particularly in non-multicultural settings.",False,True,"The type of society context for people with mental illness was changed from 'Secular multicultural societies' to 'Homogenous, non-multicultural settings'.",secular multicultural societies,"Homogenous, non-multicultural settings",[]
pubmedqa_wtt_batch_cache 9,target_deepseek_r1_32b__aux_gemma4_e4b,397,16776337,Pituitary apoplexy: do histological features influence the clinical presentation and outcome?,yes,True,0,histological_features,comparison group,The specific histopathological grouping used to divide patients with pituitary apoplexy.,Infarction alone vs. Hemorrhagic infarction and/or frank hemorrhage,No significant difference in histological features between groups,True,yes,"Yes, histological features do influence clinical presentation and outcome.","The study compared patients with pituitary apoplexy based on histological features (infarction alone vs. hemorrhagic infarction/hemorrhage) to assess their impact on symptoms, clinical features, endocrinology, and outcomes.",no,"No, histological features do not significantly influence clinical presentation or outcome.","The study found no significant difference in presenting symptoms, clinical features, endocrinological status, and outcome between the two histologically defined groups.",True,True,The specific description of the two contrasting histological groups (infarction alone vs. hemorrhagic infarction) was replaced by a statement reflecting that there was no significant difference in histological features found between the analyzed groups.,"one group with infarction alone, comprising 22 patients; and the other with hemorrhagic infarction and/or frank hemorrhage, comprising 37 patients.",", which showed no significant difference between groups.",[]
pubmedqa_wtt_batch_cache 9,target_deepseek_r1_32b__aux_gemma4_e4b,397,16776337,Pituitary apoplexy: do histological features influence the clinical presentation and outcome?,yes,True,1,measured_outcome,measured outcome,The specific clinical and physiological aspects of the patient status assessed by the study.,"Presenting symptoms, clinical features, endocrinological status, and outcome",Only short-term mortality rate,True,yes,"Yes, histological features do influence clinical presentation and outcome.","The study compared patients with pituitary apoplexy based on histological features (infarction alone vs. hemorrhagic infarction/hemorrhage) to assess their impact on symptoms, clinical features, endocrinology, and outcomes.",yes,"Yes, histological features influence clinical presentation and outcome.",The study was designed to determine if histopathological features affect clinical presentation or outcome by comparing short-term mortality rates between groups with different histological features.,False,True,"Replaced the comprehensive list of measured outcomes (presenting symptoms, clinical features, endocrinological status, and outcome) with a focus solely on the short-term mortality rate.","The presenting symptoms, clinical features, endocrinological status, and outcome were compared between the two groups.",Only the short-term mortality rate was compared between the two groups.,[]
pubmedqa_wtt_batch_cache 9,target_deepseek_r1_32b__aux_gemma4_e4b,397,16776337,Pituitary apoplexy: do histological features influence the clinical presentation and outcome?,yes,True,2,study_design,study design,The type of analysis performed on the patient cohort.,Retrospective analysis,Prospective randomized controlled trial,False,yes,"Yes, histological features do influence clinical presentation and outcome.","The study compared patients with pituitary apoplexy based on histological features (infarction alone vs. hemorrhagic infarction/hemorrhage) to assess their impact on symptoms, clinical features, endocrinology, and outcomes.",yes,"Yes, histological features influence both clinical presentation and outcome.","The study compared two groups of patients with pituitary apoplexy based on histological features (infarction alone vs. hemorrhagic infarction/frank hemorrhage), suggesting that these features affect clinical presentation and outcomes.",False,True,"The study design was changed from 'retrospective analysis' to 'prospective randomized controlled trial'. Minor grammatical adjustments were made in both [OBJECT] and [METHODS] sections (e.g., changing 'was performed' to 'was conducted' or 'enrolled') to maintain internal consistency with the new study type.","A retrospective analysis of a contemporary series of patients with pituitary apoplexy was performed to ascertain whether the histopathological features influence the clinical presentation or the outcome.
[METHODS] A retrospective analysis was performed in 59 patients treated for pituitary apoplexy at the University of Virginia Health System, Charlottesville, Virginia, or Groote Schuur Hospital, University of Cape Town, South Africa.","A prospective randomized controlled trial involving a contemporary series of patients with pituitary apoplexy was conducted to ascertain whether the histopathological features influence the clinical presentation or the outcome.
[METHODS] A prospective randomized controlled trial enrolled 59 patients treated for pituitary apoplexy at the University of Virginia Health System, Charlottesville, Virginia, or Groote Schuur Hospital, University of Cape Town, South Africa.",[]
pubmedqa_wtt_batch_cache 9,target_deepseek_r1_32b__aux_gemma4_e4b,466,23375036,An HIV1/2 point of care test on sputum for screening TB/HIV co-infection in Central India - Will it work?,yes,True,0,sensitivity_and_specificity,measured outcome,The reported performance metrics of the assay compared to serum ELISA.,90% sensitivity and 100% specificity,"Low sensitivity (e.g., 50%) or low specificity (e.g., 80%)",True,yes,"Yes, the OraQuick® HIV-1/2 Assay in sputum works effectively.","The assay showed high sensitivity (90%) and specificity (100%), making it a valid tool for screening TB/HIV co-infection.",maybe,It might work but with limitations.,"The OraQuick® test has high specificity and negative predictive value but low sensitivity (50%), potentially missing half of HIV cases. It may be useful for confirmation rather than primary screening.",True,True,"The reported performance metrics for the assay were changed from high values (90% sensitivity, 100% specificity) to low values (50% sensitivity, 80% specificity).",reported 90% sensitivity (9/10) and 100% specificity (307/307),reported 50% sensitivity (5/10) and 80% specificity (320/400),[]
pubmedqa_wtt_batch_cache 9,target_deepseek_r1_32b__aux_gemma4_e4b,466,23375036,An HIV1/2 point of care test on sputum for screening TB/HIV co-infection in Central India - Will it work?,yes,True,1,patient_population,comparison group,The group of patients tested in the study.,Patients diagnosed with tuberculosis (TB),General community population without known TB diagnosis,False,yes,"Yes, the OraQuick® HIV-1/2 Assay in sputum works effectively.","The assay showed high sensitivity (90%) and specificity (100%), making it a valid tool for screening TB/HIV co-infection.",yes,"Yes, the OraQuick® HIV-1/2 Assay in sputum is a valid tool for HIV surveillance.","The study showed high sensitivity (90%) and specificity (100%), making it effective for detecting HIV in sputum samples.",False,True,The patient population was changed from 'Patients diagnosed with tuberculosis (TB)' to 'General community population without known TB diagnosis'.,TB patients; sputa of patients diagnosed with tuberculosis,members of the general community; sputum specimens collected from members of the general community,[]
pubmedqa_wtt_batch_cache 9,target_deepseek_r1_32b__aux_gemma4_e4b,466,23375036,An HIV1/2 point of care test on sputum for screening TB/HIV co-infection in Central India - Will it work?,yes,True,2,specimen_type,other,The biological sample used for the test.,Sputum,Blood serum or plasma,False,yes,"Yes, the OraQuick® HIV-1/2 Assay in sputum works effectively.","The assay showed high sensitivity (90%) and specificity (100%), making it a valid tool for screening TB/HIV co-infection.",maybe,"It may work, but the study only tested blood samples.","The study evaluated OraQuick® using blood serum or plasma, not sputum. Therefore, its effectiveness on sputum is uncertain.",True,True,The specimen type was changed from Sputum to Blood serum or plasma throughout the abstract context.,sputum; sputa; sputum specimens,blood serum or plasma; blood serum or plasma samples; blood serum or plasma specimens,[]
pubmedqa_wtt_batch_cache 9,target_deepseek_r1_32b__aux_gemma4_e4b,469,27136599,Is it safe to perform rectal anastomosis in gynaecological debulking surgery without a diverting stoma?,yes,False,0,anastomotic_leakage_rate,measured outcome,The incidence rate of anastomotic leakage following colorectal resection.,Not provided (only stated as the primary outcome),Low rate when stoma is present; High rate when stoma is absent,True,maybe,It is uncertain whether rectal anastomosis without a diverting stoma is safe.,"The abstract does not provide specific rates of anastomotic leakage with or without a diverting stoma, making it unclear if performing the procedure without a stoma is safe.",no,It is not safe to perform rectal anastomosis without a diverting stoma.,"The study found that the rate of anastomotic leakage was high when a diverting stoma was absent, indicating increased risk.",True,True,Updated the description of the primary outcome from merely stating that anastomotic leakage was measured to reporting the established finding regarding its incidence rate based on the presence or absence of a diverting stoma.,The primary outcome was anastomotic leakage in the presence or absence of a diverting stoma.,"The primary outcome assessed the rate of anastomotic leakage, which was found to be low when a diverting stoma was present and high when it was absent.",[]
pubmedqa_wtt_batch_cache 9,target_deepseek_r1_32b__aux_gemma4_e4b,469,27136599,Is it safe to perform rectal anastomosis in gynaecological debulking surgery without a diverting stoma?,yes,False,1,diverting_stoma_presence,comparison group,The presence or absence of a diverting loop ileostomy/stoma.,Variable (compared in the study),Always required for anastomosis without stoma,True,maybe,It is uncertain whether rectal anastomosis without a diverting stoma is safe.,"The abstract does not provide specific rates of anastomotic leakage with or without a diverting stoma, making it unclear if performing the procedure without a stoma is safe.",no,It is not safe to perform rectal anastomosis in gynecological debulking surgery without a diverting stoma.,"The study shows that when anastomosis was performed without a stoma, a diverting loop ileostomy became necessary, indicating potential complications.",True,True,Changed the study's focus from comparing outcomes with or without a diverting stoma (variable) to assuming that a diverting stoma is always required for safety during anastomosis.,"The primary outcome was anastomotic leakage in the presence or absence of a diverting stoma.
... 
In three (8%) patients, a diverting loop ileostomy was created.","The primary outcome was anastomotic leakage in procedures where a diverting stoma was mandatory.
... 
For all eligible patients undergoing anastomosis without stoma, a diverting loop ileostomy was required and created.",[]
pubmedqa_wtt_batch_cache 9,target_deepseek_r1_32b__aux_gemma4_e4b,472,11149643,Is semi-closed endarterectomy of the superficial femoral artery combined with a short venous bypass in case of insufficient venous material an acceptable alternative for limb-threatening ischemia?,yes,True,0,limb_salvage_rate,measured outcome,The rate of limb salvage observed at 1 and 3 years post-procedure.,68.6% at 1 and at 3 years,< 50%,True,yes,"Yes, the procedure is an acceptable alternative.","The study shows a 68.6% limb salvage rate at both one and three years, suggesting that semi-closed endarterectomy combined with a short venous bypass can be effective in managing limb-threatening ischemia when venous material is insufficient.",maybe,The procedure shows moderate success rates.,"While the patency and limb salvage rates are below 50%, this approach may be considered in cases where other options are unavailable.",True,True,Changed the reported limb salvage rate from 68.6% to less than 50%.,The limb salvage rate was 68.6% at 1 and at 3 years.,The limb salvage rate was < 50% at 1 and at 3 years.,[]
pubmedqa_wtt_batch_cache 9,target_deepseek_r1_32b__aux_gemma4_e4b,472,11149643,Is semi-closed endarterectomy of the superficial femoral artery combined with a short venous bypass in case of insufficient venous material an acceptable alternative for limb-threatening ischemia?,yes,True,1,critical_leg_ischemia,disease or condition,The severity of the underlying vascular condition requiring intervention.,Critical leg ischemia (limb-threatening),Mild peripheral arterial disease,True,yes,"Yes, the procedure is an acceptable alternative.","The study shows a 68.6% limb salvage rate at both one and three years, suggesting that semi-closed endarterectomy combined with a short venous bypass can be effective in managing limb-threatening ischemia when venous material is insufficient.",maybe,The procedure shows potential but has moderate success rates.,"The study reports a limb salvage rate of 68.6% at both 1 and 3 years, indicating some effectiveness, though primary patency rates are lower.",True,True,The underlying vascular condition requiring intervention was changed from critical leg ischemia to mild peripheral arterial disease.,critical leg ischemia,mild peripheral arterial disease,[]
pubmedqa_wtt_batch_cache 9,target_deepseek_r1_32b__aux_gemma4_e4b,472,11149643,Is semi-closed endarterectomy of the superficial femoral artery combined with a short venous bypass in case of insufficient venous material an acceptable alternative for limb-threatening ischemia?,yes,True,2,insufficient_venous_material,other,The constraint defining the patient population that requires this specific alternative procedure.,Insufficient venous material for straightforward femorocrural reconstruction,Sufficient venous material for straightforward femorocrural reconstruction,True,yes,"Yes, the procedure is an acceptable alternative.","The study shows a 68.6% limb salvage rate at both one and three years, suggesting that semi-closed endarterectomy combined with a short venous bypass can be effective in managing limb-threatening ischemia when venous material is insufficient.",no,"No, based on the provided context.",The study specifically included patients with sufficient venous material for reconstruction. There is no information about outcomes when venous material is insufficient.,True,True,The patient population constraint was changed from requiring insufficient venous material to having sufficient venous material.,insufficient venous material for a straightforward femorocrural reconstruction,sufficient venous material for straightforward femorocrural reconstruction,[]
pubmedqa_wtt_batch_cache 9,target_deepseek_r1_32b__aux_gemma4_e4b,481,10798511,Blunt trauma in intoxicated patients: is computed tomography of the abdomen always necessary?,no,False,0,proportion_requiring_abdominal_exploration,measured outcome,"The percentage of patients who, despite having an identified abdominal injury via CT, required surgical exploration.",0.6%,25%,False,maybe,Computed tomography is not always necessary but should be considered based on additional risk factors.,"While most intoxicated blunt trauma patients had negative CT scans, some injuries were detected. The necessity of CT may depend on other clinical factors beyond those studied.",maybe,Computed tomography is not always necessary but should be considered based on additional risk factors.,"While most intoxicated blunt trauma patients had negative CT scans, some with abdominal injuries were identified, especially those with major chest injuries. Thus, CT may not always be necessary but should be considered in cases with specific risk factors.",False,True,"The proportion of patients who required abdominal exploration, given an identified injury via CT, was changed from 0.6% to 25%. To maintain internal consistency while keeping the count of patients needing exploration at 2, the total number of injured patients was minimally adjusted from 7 to 8.","Abdominal injuries were identified in 7 patients (2%), with only 2 (0.6%) requiring abdominal exploration.","Abdominal injuries were identified in 8 patients (2%), with only 2 (25%) requiring abdominal exploration.",[]
pubmedqa_wtt_batch_cache 9,target_deepseek_r1_32b__aux_gemma4_e4b,481,10798511,Blunt trauma in intoxicated patients: is computed tomography of the abdomen always necessary?,no,False,1,physical_examination_status,other,The requirement for the patient to have an unremarkable abdominal physical examination upon admission.,Unremarkable abdominal examination (inclusion criterion),Positive abdominal examination findings,False,maybe,Computed tomography is not always necessary but should be considered based on additional risk factors.,"While most intoxicated blunt trauma patients had negative CT scans, some injuries were detected. The necessity of CT may depend on other clinical factors beyond those studied.",maybe,Computed tomography may not always be necessary.,"While CT scans were negative in most cases (98%), they identified injuries in a small percentage of patients, highlighting the need for imaging when indicated.",False,True,The inclusion criterion for the physical examination status was changed from 'unremarkable abdominal examination' to 'positive abdominal examination findings'.,and unremarkable abdominal examination.,and positive abdominal examination findings.,[]
pubmedqa_wtt_batch_cache 9,target_deepseek_r1_32b__aux_gemma4_e4b,481,10798511,Blunt trauma in intoxicated patients: is computed tomography of the abdomen always necessary?,no,False,2,associated_injury_presence,other,"The presence of other major injuries, such as a major chest injury, which is associated with the abdominal injury.",Significant association found (major chest injury),No significant association found,False,maybe,Computed tomography is not always necessary but should be considered based on additional risk factors.,"While most intoxicated blunt trauma patients had negative CT scans, some injuries were detected. The necessity of CT may depend on other clinical factors beyond those studied.",maybe,Computed tomography is not always necessary for intoxicated blunt trauma patients.,"Most patients (98%) had negative CT scans, but a small percentage (2%) did have injuries detected.",False,True,The finding regarding the association between major chest injury and abdominal injury was changed from 'significant' to 'no significant'.,A significant association was found between major chest injury and abdominal injury.,No significant association was found between major chest injury and abdominal injury.,[]
pubmedqa_wtt_batch_cache 9,target_deepseek_r1_32b__aux_gemma4_e4b,484,24614789,Is lumbar drainage of postoperative cerebrospinal fluid fistula after spine surgery effective?,yes,True,0,cure_time_comparison,measured outcome,The difference in mean time to cure between the lumbar drainage group and the conservative treatment group.,Drainage group cured faster (mean of 10 days) than the conservative group (mean of 30 days).,"Cure times were similar, or the drainage group was slower to cure compared to the conservative group.",True,yes,"Yes, lumbar drainage was effective.",Lumbar drainage led to faster healing (10 days vs. 30 days conservatively) without complications.,yes,"Yes, lumbar drainage is effective.",All patients treated with lumbar drainage healed without adverse events.,False,True,"The reported cure times were reversed: the conservative group now has a shorter mean cure time (10 days) compared to the drainage group (30 days), indicating that drainage was slower.","Patients treated conservatively were cured in a mean period of 30 days, while patients treated with CSF drainage were cured in a mean period of 10 days.","Patients treated conservatively were cured in a mean period of 10 days, while patients treated with CSF drainage were cured in a mean period of 30 days.",[]
pubmedqa_wtt_batch_cache 9,target_deepseek_r1_32b__aux_gemma4_e4b,484,24614789,Is lumbar drainage of postoperative cerebrospinal fluid fistula after spine surgery effective?,yes,True,1,adverse_event_rate,measured outcome,The occurrence of complications or adverse events in patients receiving lumbar drainage.,No adverse events were recorded for either group.,"A significant rate of adverse events (e.g., infection, skin breakdown) was observed in the drainage group.",True,yes,"Yes, lumbar drainage was effective.",Lumbar drainage led to faster healing (10 days vs. 30 days conservatively) without complications.,yes,Lumbar drainage is effective for treating postoperative cerebrospinal fluid fistula after spine surgery.,"The study shows that patients treated with CSF lumbar drainage healed in a mean period of 10 days, compared to 30 days for conservative treatment.",False,True,The finding regarding the occurrence of adverse events was changed from 'no adverse events' to reporting that a significant rate of adverse events was observed specifically in the lumbar drainage group.,and no adverse events were recorded.,", but a significant rate of adverse events (e.g., infection, skin breakdown) was observed in the drainage group.",[]
pubmedqa_wtt_batch_cache 9,target_deepseek_r1_32b__aux_gemma4_e4b,493,10331115,Is amoxapine an atypical antipsychotic?,yes,True,0,high_serotonin_5ht2_occupancy,measured outcome,"The level of occupancy at the 5-HT2 receptor, which is a key criterion for atypical antipsychotics.",Near saturation (at doses of 100 mg/day and above),Low or moderate,True,yes,"Yes, amoxapine is an atypical antipsychotic.",Amoxapine meets the criteria for atypical antipsychotics as it shows high 5-HT2 occupancy and greater 5-HT2 than D2 receptor occupancy without exceeding 80% D2 occupancy.,no,Amoxapine is not classified as an atypical antipsychotic.,"The study shows that amoxapine has low to moderate serotonin (5-HT)2 receptor occupancy, which does not meet the criteria for atypical antipsychotics requiring high 5-HT2 occupancy.",True,True,The reported level of 5-HT2 receptor occupancy for amoxapine was changed from 'near saturation' to 'low or moderate'.,5-HT2 receptors showed near saturation at doses of 100 mg/day and above.,5-HT2 receptors showed low or moderate occupancy at doses of 100 mg/day and above.,[]
pubmedqa_wtt_batch_cache 9,target_deepseek_r1_32b__aux_gemma4_e4b,493,10331115,Is amoxapine an atypical antipsychotic?,yes,True,1,d2_occupancy_limit,numerical size,"The maximum acceptable level of D2 receptor occupancy to avoid high extrapyramidal side effects, a key criterion for atypical antipsychotics.",Never exceeding 80%,"Exceeding 80% (e.g., 90%)",True,yes,"Yes, amoxapine is an atypical antipsychotic.",Amoxapine meets the criteria for atypical antipsychotics as it shows high 5-HT2 occupancy and greater 5-HT2 than D2 receptor occupancy without exceeding 80% D2 occupancy.,yes,"Yes, amoxapine is an atypical antipsychotic.",Amoxapine meets the criteria of high serotonin (5-HT)2 occupancy and greater 5-HT2 than dopamine (D)2 occupancy as shown in the study.,False,True,"The reported D2 receptor occupancy limit was changed from a safe threshold ('Never exceeding 80%') to an unsafe, high-occupancy level ('Exceeding 80% (e.g., 90%)').",never exceeding 80%,"exceeding 80% (e.g., 90%)",[]
pubmedqa_wtt_batch_cache 9,target_deepseek_r1_32b__aux_gemma4_e4b,493,10331115,Is amoxapine an atypical antipsychotic?,yes,True,2,relative_5ht2_d2_occupancy,measured outcome,The required relationship where 5-HT2 receptor occupancy must be greater than D2 receptor occupancy.,5-HT2 > D2 (at all doses),D2 >= 5-HT2,True,yes,"Yes, amoxapine is an atypical antipsychotic.",Amoxapine meets the criteria for atypical antipsychotics as it shows high 5-HT2 occupancy and greater 5-HT2 than D2 receptor occupancy without exceeding 80% D2 occupancy.,no,Amoxapine is not classified as an atypical antipsychotic.,"The study shows that amoxapine has greater D2 receptor occupancy than 5-HT2, which contradicts the characteristic of atypical antipsychotics requiring higher 5-HT2 occupancy.",True,True,The relative relationship between 5-HT2 and D2 receptor occupancy at all tested doses is reversed from 5-HT2 > D2 to D2 >= 5-HT2.,at all doses 5-HT2 occupancy exceeded D2 occupancy.,at all doses D2 occupancy was greater than or equal to 5-HT2 occupancy.,[]
pubmedqa_wtt_batch_cache 9,target_deepseek_r1_32b__aux_gemma4_e4b,507,15388567,Are sports medicine journals relevant and applicable to practitioners and athletes?,no,True,0,topic_focus,other,The main subject area of the published articles.,"Sports science, with very few studies related to injury treatment and medical conditions.",A majority of studies focus on injury treatment and medical conditions.,True,no,Sports medicine journals are not highly relevant or applicable.,"The majority of studies focused on sports science with healthy sedentary subjects, lacking relevance for injury treatment in practice.",maybe,Sports medicine journals may not be fully applicable to practitioners and athletes.,"While the journals address relevant topics like injury treatment, they often use sedentary subjects instead of injured athletes, limiting direct applicability.",True,True,Changed the reported frequency and focus of research topics from a minority focus on injury/medical conditions to a majority focus on injury/medical conditions.,"The most common topic was sports science, and very few studies related to the treatment of injuries and medical conditions.",A majority of published articles focused on injury treatment and medical conditions.,[]
pubmedqa_wtt_batch_cache 9,target_deepseek_r1_32b__aux_gemma4_e4b,507,15388567,Are sports medicine journals relevant and applicable to practitioners and athletes?,no,True,1,subject_population,comparison group,The type of participants used in the published studies.,Healthy subjects sampled from the sedentary population.,Injured or actively exercising athletes/participants.,True,no,Sports medicine journals are not highly relevant or applicable.,"The majority of studies focused on sports science with healthy sedentary subjects, lacking relevance for injury treatment in practice.",maybe,Sports medicine journals are somewhat relevant but have limitations in applicable research.,"While the journals focus on sports science and use injured athletes as subjects, there's a lack of studies on injury treatment, affecting their full applicability.",True,True,The subject population described in the results section was changed from 'Healthy subjects sampled from the sedentary population' to 'Injured or actively exercising athletes/participants'.,healthy subjects sampled from the sedentary population,injured or actively exercising athletes/participants,[]
pubmedqa_wtt_batch_cache 9,target_deepseek_r1_32b__aux_gemma4_e4b,517,25747932,Living in an urban environment and non-communicable disease risk in Thailand: Does timing matter?,yes,True,0,early_life_urban_exposure_vs_proportion,measured outcome,The comparison between early life urban exposure and the cumulative proportion of urban life years.,"Both measures are independently associated with increased risk factors, suggesting timing matters.","Only the total proportion of urban life years is relevant, regardless of when it occurred.",True,yes,"Yes, timing matters.",The study found that early-life urban exposure and the proportion of urban life years were both independently associated with increased NCD risk factors. Early-life urban exposure may increase susceptibility to the effects of prolonged urban living.,no,Timing does not matter.,"The study found that only the cumulative duration of urban life years was independently associated with increased NCD risk factors, while early-life urban exposure did not show a significant effect.",True,True,"Changed the reported finding from 'both measures are important' to 'only the total proportion is relevant,' reflecting that timing does not matter.","Both measures of urbanicity were each independently associated with increases in all behavioral and physiological risk factors. For some biological risk factors, people spending their early life in an urban area may be more susceptible to the effect of increasing proportion of urban life years than those growing up in rural areas.","The cumulative proportion of urban life years was independently associated with increases in all behavioral and physiological risk factors, suggesting that only the total duration matters. Early-life urban exposure did not show an independent association.",[]
pubmedqa_wtt_batch_cache 9,target_deepseek_r1_32b__aux_gemma4_e4b,517,25747932,Living in an urban environment and non-communicable disease risk in Thailand: Does timing matter?,yes,True,1,comparison_group_rural,comparison group,The baseline group used for comparison (those growing up in rural areas).,Rural areas (implied contrast to urban exposure).,A different non-urban or alternative living environment was used as the baseline.,True,yes,"Yes, timing matters.",The study found that early-life urban exposure and the proportion of urban life years were both independently associated with increased NCD risk factors. Early-life urban exposure may increase susceptibility to the effects of prolonged urban living.,yes,"Yes, timing matters.","The study found that both early-life urban exposure and the proportion of urban life years were associated with increased NCD risk factors, indicating that timing plays a role.",False,True,The baseline comparison group (rural areas) was generalized to 'an alternative non-urban setting' and 'the designated non-urban comparison setting' throughout the abstract for consistency.,rural) exposure... than those growing up in rural areas.,an alternative non-urban setting) exposure... than those who grew up in the designated non-urban comparison setting.,[]
pubmedqa_wtt_batch_cache 9,target_deepseek_r1_32b__aux_gemma4_e4b,517,25747932,Living in an urban environment and non-communicable disease risk in Thailand: Does timing matter?,yes,True,2,association_with_ncd_risk,measured outcome,"The direction of the relationship between urban exposure and NCD risk factors (i.e., increased susceptibility).",Increased risk factors / Increased susceptibility.,"No significant association, or a decreased risk factor.",True,yes,"Yes, timing matters.",The study found that early-life urban exposure and the proportion of urban life years were both independently associated with increased NCD risk factors. Early-life urban exposure may increase susceptibility to the effects of prolonged urban living.,no,Timing does not significantly affect non-communicable disease risk.,Neither early-life urban exposure nor the proportion of urban life years was associated with significant changes in NCD risk factors.,True,True,"The results section was changed to reflect that there is no significant association (or a decreased risk factor) between urbanicity measures and NCD risk factors, replacing the original claim of increased susceptibility.","Both measures of urbanicity were each independently associated with increases in all behavioral and physiological risk factors. For some biological risk factors, people spending their early life in an urban area may be more susceptible to the effect of increasing proportion of urban life years than those growing up in rural areas.","Neither measure of urbanicity was significantly associated with changes in any behavioral or physiological risk factors. For some biological risk factors, no differential susceptibility was observed between people spending their early life in an urban area and those growing up in rural areas.",[]
pubmedqa_wtt_batch_cache 9,target_gemma4_31b__aux_gemma4_e4b,254,9602458,Does the Child Health Computing System adequately identify children with cerebral palsy?,no,True,0,percentage_nicpr_missing_from_chcs,measured outcome,The proportion of cases recorded in the Northern Ireland Cerebral Palsy Register (NICPR) that were not found on the Child Health Computing System (CHCS).,47 per cent,less than 10 per cent,True,no,The Child Health Computing System does not adequately identify children with cerebral palsy.,"Of the 135 cases recorded on the Northern Ireland Cerebral Palsy Register, 47 per cent were not found on the Child Health Computing System.",yes,The Child Health Computing System adequately identifies children with cerebral palsy.,"Of the 135 cases recorded on the Northern Ireland Cerebral Palsy Register, less than 10 per cent were not found on the Child Health Computing System.",True,True,The proportion of cases recorded in the Northern Ireland Cerebral Palsy Register (NICPR) that were not found on the Child Health Computing System (CHCS) was changed from 47 per cent to less than 10 per cent.,47 per cent,less than 10 per cent,[]
pubmedqa_wtt_batch_cache 9,target_gemma4_31b__aux_gemma4_e4b,254,9602458,Does the Child Health Computing System adequately identify children with cerebral palsy?,no,True,1,total_nicpr_cases,numerical size,The total number of cases recorded in the Northern Ireland Cerebral Palsy Register (NICPR).,135,70,True,no,The Child Health Computing System does not adequately identify children with cerebral palsy.,"Of the 135 cases recorded on the Northern Ireland Cerebral Palsy Register, 47 per cent were not found on the Child Health Computing System.",no,The Child Health Computing System does not adequately identify children with cerebral palsy.,"Of the 70 cases recorded on the Northern Ireland Cerebral Palsy Register, 33 per cent were not found on the Child Health Computing System.",False,True,The total number of cases in the Northern Ireland Cerebral Palsy Register (NICPR) was changed from 135 to 70. The percentage finding ('47 per cent') was adjusted to '33 per cent' to maintain mathematical consistency with the new total.,"135 cases recorded on the NICPR, 47 per cent","70 cases recorded on the NICPR, 33 per cent",[]
pubmedqa_wtt_batch_cache 9,target_gemma4_31b__aux_gemma4_e4b,254,9602458,Does the Child Health Computing System adequately identify children with cerebral palsy?,no,True,2,sample_age_range,other,The age range of the children included in the comparative survey.,5-9 years,16-20 years,False,no,The Child Health Computing System does not adequately identify children with cerebral palsy.,"Of the 135 cases recorded on the Northern Ireland Cerebral Palsy Register, 47 per cent were not found on the Child Health Computing System.",no,The Child Health Computing System does not adequately identify children with cerebral palsy.,"Of the 135 cases recorded on the Northern Ireland Cerebral Palsy Register, 47 per cent were not found on the Child Health Computing System.",False,True,The age range of the children included in the sample was changed from 5-9 years to 16-20 years.,aged 5-9 years,aged 16-20 years,[]
pubmedqa_wtt_batch_cache 9,target_gemma4_31b__aux_gemma4_e4b,264,11838307,Cold knife conization vs. LEEP. Are they the same procedure?,no,True,0,statistical_significance_length,statistical significance,The statistical significance (P-value) of the difference in mean length between cold knife conization and LEEP specimens.,P = .001,"P > .05 (e.g., P = .20)",True,no,Cold knife conization and LEEP are not the same procedure.,"The study prospectively compares the amount of tissue removed by these two different procedures, finding significant differences in mean length (1.5 vs 1.0 cm) and weight (4.4 vs 2.0 g).",no,Cold knife conization and LEEP are not the same procedure.,"The study prospectively compares the amount of tissue removed by loop electrosurgical excision procedure (LEEP) versus cold knife conization, reporting different mean measurements for diameter, length, and weight between the two.",False,True,"The statistical significance (P-value) for the difference in mean length between cold knife conization and LEEP specimens was changed from P = .001 to P > .05 (e.g., P = .20).",(P = .001),(P = .20),[]
pubmedqa_wtt_batch_cache 9,target_gemma4_31b__aux_gemma4_e4b,264,11838307,Cold knife conization vs. LEEP. Are they the same procedure?,no,True,1,measured_outcome_weight,measured outcome,The mean weight of the removed tissue specimens for cold knife conization versus LEEP.,4.4 vs 2.0 g,"Similar weights (e.g., 3.5 vs 3.0 g)",True,no,Cold knife conization and LEEP are not the same procedure.,"The study prospectively compares the amount of tissue removed by these two different procedures, finding significant differences in mean length (1.5 vs 1.0 cm) and weight (4.4 vs 2.0 g).",no,Cold knife conization and LEEP are not the same procedure.,"The study prospectively compares the amount of tissue removed (diameter, length, and weight) between loop electrosurgical excision procedure (LEEP) and cold knife conization, reporting different mean measurements for each.",False,True,The mean weight of the removed tissue specimens was changed from 4.4 vs 2.0 g to 3.5 vs 3.0 g.,Mean weight for cold knife cone specimens was 4.4 vs. 2.0 g for LEEP (P = .001).,Mean weight for cold knife cone specimens was 3.5 vs. 3.0 g for LEEP (P = .001).,[]
pubmedqa_wtt_batch_cache 9,target_gemma4_31b__aux_gemma4_e4b,296,10759659,The nurse cystoscopist: a feasible option?,yes,True,0,kappa_agreement,statistical significance,The measure of proportional agreement between the nurse practitioner and the consultant urologist findings.,0.94,0.65,True,yes,A trained urology nurse practitioner is a feasible option for detecting bladder tumours during flexible cystoscopy.,"The study demonstrated very close agreement (Kappa = 0.94) between the nurse practitioner and the consultant urologist, with both missing only one minute tumour among 83 patients.",yes,A trained urology nurse practitioner is a feasible option for detecting bladder tumours during flexible cystoscopy.,"The study found that both the urology nurse practitioner and the consultant urologist missed only one minute tumour each out of 26 positive cases, demonstrating moderate agreement (Kappa = 0.65).",False,True,The kappa agreement value was changed from 0.94 to 0.65. The interpretation phrase ('very close agreement') was minimally adjusted to 'moderate agreement' to maintain internal consistency with the new statistical result.,"Analysis using the chance-corrected proportional agreement (Kappa) was 0.94, indicating very close agreement.","Analysis using the chance-corrected proportional agreement (Kappa) was 0.65, indicating moderate agreement.",[]
pubmedqa_wtt_batch_cache 9,target_gemma4_31b__aux_gemma4_e4b,296,10759659,The nurse cystoscopist: a feasible option?,yes,True,1,missed_tumors_count,measured outcome,The number of tumors missed by each practitioner during the examination.,One (each),"Multiple (e.g., five or more)",True,yes,A trained urology nurse practitioner is a feasible option for detecting bladder tumours during flexible cystoscopy.,"The study demonstrated very close agreement (Kappa = 0.94) between the nurse practitioner and the consultant urologist, with both missing only one minute tumour among 83 patients.",maybe,The provided text does not explicitly state whether nurse cystoscopy is a feasible option.,"While the MeSH terms indicate this was a feasibility study, the results only report moderate disagreement between the UNP and consultant urologist and that both missed multiple tumors, without providing a definitive conclusion on feasibility.",True,True,"The number of missed tumors was changed from 'One (each)' to 'Multiple (e.g., five or more)', and the interpretation of the Kappa statistic was minimally adjusted to reflect this increased discrepancy.","One tumour was missed by the UNP and one by the urologist; each tumour was minute. Analysis using the chance-corrected proportional agreement (Kappa) was 0.94, indicating very close agreement.","Multiple tumors were missed by both the UNP and the urologist; these tumors varied in size. Analysis using the chance-corrected proportional agreement (Kappa) was significantly lower than expected, indicating moderate disagreement.",[]
pubmedqa_wtt_batch_cache 9,target_gemma4_31b__aux_gemma4_e4b,307,9550200,Does lunar position influence the time of delivery?,yes,True,0,connection_found,measured outcome,Whether a connection between delivery timing and lunar month was found.,A connection was found.,No connection was found.,True,yes,Lunar position is connected to the timing of spontaneous full-term deliveries.,"The study results explicitly state that a connection between the distribution of spontaneous full-term deliveries and the lunar month was found, particularly in multiparae and plurigravidae.",no,Lunar position does not influence the time of delivery.,The study's results explicitly state that no connection was found between the distribution of spontaneous full-term deliveries and the lunar month.,True,True,The primary finding regarding the relationship between lunar position and delivery timing was changed from 'A connection was found' to 'No connection was found.' The subsequent detailed findings were removed to maintain internal consistency with the null result.,"A connection between the distribution of spontaneous full-term deliveries and the lunar month was found. The effect of the phases of the moon seems to be particularly relevant in multiparae and plurigravidae; in these cases, the mean day of delivery corresponds to the first or second day after the full moon.",No connection between the distribution of spontaneous full-term deliveries and the lunar month was found.,[]
pubmedqa_wtt_batch_cache 9,target_gemma4_31b__aux_gemma4_e4b,307,9550200,Does lunar position influence the time of delivery?,yes,True,1,specific_parity_group,comparison group,The specific group of women (multiparae and plurigravidae) where the effect is particularly relevant.,Multiparae and plurigravidae,All parity groups,True,yes,Lunar position is connected to the timing of spontaneous full-term deliveries.,"The study results explicitly state that a connection between the distribution of spontaneous full-term deliveries and the lunar month was found, particularly in multiparae and plurigravidae.",yes,Lunar position influences the time of delivery.,"The study found a connection between the distribution of spontaneous full-term deliveries and the lunar month, specifically noting that moon phases were relevant across all parity groups.",False,True,The specific group of women (multiparae and plurigravidae) was broadened to include all parity groups.,multiparae and plurigravidae,all parity groups,[]
pubmedqa_wtt_batch_cache 9,target_gemma4_31b__aux_gemma4_e4b,307,9550200,Does lunar position influence the time of delivery?,yes,True,2,type_of_delivery,measured outcome,The specific type of delivery analyzed in the study.,Spontaneous full-term deliveries,Cesarean section deliveries,True,yes,Lunar position is connected to the timing of spontaneous full-term deliveries.,"The study results explicitly state that a connection between the distribution of spontaneous full-term deliveries and the lunar month was found, particularly in multiparae and plurigravidae.",yes,Lunar position is connected to the timing of delivery.,The study results explicitly state that a connection between the distribution of Cesarean section deliveries and the lunar month was found.,False,True,The type of delivery analyzed was changed from 'Spontaneous full-term deliveries' to 'Cesarean section deliveries'.,spontaneous deliveries; ... spontaneous full-term deliveries ... spontaneous full-term deliveries,Cesarean section deliveries; ... Cesarean section deliveries ... Cesarean section deliveries,[]
pubmedqa_wtt_batch_cache 9,target_gemma4_31b__aux_gemma4_e4b,309,11296674,Prostatic syndrome and pleural effusion: are they different diseases?,maybe,False,0,prostatic_pleural_effusion_association,other,"Whether pleural effusion can be caused by or associated with prostate neoplasms, thereby linking the two conditions.",Implied separation (Prostate is one condition; Pleural Effusion is linked to Lung Neoplasms).,"Direct causation from prostatic disease (e.g., 'Pleural effusion secondary to advanced prostatic carcinoma').",True,yes,"Yes, they are different diseases.",The abstract reports on an uncommon association between two distinct conditions: prostatic neoplasms and lung neoplasms (which is associated with pleural effusion).,yes,"Yes, they are different.","The abstract indicates that pleural effusion was secondary to advanced prostatic carcinoma, meaning one occurred as a result of the other.",False,True,"The finding in the RESULTS section was changed from discarding metastatic involvement (implying separation or co-occurrence) to stating that the pleural effusion is directly caused by advanced prostatic carcinoma, establishing a causal link.",Metastatic carcinoma of the prostate was discarded due to the form of presentation.,Pleural effusion was found to be secondary to advanced prostatic carcinoma due to local spread.,[]
pubmedqa_wtt_batch_cache 9,target_gemma4_31b__aux_gemma4_e4b,309,11296674,Prostatic syndrome and pleural effusion: are they different diseases?,maybe,False,1,primary_prostate_neoplasm_status,other,"Whether the prostate neoplasm is considered a primary, independent disease entity or merely a secondary finding/symptom in the context of other diseases.",Independent condition (The model treats it as such).,"Secondary finding/symptom (e.g., 'Prostatic findings secondary to systemic illness').",True,yes,"Yes, they are different diseases.",The abstract reports on an uncommon association between two distinct conditions: prostatic neoplasms and lung neoplasms (which is associated with pleural effusion).,maybe,The provided text does not contain information regarding prostatic syndrome or pleural effusion.,Neither 'prostatic syndrome' nor 'pleural effusion' are mentioned in the retrieved PubMed abstract context.,True,True,The interpretation of the prostate neoplasm status is changed from being treated as a potentially primary/independent condition (implied by 'discarded due to presentation form') to explicitly stating it is a secondary finding linked to the overall systemic illness.,Metastatic carcinoma of the prostate was discarded due to the form of presentation.,"Prostatic findings were interpreted as secondary manifestations related to the systemic illness, rather than representing an independent neoplasm.",[]
pubmedqa_wtt_batch_cache 9,target_gemma4_31b__aux_gemma4_e4b,329,17704864,Is laparoscopic adrenalectomy safe and effective for adrenal masses larger than 7 cm?,yes,False,0,intraoperative_complication_rate,measured outcome,The rate of intraoperative complications observed during the procedure.,16%,< 5%,True,maybe,The provided text reports outcomes for laparoscopic adrenalectomy in masses larger than 7 cm but does not explicitly state whether the procedure is safe and effective.,"While the abstract provides data on operative time, blood loss, a 16% intraoperative complication rate, and three conversions to open surgery, it does not offer a definitive conclusion regarding safety and effectiveness.",yes,"Laparoscopic adrenalectomy for adrenal masses larger than 7 cm is safe and effective, as evidenced by a low intraoperative complication rate.","In a study of 18 patients with lesions larger than 7 cm (mean size 8.3 cm), the intraoperative complication rate was less than 5% and mean blood loss was 182 mL, although three cases required conversion to open surgery.",True,True,The numerical value reported for the rate of intraoperative complications was changed from 16% to < 5%.,the rate of intraoperative complications was 16%,the rate of intraoperative complications was < 5%,[]
pubmedqa_wtt_batch_cache 9,target_gemma4_31b__aux_gemma4_e4b,329,17704864,Is laparoscopic adrenalectomy safe and effective for adrenal masses larger than 7 cm?,yes,False,1,study_design,study design,The methodology used to collect the data (retrospective vs. prospective/RCT).,Retrospective,Randomized Controlled Trial,False,maybe,The provided text reports outcomes for laparoscopic adrenalectomy in masses larger than 7 cm but does not explicitly state whether the procedure is safe and effective.,"While the abstract provides data on operative time, blood loss, a 16% intraoperative complication rate, and three conversions to open surgery, it does not offer a definitive conclusion regarding safety and effectiveness.",maybe,The provided text reports outcomes for laparoscopic adrenalectomy in masses larger than 7 cm but does not explicitly conclude if the procedure is safe and effective.,"The abstract provides data on operative time, blood loss, a 16% intraoperative complication rate, and three conversions to open surgery, but it lacks a final conclusion regarding overall safety and effectiveness.",False,True,"The study design was changed from 'Retrospective' (observational) to 'Randomized Controlled Trial' (RCT), requiring minimal edits to the background and methods sections to reflect a prospective, randomized methodology.","Our aim was to evaluate, retrospectively, the outcome of LA for adrenal lesions larger than 7 cm. [PATIENTS AND METHODS] 18 consecutive laparoscopic adrenalectomies were performed from 1996 to 2005 on patients with adrenal lesions larger than 7 cm.","Our aim was to evaluate the outcome of LA for adrenal lesions larger than 7 cm using a Randomized Controlled Trial design. [PATIENTS AND METHODS] Patients with adrenal lesions larger than 7 cm were enrolled in this randomized controlled trial, and laparoscopic adrenalectomies were performed on participants according to established protocols.",[]
pubmedqa_wtt_batch_cache 9,target_gemma4_31b__aux_gemma4_e4b,329,17704864,Is laparoscopic adrenalectomy safe and effective for adrenal masses larger than 7 cm?,yes,False,2,adrenal_mass_size_threshold,other,The minimum size of the adrenal mass being treated.,Larger than 7 cm,Smaller than 6 cm,False,maybe,The provided text reports outcomes for laparoscopic adrenalectomy in masses larger than 7 cm but does not explicitly state whether the procedure is safe and effective.,"While the abstract provides data on operative time, blood loss, a 16% intraoperative complication rate, and three conversions to open surgery, it does not offer a definitive conclusion regarding safety and effectiveness.",maybe,The provided text does not contain information regarding the safety and effectiveness of laparoscopic adrenalectomy for masses larger than 7 cm.,The abstract explicitly states that the role of laparoscopic adrenalectomy for large-volume masses (more than 6 cm) has not been well defined and only provides results for lesions smaller than 6 cm.,False,True,"The minimum size of the adrenal mass being treated was changed from 'Larger than 7 cm' to 'Smaller than 6 cm'. Consequently, the mean tumor size and range in the [RESULTS] section were adjusted from 8.3 cm (range 7-13 cm) to 4.5 cm (range 2-5.9 cm) to maintain internal consistency with the new target population.",larger than 7 cm,smaller than 6 cm,[]
pubmedqa_wtt_batch_cache 9,target_gemma4_31b__aux_gemma4_e4b,332,26399179,Eyelid-parotid metastasis: do we screen for coexisting masses?,yes,False,0,frequency_of_metastasis,measured outcome,The reported likelihood or frequency of metastasis occurring between the eyelid and parotid gland.,not unusual,rare,True,maybe,The provided text does not explicitly state whether screening for coexisting masses is performed.,"While the abstract reports three cases illustrating that metastasis between a primary eyelid tumour and the parotid gland is 'not unusual,' it contains no mention of clinical screening protocols or recommendations.",maybe,The provided text does not explicitly state whether screening for coexisting masses is practiced.,"While the abstract reports three cases of metastasis between the eyelid and parotid gland, it does not mention clinical guidelines or protocols regarding screening.",False,True,The reported likelihood of metastasis between the eyelid and parotid gland was changed from 'not unusual' to 'rare'.,not unusual,rare,[]
pubmedqa_wtt_batch_cache 9,target_gemma4_31b__aux_gemma4_e4b,332,26399179,Eyelid-parotid metastasis: do we screen for coexisting masses?,yes,False,1,tumor_malignancy,disease or condition,"The nature of the primary tumors (e.g., malignant vs. benign).",malignant parotid tumours / eyelid lesions,benign tumors,False,maybe,The provided text does not explicitly state whether screening for coexisting masses is performed.,"While the abstract reports three cases illustrating that metastasis between a primary eyelid tumour and the parotid gland is 'not unusual,' it contains no mention of clinical screening protocols or recommendations.",maybe,The provided text does not explicitly state whether screening for coexisting masses is performed.,"While the abstract reports that metastasis between the eyelid and parotid gland is 'not unusual,' it describes specific case reports rather than establishing or mentioning a general screening protocol.",False,True,The nature of the primary tumor was changed from malignant to benign.,malignant parotid tumours,benign parotid tumors,[]
pubmedqa_wtt_batch_cache 9,target_gemma4_31b__aux_gemma4_e4b,332,26399179,Eyelid-parotid metastasis: do we screen for coexisting masses?,yes,False,2,evidence_type,study design,The type of evidence presented (case reports vs. systematic review/guidelines).,Case Reports,Systematic Review or Clinical Guidelines,True,maybe,The provided text does not explicitly state whether screening for coexisting masses is performed.,"While the abstract reports three cases illustrating that metastasis between a primary eyelid tumour and the parotid gland is 'not unusual,' it contains no mention of clinical screening protocols or recommendations.",maybe,"The provided text does not explicitly state whether screening is performed, although it notes that coexisting masses require careful differentiation.","The abstract mentions that patients with parotid tumours may present with eyelid lesions and that cases involving both sites require histological and immunocytochemical differentiation to distinguish between primary origin and metastasis, but it does not specify a proactive screening protocol.",False,True,"The evidence type was changed from 'Case Reports' (describing specific patient anecdotes) to 'Systematic Review' (summarizing general findings from the literature). The content of the body section was generalized from describing three individual patients to summarizing clinical data and established patterns found in multiple studies, while retaining all core medical facts regarding parotid/eyelid metastasis and diagnostic methods.",[CASE REPORTS] Two patients with malignant parotid tumours underwent radical parotidectomy and presented subsequently with eyelid lesions. Biopsy showed that both eyelid lesions were histologically similar to the primary parotid tumour. A third patient was noted to have ipsilateral upper eyelid and parotid gland tumours. Histology and immunocytochemistry were used to differentiate the primary tumour and the metastasis.,"[SYSTEMATIC REVIEW]
Multiple studies have documented instances where malignant parotid tumours or primary eyelid lesions metastasize to the opposite site. Clinical data show that patients undergoing radical parotidectomy may present with subsequent eyelid lesions, which are histologically similar to the primary tumour. Furthermore, cases involving ipsilateral upper eyelid and parotid gland tumours require careful differentiation using histology and immunocytochemistry to distinguish between primary origin and metastasis.",[]
pubmedqa_wtt_batch_cache 9,target_gemma4_31b__aux_gemma4_e4b,355,25371231,Is vitamin D insufficiency or deficiency related to the development of osteochondritis dissecans?,maybe,False,0,prevalence_of_vitamin_d_deficiency,numerical size,The proportion of patients in the study who exhibited vitamin D3 deficiency or insufficiency.,Majority (18/23) had distinct deficiency; 2 were insufficient.,"Only a small minority (e.g., 3/23) showed deficiency or insufficiency.",True,yes,Vitamin D insufficiency or deficiency is related to the development of osteochondritis dissecans.,"In a prospective pilot study of 23 patients with OCD lesions, the majority (18/23) had a distinct vitamin D3 deficiency and two were vitamin D3-insufficient.",no,Vitamin D insufficiency or deficiency does not appear to be a common contributing factor in the development of osteochondritis dissecans.,The study found that only a small minority of patients (3 out of 23) with OCD lesions showed vitamin D deficiency or insufficiency.,True,True,"The prevalence of vitamin D deficiency was changed from majority (18/23) to a small minority (e.g., 3/23).","In the majority of patients (18/23), a distinct vitamin D3 deficiency was found, two patients were vitamin D3-insufficient and, in three patients, the vitamin D3 level reached the lowest normal value.","Only a small minority of patients (e.g., 3/23) showed deficiency or insufficiency.",[]
pubmedqa_wtt_batch_cache 9,target_gemma4_31b__aux_gemma4_e4b,355,25371231,Is vitamin D insufficiency or deficiency related to the development of osteochondritis dissecans?,maybe,False,1,study_design,study design,The type of study conducted to analyze the association between vitamin D levels and OCD lesions.,Prospective pilot study,Randomized controlled trial (RCT),True,yes,Vitamin D insufficiency or deficiency is related to the development of osteochondritis dissecans.,"In a prospective pilot study of 23 patients with OCD lesions, the majority (18/23) had a distinct vitamin D3 deficiency and two were vitamin D3-insufficient.",yes,Vitamin D insufficiency or deficiency is related to the development of osteochondritis dissecans.,"The study found that in a group of 23 patients with OCD lesions, 18 had distinct vitamin D3 deficiency and two were vitamin D3-insufficient.",False,True,"The study design was changed from 'prospective pilot study' to 'randomized controlled trial (RCT)' in the Purpose section. Correspondingly, the MeSH terms were updated to reflect this change (replacing 'Pilot Projects' and 'Prospective Studies' with 'Randomized Controlled Trials' and 'RCTs').","The aim of this prospective pilot study was to analyse whether vitamin D insufficiency, or deficiency, might be a contributing etiological factor in the development of an OCD lesion.
MeSH terms: Adolescent, Adult, Aged, Child, Female, Humans, Male, Middle Aged, Osteochondritis Dissecans, Pilot Projects, Prospective Studies, Vitamin D Deficiency, Young Adult","The aim of this randomized controlled trial (RCT) was to analyse whether vitamin D insufficiency, or deficiency, might be a contributing etiological factor in the development of an OCD lesion.
MeSH terms: Adolescent, Adult, Aged, Child, Female, Humans, Male, Middle Aged, Osteochondritis Dissecans, Randomized Controlled Trials, RCTs, Vitamin D Deficiency, Young Adult",[]
pubmedqa_wtt_batch_cache 9,target_gemma4_31b__aux_gemma4_e4b,389,24964725,"Recovery Outcome Measures: Is There a Place for Culture, Attitudes, and Faith?",yes,True,0,findings_status,measured outcome,"Whether the relationship between attitudes, faith, and culture is merely questioned or definitively established.",Raised questions regarding links (suggesting relevance),Found no significant link / proved irrelevant to recovery outcomes,True,yes,"Yes, there is a place for culture, attitudes, and faith in recovery outcome measures.","The abstract states that the use of the Recovery Knowledge Inventory (RKI) and Recovery Attitudes Questionnaire (RAQ) raised questions regarding links between attitudes, faith, and culture in supporting the recovery journey.",no,"No, there was no significant link found between attitudes, faith, and culture in supporting the recovery journey.",The abstract states that utilization of the Recovery Knowledge Inventory (RKI) and Recovery Attitudes Questionnaire (RAQ) found no significant link between these factors.,True,True,"The finding status was changed from suggesting that there were questions regarding the links between attitudes, faith, and culture to stating that no significant link was found.","raised questions about the RAQ, including links between attitudes, faith, and culture in supporting the recovery journey.","found no significant link between attitudes, faith, and culture in supporting the recovery journey.",[]
pubmedqa_wtt_batch_cache 9,target_gemma4_31b__aux_gemma4_e4b,389,24964725,"Recovery Outcome Measures: Is There a Place for Culture, Attitudes, and Faith?",yes,True,1,societal_context,other,The type of society or community where the people with mental illness live.,Secular multicultural societies,"Homogeneous, low-diversity communities",False,yes,"Yes, there is a place for culture, attitudes, and faith in recovery outcome measures.","The abstract states that the use of the Recovery Knowledge Inventory (RKI) and Recovery Attitudes Questionnaire (RAQ) raised questions regarding links between attitudes, faith, and culture in supporting the recovery journey.",yes,"Yes, there is a place for culture, attitudes, and faith in recovery outcome measures.","The text states that utilizing the Recovery Attitudes Questionnaire (RAQ) raised questions regarding links between attitudes, faith, and culture in supporting the recovery journey.",False,True,"The societal context where individuals with mental illness reside was changed from 'Secular multicultural societies' to 'Homogeneous, low-diversity communities'.",secular multicultural societies,"homogeneous, low-diversity communities",[]
pubmedqa_wtt_batch_cache 9,target_gemma4_31b__aux_gemma4_e4b,397,16776337,Pituitary apoplexy: do histological features influence the clinical presentation and outcome?,yes,False,0,study_results_availability,other,Whether the study abstract provides actual results or conclusions regarding the influence of histology.,Not provided (only objective and methods are described).,"Provided (e.g., 'Hemorrhagic infarction significantly increased mortality').",True,maybe,The provided text does not state whether histological features influence clinical presentation and outcome.,"The abstract describes the objective and methods of a study performed to ascertain if histopathological features influence these factors, but it does not provide the results or conclusions of that analysis.",yes,Histological features influence the outcome of pituitary apoplexy.,"The study found that patients with hemorrhagic infarction and/or frank hemorrhage had significantly worse outcomes, including a higher mortality rate (37%) compared to those with infarction alone (12%).",True,True,"Added a [RESULTS] section providing specific quantitative findings that demonstrate a correlation between histological features (hemorrhagic vs. pure infarction) and outcome/mortality, changing the study's reported availability from 'Not provided' to 'Provided'.","None (The abstract only contained Objective and Methods sections, implying no results were available).","[RESULTS] Patients with hemorrhagic infarction and/or frank hemorrhage had significantly worse outcomes compared to those with infarction alone. Specifically, the mortality rate was 37% in the hemorrhagic group versus 12% in the infarction-alone group (p < 0.05).",[]
pubmedqa_wtt_batch_cache 9,target_gemma4_31b__aux_gemma4_e4b,397,16776337,Pituitary apoplexy: do histological features influence the clinical presentation and outcome?,yes,False,1,measured_outcome,measured outcome,The specific finding regarding the influence of histological features on patient outcome.,Unknown (only that it was compared).,"Yes, hemorrhagic infarction significantly worsens long-term prognosis.",False,maybe,The provided text does not state whether histological features influence clinical presentation and outcome.,"The abstract describes the objective and methods of a study performed to ascertain if histopathological features influence these factors, but it does not provide the results or conclusions of that analysis.",yes,"Yes, histological features influence the outcome of pituitary apoplexy.",The study found that hemorrhagic infarction significantly worsens the long-term prognosis compared to infarction alone.,True,True,"The abstract was modified to include a definitive finding regarding the influence of histological features on patient outcome. The original text only stated that the outcomes were compared, while the counterfactual context explicitly states that hemorrhagic infarction significantly worsens long-term prognosis.","The presenting symptoms, clinical features, endocrinological status, and outcome were compared between the two groups.",Analysis demonstrated that hemorrhagic infarction significantly worsens long-term prognosis.,[]
pubmedqa_wtt_batch_cache 9,target_gemma4_31b__aux_gemma4_e4b,466,23375036,An HIV1/2 point of care test on sputum for screening TB/HIV co-infection in Central India - Will it work?,yes,True,0,sensitivity_rate,measured outcome,The percentage of true positive results achieved by the OraQuick® HIV-1/2 Assay.,90%,50%,True,yes,"Yes, the OraQuick® HIV-1/2 Assay in sputum is a valid tool for HIV surveillance among TB patients.",The study demonstrated that the assay had 90% sensitivity and 100% specificity compared to serum ELISA.,no,The OraQuick® HIV-1/2 Assay in sputum is not an effective screening tool due to its low sensitivity.,"While the assay demonstrated 100% specificity, it only had a 50% sensitivity (5/10) compared to serum ELISA, meaning it failed to detect half of the HIV-positive cases.",True,True,The reported sensitivity rate of the OraQuick® HIV-1/2 Assay was changed from 90% to 50%. The supporting fraction for this measurement was adjusted accordingly from (9/10) to (5/10).,90% sensitivity (9/10),50% sensitivity (5/10),[]
pubmedqa_wtt_batch_cache 9,target_gemma4_31b__aux_gemma4_e4b,466,23375036,An HIV1/2 point of care test on sputum for screening TB/HIV co-infection in Central India - Will it work?,yes,True,1,specificity_rate,measured outcome,The percentage of true negative results achieved by the OraQuick® HIV-1/2 Assay.,100%,85%,True,yes,"Yes, the OraQuick® HIV-1/2 Assay in sputum is a valid tool for HIV surveillance among TB patients.",The study demonstrated that the assay had 90% sensitivity and 100% specificity compared to serum ELISA.,yes,"Yes, the OraQuick® HIV-1/2 Assay in sputum is a valid tool for HIV surveillance among TB patients.","The study reported that compared to serum ELISA, the assay in sputum specimens had 90% sensitivity, 85% specificity, a positive predictive value of 100%, and a negative predictive value of 99.68%.",False,True,"The reported specificity rate was changed from 100% to 85%. To maintain internal consistency, the numerator of the ratio (True Negatives) was adjusted from 307 to 261, while keeping the denominator (Total Negative Samples) at 307.",and 100% specificity (307/307),and 85% specificity (261/307),[]
pubmedqa_wtt_batch_cache 9,target_gemma4_31b__aux_gemma4_e4b,466,23375036,An HIV1/2 point of care test on sputum for screening TB/HIV co-infection in Central India - Will it work?,yes,True,2,reference_assay,other,The established assay used to compare the results of the OraQuick® HIV-1/2 Assay.,serum ELISA,Western Blot,True,yes,"Yes, the OraQuick® HIV-1/2 Assay in sputum is a valid tool for HIV surveillance among TB patients.",The study demonstrated that the assay had 90% sensitivity and 100% specificity compared to serum ELISA.,yes,"Yes, an HIV-1/2 point of care test on sputum is a valid tool for screening TB/HIV co-infection.",The study found that the OraQuick® HIV-1/2 Assay in sputum specimens demonstrated 90% sensitivity and 100% specificity compared to Western Blot among patients diagnosed with tuberculosis in India.,False,True,The reference assay used for comparison was changed from serum ELISA to Western Blot.,serum ELISA,Western Blot,[]
pubmedqa_wtt_batch_cache 9,target_gemma4_31b__aux_gemma4_e4b,469,27136599,Is it safe to perform rectal anastomosis in gynaecological debulking surgery without a diverting stoma?,yes,False,0,outcome_data_reported,measured outcome,"Whether the results section reports actual patient outcomes (e.g., complication rates or leakage incidence).",Not reported (only procedure counts are listed),"Reported (e.g., Leakage rate was 5%)",True,maybe,The provided text does not contain information to determine if performing rectal anastomosis without a diverting stoma is safe.,"While the study's primary outcome was anastomotic leakage in the presence or absence of a diverting stoma, the results section only lists the number and types of procedures performed and does not report the actual outcomes or safety findings.",maybe,The provided text does not explicitly state whether it is safe to perform rectal anastomosis without a diverting stoma.,"While the abstract reports a low overall anastomotic leakage rate of 4.6% among 43 procedures, it does not provide a comparative analysis or a definitive conclusion regarding safety in patients with versus without a diverting stoma.",False,True,"The [RESULTS] section was modified to include the specific measured outcome of anastomotic leakage rate (2 patients, 4.6%), changing the reporting from only procedural counts to actual patient outcomes.","[RESULTS] In the period of study, 43 major colorectal procedures were performed on 37 women. The most common colorectal procedure was low rectal resection (n = 22; 59%) followed by anterior rectal resection (n = 7; 19%) and sigmoid resection (n = 4; 11%). Five (14%) patients underwent Hartmann's procedure. In three (8%) patients, a diverting loop ileostomy was created.","[RESULTS] In the period of study, 43 major colorectal procedures were performed on 37 women. Anastomotic leakage occurred in 2 patients (4.6%). The most common colorectal procedure was low rectal resection (n = 22; 59%) followed by anterior rectal resection (n = 7; 19%) and sigmoid resection (n = 4; 11%). Five (14%) patients underwent Hartmann's procedure. In three (8%) patients, a diverting loop ileostomy was created.",[]
pubmedqa_wtt_batch_cache 9,target_gemma4_31b__aux_gemma4_e4b,469,27136599,Is it safe to perform rectal anastomosis in gynaecological debulking surgery without a diverting stoma?,yes,False,1,primary_outcome_measure,measured outcome,The specific complication measured as the primary endpoint of the study.,Anastomotic leakage in presence or absence of a diverting stoma,Overall survival rate,True,maybe,The provided text does not contain information to determine if performing rectal anastomosis without a diverting stoma is safe.,"While the study's primary outcome was anastomotic leakage in the presence or absence of a diverting stoma, the results section only lists the number and types of procedures performed and does not report the actual outcomes or safety findings.",maybe,The provided text does not contain information to determine if performing rectal anastomosis without a diverting stoma is safe.,"While the abstract mentions that complications were secondary outcome parameters and lists the types of procedures performed, it does not provide the results or conclusions regarding the safety of anastomosis with or without a diverting stoma.",False,True,The primary outcome measure was changed from 'anastomotic leakage in presence or absence of a diverting stoma' to 'overall survival rate'.,The primary outcome was anastomotic leakage in the presence or absence of a diverting stoma.,The primary outcome was overall survival rate.,[]
pubmedqa_wtt_batch_cache 9,target_gemma4_31b__aux_gemma4_e4b,469,27136599,Is it safe to perform rectal anastomosis in gynaecological debulking surgery without a diverting stoma?,yes,False,2,gynaecological_cancer_procedures,disease or condition,The specific type of cancer or procedure being studied.,Gynaecological cancer procedures / colorectal resection,Colorectal cancer only,True,maybe,The provided text does not contain information to determine if performing rectal anastomosis without a diverting stoma is safe.,"While the study's primary outcome was anastomotic leakage in the presence or absence of a diverting stoma, the results section only lists the number and types of procedures performed and does not report the actual outcomes or safety findings.",maybe,The provided text does not state whether it is safe to perform rectal anastomosis without a diverting stoma.,"While the study's primary outcome was anastomotic leakage in the presence or absence of a diverting stoma, the results section only lists the types and number of procedures performed, not the actual outcomes or safety findings.",False,True,The scope of the study was narrowed from general gynaecological cancer procedures to focus exclusively on colorectal cancer.,gynaecological cancer procedures,colorectal cancer procedures,[]
pubmedqa_wtt_batch_cache 9,target_gemma4_31b__aux_gemma4_e4b,484,24614789,Is lumbar drainage of postoperative cerebrospinal fluid fistula after spine surgery effective?,yes,True,0,healing_outcome,measured outcome,The rate and speed at which the wound heals after treatment.,All patients healed their wound properly; CSF drainage group cured in a mean period of 10 days.,"Some patients did not heal properly, or the cure time was significantly longer than 10 days.",True,yes,Lumbar drainage is effective for treating postoperative cerebrospinal fluid fistulas after spine surgery.,"The abstract reports that all patients treated with CSF drainage healed their wounds properly, with a mean cure period of 10 days.",maybe,The effectiveness of lumbar drainage is unclear as the text notes both cure times and instances where patients did not heal properly.,"The abstract states that patients treated with CSF drainage had cure times significantly longer than 10 days, but it also mentions that some patients did not heal properly and adverse events were recorded.",True,True,The healing outcome was changed from 'All patients healed their wound properly' to reflect complications and prolonged recovery time for the CSF drainage group.,"All patients healed their wound properly and no adverse events were recorded. Patients treated conservatively were cured in a mean period of 30 days, while patients treated with CSF drainage were cured in a mean period of 10 days.","Some patients did not heal properly, and some adverse events were recorded. Patients treated conservatively were cured in a mean period of 30 days, while patients treated with CSF drainage had cure times that were significantly longer than 10 days.",[]
pubmedqa_wtt_batch_cache 9,target_gemma4_31b__aux_gemma4_e4b,484,24614789,Is lumbar drainage of postoperative cerebrospinal fluid fistula after spine surgery effective?,yes,True,1,adverse_event_status,measured outcome,Whether any complications or adverse events were recorded during the study period.,No adverse events were recorded.,"Several adverse events (e.g., infection, delayed healing) were recorded.",False,yes,Lumbar drainage is effective for treating postoperative cerebrospinal fluid fistulas after spine surgery.,"The abstract reports that all patients treated with CSF drainage healed their wounds properly, with a mean cure period of 10 days.",yes,Lumbar drainage is effective for treating postoperative cerebrospinal fluid fistulas after spine surgery.,"The results indicate that all patients treated with CSF lumbar drainage healed their wounds properly, with a mean cure period of 10 days.",False,True,"The status of adverse events was changed from 'No adverse events were recorded' to 'Several adverse events (e.g., infection, delayed healing) were recorded'.",and no adverse events were recorded.,"and several adverse events (e.g., infection, delayed healing) were recorded.",[]
pubmedqa_wtt_batch_cache 9,target_gemma4_31b__aux_gemma4_e4b,507,15388567,Are sports medicine journals relevant and applicable to practitioners and athletes?,no,True,0,research_focus_area,other,"The primary topic of the published articles, specifically whether they address injury treatment or general sports science.",Sports science (with very few studies related to the treatment of injuries and medical conditions),Injury treatment and medical conditions,True,no,Sports medicine journals appear to have limited relevance and applicability to practitioners and athletes.,"The results indicate that most research focuses on sports science using healthy sedentary populations, with very few studies addressing the treatment of injuries or involving injured participants.",maybe,"The provided text does not definitively state if they are relevant and applicable, but notes a discrepancy in study populations.","While the objective was to assess relevance and applicability, the results indicate that most studies used healthy subjects from sedentary populations rather than injured participants.",True,True,"Changed the primary research focus area from 'Sports science (with very few studies related to the treatment of injuries and medical conditions)' to 'Injury treatment and medical conditions', adjusting the frequency description ('very few' to 'many') for internal consistency.","The most common topic was sports science, and very few studies related to the treatment of injuries and medical conditions.","The most common topic was injury treatment and medical conditions, and many studies addressed the management of injuries and medical conditions.",[]
pubmedqa_wtt_batch_cache 9,target_gemma4_31b__aux_gemma4_e4b,507,15388567,Are sports medicine journals relevant and applicable to practitioners and athletes?,no,True,1,study_population_status,comparison group,The health status of the subjects studied in the published articles.,Healthy subjects sampled from the sedentary population (few studies on injured participants),Injured participants or patients with specific medical conditions,True,no,Sports medicine journals appear to have limited relevance and applicability to practitioners and athletes.,"The results indicate that most research focuses on sports science using healthy sedentary populations, with very few studies addressing the treatment of injuries or involving injured participants.",maybe,The provided text does not explicitly conclude whether these journals are relevant and applicable to practitioners and athletes.,"While the objective was to assess relevance and applicability, the results only specify that sports science was the most common topic and very few studies related to the treatment of injuries and medical conditions.",True,True,Changed the primary study population status from 'healthy subjects sampled from the sedentary population' to 'injured participants or patients with specific medical conditions'.,"The majority of published articles used healthy subjects sampled from the sedentary population, and few studies have been carried out on injured participants.",The majority of published articles focused on injured participants or patients with specific medical conditions.,[]
pubmedqa_wtt_batch_cache 9,target_gemma4_31b__aux_gemma4_e4b,517,25747932,Living in an urban environment and non-communicable disease risk in Thailand: Does timing matter?,yes,True,0,early_life_urban_exposure,comparison group,Exposure to an urban environment during early life.,Associated with increases in all behavioral and physiological risk factors.,Not associated with increases in behavioral or physiological risk factors.,True,yes,"Yes, the timing of urban exposure is associated with non-communicable disease risk factors in Thailand.",The study found that early-life urban exposure (timing) was independently associated with increases in all behavioral and physiological risk factors.,yes,"Yes, timing matters as different measures of urban exposure showed different associations with NCD risk factors.","The study found that while early-life urban exposure was not associated with behavioral or physiological risk factors, the proportion of urban life years was, and early-life urban residence may increase susceptibility to biological risk factors associated with total urban life duration.",False,True,"The finding regarding early-life urban exposure was changed from being 'associated with increases' to 'not associated with increases,' requiring a structural edit to contrast this new finding with the remaining measure (proportion of urban life years).",Both measures of urbanicity were each independently associated with increases in all behavioral and physiological risk factors.,"Early-life urban exposure was not associated with increases in behavioral or physiological risk factors, while the proportion of urban life years remained associated with increases in all behavioral and physiological risk factors.",[]
pubmedqa_wtt_batch_cache 9,target_gemma4_31b__aux_gemma4_e4b,517,25747932,Living in an urban environment and non-communicable disease risk in Thailand: Does timing matter?,yes,True,1,proportion_of_urban_life_years,comparison group,The proportion of life years spent in an urban environment.,Associated with increases in behavioral and physiological risk factors.,Not associated with increases in behavioral or physiological risk factors.,False,yes,"Yes, the timing of urban exposure is associated with non-communicable disease risk factors in Thailand.",The study found that early-life urban exposure (timing) was independently associated with increases in all behavioral and physiological risk factors.,yes,Timing matters for some biological non-communicable disease risk factors in Thailand.,The results indicate that individuals who spent their early life in an urban area may be more susceptible to the effects of increasing proportion of urban life years regarding some biological risk factors.,False,True,The finding regarding the association between both measures of urbanicity (specifically proportion of urban life years) and NCD risk factors was changed from 'associated with increases' to 'not associated with increases'.,Both measures of urbanicity were each independently associated with increases in all behavioral and physiological risk factors.,Both measures of urbanicity were each independently not associated with increases in all behavioral and physiological risk factors.,[]
pubmedqa_wtt_batch_cache 9,target_gemma4_31b__aux_gemma4_e4b,517,25747932,Living in an urban environment and non-communicable disease risk in Thailand: Does timing matter?,yes,True,2,behavioral_and_physiological_risk_factors,measured outcome,The specific groups of health risks measured (behavioral and physiological).,Increased risk factors associated with urban exposure timing.,No association between urban exposure timing and these risk factors.,True,yes,"Yes, the timing of urban exposure is associated with non-communicable disease risk factors in Thailand.",The study found that early-life urban exposure (timing) was independently associated with increases in all behavioral and physiological risk factors.,maybe,"Timing may matter for some biological risk factors, although it was not independently associated with behavioral or physiological risk factors.","The abstract states that neither measure of urbanicity (early-life exposure or proportion of urban life years) was independently associated with behavioral or physiological risk factors, but notes that those spending early life in urban areas may be more susceptible to the effects of increasing urban life years for some biological risk factors.",True,True,The finding regarding the association between urban exposure timing (behavioral/physiological risk factors) was changed from a positive association ('associated with increases') to no association ('was not associated').,Both measures of urbanicity were each independently associated with increases in all behavioral and physiological risk factors.,Neither measure of urbanicity was independently associated with changes in any behavioral or physiological risk factors.,[]
pubmedqa_wtt_batch_cache 9,target_gpt_oss_20b__aux_gemma4_e4b,230,12612531,Fragility of the esophageal mucosa: a pathognomonic endoscopic sign of primary eosinophilic esophagitis?,yes,False,0,number_of_patients,numerical size,The sample size used in the observation of the fragile mucosa.,Five men,Dozens of patients,False,maybe,"The abstract suggests fragile esophageal mucosa may be a characteristic, but does not confirm it as definitively pathognomonic.","The authors describe the fragile, crêpe‑paper mucosa observed in all five patients and note it could be a pathognomonic sign, yet they do not assert it is definitive for eosinophilic esophagitis.",maybe,"The abstract suggests fragile esophageal mucosa may be a characteristic, but does not confirm it as definitively pathognomonic.","The authors describe the fragile, crêpe‑paper mucosa observed in all patients and note it could be a pathognomonic sign, yet they do not assert it is definitive for diagnosis.",False,True,The sample size used in the observation was changed from 'Five men' to 'Dozens of patients'.,Five men,Dozens of patients,[]
pubmedqa_wtt_batch_cache 9,target_gpt_oss_20b__aux_gemma4_e4b,230,12612531,Fragility of the esophageal mucosa: a pathognomonic endoscopic sign of primary eosinophilic esophagitis?,yes,False,1,mucosal_fragility_description,other,The physical description of the esophageal mucosa observed during endoscopy.,"Extremely fragile, inelastic, and delicate (tears easily)",Robust and resilient to minor trauma,True,maybe,"The abstract suggests fragile esophageal mucosa may be a characteristic, but does not confirm it as definitively pathognomonic.","The authors describe the fragile, crêpe‑paper mucosa observed in all five patients and note it could be a pathognomonic sign, yet they do not assert it is definitive for eosinophilic esophagitis.",maybe,"The abstract suggests fragile, crêpe‑paper mucosa may be a characteristic sign of eosinophilic esophagitis, but it is not definitively proven as pathognomonic.","The authors describe the fragile mucosa as a possibly pathognomonic endoscopic feature, yet their observations note robust mucosa and lack definitive confirmation.",False,True,"The physical description of the esophageal mucosa in the [OBSERVATIONS] section was changed from 'extremely fragile, inelastic, and delicate (tears easily)' to 'robust and resilient to minor trauma'.","All patients had extremely fragile, inelastic, and delicate mucosa, which tore easily even with minor trauma.",All patients had robust and resilient mucosa that resisted minor trauma.,[]
pubmedqa_wtt_batch_cache 9,target_gpt_oss_20b__aux_gemma4_e4b,230,12612531,Fragility of the esophageal mucosa: a pathognomonic endoscopic sign of primary eosinophilic esophagitis?,yes,False,2,pathognomonic_status_confirmation,other,Whether the authors definitively confirm that the observed mucosal fragility is pathognomonic for EoE.,Not definitively asserted by authors (Implied uncertainty),Confirmed as definitive by authors,True,maybe,"The abstract suggests fragile esophageal mucosa may be a characteristic, but does not confirm it as definitively pathognomonic.","The authors describe the fragile, crêpe‑paper mucosa observed in all five patients and note it could be a pathognomonic sign, yet they do not assert it is definitive for eosinophilic esophagitis.",yes,"Yes, the abstract identifies fragile esophageal mucosa as a definitive pathognomonic endoscopic sign of primary eosinophilic esophagitis.","The authors report that all five patients exhibited extremely fragile, inelastic mucosa that tore easily, and they explicitly describe this feature as a definitively pathognomonic sign.",True,True,The abstract was changed to assert that the fragile esophageal mucosa is definitively (rather than possibly) a pathognomonic sign of EoE.,a possibly pathognomonic sign:,a definitively pathognomonic sign:,[]
pubmedqa_wtt_batch_cache 9,target_gpt_oss_20b__aux_gemma4_e4b,254,9602458,Does the Child Health Computing System adequately identify children with cerebral palsy?,no,True,0,nicpr_to_chcs_missing_percentage,measured outcome,The percentage of children recorded in the Northern Ireland Cerebral Palsy Register (NICPR) that were not found on the Child Health Computing System (CHCS).,47%,< 5%,True,no,"No, the CHCS fails to capture a substantial proportion of children with cerebral palsy.","The study found that 47% of cases recorded in the Northern Ireland Cerebral Palsy Register were not present in the Child Health Computing System, indicating significant under‑identification.",yes,"Yes, the Child Health Computing System captures most children with cerebral palsy.","The study found that less than 5% of cases recorded in the Northern Ireland Cerebral Palsy Register were missing from the CHCS, indicating high sensitivity for identifying CP patients.",True,True,The percentage of children recorded in the NICPR that were not found on the CHCS was changed from 47% to < 5%.,47 per cent,less than 5 per cent,[]
pubmedqa_wtt_batch_cache 9,target_gpt_oss_20b__aux_gemma4_e4b,254,9602458,Does the Child Health Computing System adequately identify children with cerebral palsy?,no,True,1,nicpr_total_cases,numerical size,The total number of cases recorded on the Northern Ireland Cerebral Palsy Register (NICPR) used in the comparison.,135,500,False,no,"No, the CHCS fails to capture a substantial proportion of children with cerebral palsy.","The study found that 47% of cases recorded in the Northern Ireland Cerebral Palsy Register were not present in the Child Health Computing System, indicating significant under‑identification.",no,"No, the CHCS does not adequately identify children with cerebral palsy.","The study found that 47% of children recorded in the Northern Ireland Cerebral Palsy Register were missing from the CHCS and that some CHCS entries were false positives, indicating substantial under‑identification.",False,True,The total number of cases recorded on the NICPR was increased from 135 to 500.,135,500,[]
pubmedqa_wtt_batch_cache 9,target_gpt_oss_20b__aux_gemma4_e4b,254,9602458,Does the Child Health Computing System adequately identify children with cerebral palsy?,no,True,2,study_age_range,other,The age group of children included in the comparative survey.,5-9 years,All ages,False,no,"No, the CHCS fails to capture a substantial proportion of children with cerebral palsy.","The study found that 47% of cases recorded in the Northern Ireland Cerebral Palsy Register were not present in the Child Health Computing System, indicating significant under‑identification.",no,"No, the CHCS does not adequately identify children with cerebral palsy.","Nearly half of the cases recorded in the reference register (NICPR) were absent from the CHCS, and some CHCS entries were later found to be false positives.",False,True,The study age range was changed from '5-9 years' to 'All ages'.,aged 5-9 years,across all ages,[]
pubmedqa_wtt_batch_cache 9,target_gpt_oss_20b__aux_gemma4_e4b,264,11838307,Cold knife conization vs. LEEP. Are they the same procedure?,no,True,0,statistical_significance,statistical_significance,The statistical significance of the differences observed in specimen measurements between LEEP and cold knife conization.,"P = .07, P = .001 (indicating some significant differences)","All p-values are non-significant (e.g., P > .05 for all comparisons)",True,no,"No, they are different procedures.","The abstract reports significant differences in diameter, length, and weight of specimens between cold knife conization and LEEP, indicating distinct surgical techniques.",no,Cold knife conization and LEEP are not the same procedure.,"The abstract compares their specimen dimensions, indicating they are distinct techniques (cold knife vs electrosurgical).",False,True,"The statistical significance of the differences in specimen measurements (diameter, length, and weight) between LEEP and cold knife conization was changed from showing significant results (P = .07, P = .001) to showing non-significant results (P > .05 for all comparisons).",Mean diameter of cold knife cone specimens was 2.6 vs. 2.2 cm for LEEP (P = .07). Mean length of cold knife cone specimens was 1.5 vs. 1.0 cm for LEEP (P = .001). Mean weight for cold knife cone specimens was 4.4 vs. 2.0 g for LEEP (P = .001).,Mean diameter of cold knife cone specimens was 2.6 vs. 2.2 cm for LEEP (P = .15). Mean length of cold knife cone specimens was 1.5 vs. 1.0 cm for LEEP (P = .30). Mean weight for cold knife cone specimens was 4.4 vs. 2.0 g for LEEP (P = .08).,[]
pubmedqa_wtt_batch_cache 9,target_gpt_oss_20b__aux_gemma4_e4b,264,11838307,Cold knife conization vs. LEEP. Are they the same procedure?,no,True,1,mean_specimen_measurements,measured_outcome,"The reported mean values (diameter, length, and weight) of the specimens removed by both procedures.",Diameter: 2.6 vs 2.2 cm; Length: 1.5 vs 1.0 cm; Weight: 4.4 vs 2.0 g,"Mean values are very similar across all metrics (e.g., 2.3 vs 2.2 cm; 1.1 vs 1.0 cm; 2.5 vs 2.0 g)",True,no,"No, they are different procedures.","The abstract reports significant differences in diameter, length, and weight of specimens between cold knife conization and LEEP, indicating distinct surgical techniques.",no,"No, cold knife conization and LEEP are not the same procedure.","The abstract reports significant differences in diameter, length, and weight of specimens between cold knife conization and LEEP, indicating distinct surgical techniques.",False,True,"The reported mean specimen measurements (diameter, length, and weight) were changed from the original values to alternative, similar values.",Mean diameter of cold knife cone specimens was 2.6 vs. 2.2 cm for LEEP (P = .07). Mean length of cold knife cone specimens was 1.5 vs. 1.0 cm for LEEP (P = .001). Mean weight for cold knife cone specimens was 4.4 vs. 2.0 g for LEEP (P = .001).,Mean diameter of cold knife cone specimens was 2.3 vs. 2.2 cm for LEEP (P = .07). Mean length of cold knife cone specimens was 1.1 vs. 1.0 cm for LEEP (P = .001). Mean weight for cold knife cone specimens was 2.5 vs. 2.0 g for LEEP (P = .001).,[]
pubmedqa_wtt_batch_cache 9,target_gpt_oss_20b__aux_gemma4_e4b,296,10759659,The nurse cystoscopist: a feasible option?,yes,True,0,kappa_agreement,measured outcome,The chance-corrected proportional agreement measure between the UNP and the consultant urologist.,0.94,0.65,True,yes,"Yes, a trained urology nurse practitioner can perform flexible cystoscopy with accuracy comparable to a consultant.","The study found only one missed tumour by each observer and a Kappa of 0.94, indicating very close agreement between the nurse practitioner and the consultant.",yes,"Yes, a nurse cystoscopist is a feasible option.","The study showed moderate agreement (kappa = 0.65) between the trained urology nurse practitioner and consultant urologist, with only one tumour missed by each.",False,True,"The Kappa agreement score was changed from 0.94 to 0.65, and the interpretation of 'very close agreement' was minimally adjusted to 'moderate agreement' for consistency.","0.94, indicating very close agreement","0.65, indicating moderate agreement",[]
pubmedqa_wtt_batch_cache 9,target_gpt_oss_20b__aux_gemma4_e4b,296,10759659,The nurse cystoscopist: a feasible option?,yes,True,1,missed_tumour_count,measured outcome,The number of tumours missed by each observer (UNP and urologist).,One tumour missed by UNP and one by the urologist,Five tumours missed by both observers,True,yes,"Yes, a trained urology nurse practitioner can perform flexible cystoscopy with accuracy comparable to a consultant.","The study found only one missed tumour by each observer and a Kappa of 0.94, indicating very close agreement between the nurse practitioner and the consultant.",yes,"Yes, a trained urology nurse practitioner can feasibly perform cystoscopy with accuracy comparable to a consultant.","The study showed a Kappa of 0.94 between the nurse practitioner and consultant, indicating very close agreement in detecting bladder tumours.",False,True,The total number of missed tumors (missed_tumour_count) was changed from two (one by each observer) to five.,One tumour was missed by the UNP and one by the urologist,Five tumours missed by both observers,[]
pubmedqa_wtt_batch_cache 9,target_gpt_oss_20b__aux_gemma4_e4b,296,10759659,The nurse cystoscopist: a feasible option?,yes,True,2,patient_count,numerical size,The total number of patients who underwent flexible cystoscopy.,Eighty-three (83),Five,False,yes,"Yes, a trained urology nurse practitioner can perform flexible cystoscopy with accuracy comparable to a consultant.","The study found only one missed tumour by each observer and a Kappa of 0.94, indicating very close agreement between the nurse practitioner and the consultant.",yes,"Yes, the nurse cystoscopist is a feasible option.","The study showed a high Kappa of 0.94 between the UNP and consultant urologist, indicating very close agreement in detecting bladder tumours during flexible cystoscopy.",False,True,"The total number of patients who underwent flexible cystoscopy was changed from Eighty-three (83) to Five. Consequently, the reported number of positive findings in the results section was adjusted from 26 to 2 to maintain internal consistency with the stated two missed tumours.","Eighty-three (83) patients underwent flexible cystoscopy by both the UNP and consultant urologist... Of 83 patients examined by flexible cystoscopy, 26 were found to have a tumour or a suspicious lesion.","Five patients underwent flexible cystoscopy by both the UNP and consultant urologist... Of 5 patients examined by flexible cystoscopy, 2 were found to have a tumour or a suspicious lesion.",[]
pubmedqa_wtt_batch_cache 9,target_gpt_oss_20b__aux_gemma4_e4b,307,9550200,Does lunar position influence the time of delivery?,yes,True,0,lunar_influence_on_delivery,measured outcome,The existence of a connection or relationship between lunar position/month and the timing of delivery.,A connection was found (the effect seems relevant).,No significant connection was found.,True,yes,"Yes, the study found a link between lunar position and delivery timing.","The retrospective analysis reported that spontaneous full‑term deliveries were distributed according to lunar month, with multiparae delivering on average the first or second day after the full moon.",no,"No, the study found no evidence that lunar position influences delivery timing.",The retrospective analysis of 1248 spontaneous full-term deliveries showed no significant connection between delivery distribution and lunar month or moon phases.,True,True,"The results section was modified to state that no significant connection was found between lunar position and delivery timing, negating the original positive finding.","A connection between the distribution of spontaneous full-term deliveries and the lunar month was found. The effect of the phases of the moon seems to be particularly relevant in multiparae and plurigravidae; in these cases, the mean day of delivery corresponds to the first or second day after the full moon.","No significant connection between the distribution of spontaneous full-term deliveries and the lunar month was found. Furthermore, no specific effect related to the phases of the moon was observed in multiparae or plurigravidae.",[]
pubmedqa_wtt_batch_cache 9,target_gpt_oss_20b__aux_gemma4_e4b,307,9550200,Does lunar position influence the time of delivery?,yes,True,1,relevant_parity_group,comparison group,The specific groups (multiparae and plurigravidae) for whom the lunar influence is particularly relevant.,Multiparae and plurigravidae.,All parity groups equally.,True,yes,"Yes, the study found a link between lunar position and delivery timing.","The retrospective analysis reported that spontaneous full‑term deliveries were distributed according to lunar month, with multiparae delivering on average the first or second day after the full moon.",yes,"Yes, the study found a link between lunar position and delivery timing.","The retrospective analysis reported a connection between spontaneous full-term deliveries and the lunar month, with most births occurring on the first or second day after the full moon.",False,True,"Changed the specific group (multiparae and plurigravidae) where lunar influence was found to be relevant, generalizing it to apply equally to all parity groups.","The effect of the phases of the moon seems to be particularly relevant in multiparae and plurigravidae; in these cases,","The effect of the phases of the moon seems to be particularly relevant across all parity groups; in these cases,",[]
pubmedqa_wtt_batch_cache 9,target_gpt_oss_20b__aux_gemma4_e4b,307,9550200,Does lunar position influence the time of delivery?,yes,True,2,statistical_significance_of_connection,statistical significance,The statistical certainty of the observed link between lunar position and delivery timing.,Connection was found (implied positive correlation).,No statistically significant connection was found.,True,yes,"Yes, the study found a link between lunar position and delivery timing.","The retrospective analysis reported that spontaneous full‑term deliveries were distributed according to lunar month, with multiparae delivering on average the first or second day after the full moon.",maybe,"The study found no overall link between lunar position and delivery timing, though a potential effect was noted in certain subgroups.",Abstract reports no statistically significant connection overall; preliminary analysis hints at relevance for multiparae/plurigravidae.,True,True,The statistical certainty of the observed link between lunar position and delivery timing was changed from 'Connection was found' to 'No statistically significant connection was found.' The subsequent sentence describing specific patterns was minimally adjusted to maintain internal consistency with the lack of overall significance.,A connection between the distribution of spontaneous full-term deliveries and the lunar month was found.,No statistically significant connection between the distribution of spontaneous full-term deliveries and the lunar month was found.,[]
pubmedqa_wtt_batch_cache 9,target_gpt_oss_20b__aux_gemma4_e4b,309,11296674,Prostatic syndrome and pleural effusion: are they different diseases?,maybe,False,0,primary_tumor_sites,disease or condition,The distinct anatomical origins of the two malignant tumors discussed (prostate and lung).,Prostate and Lung,"Single site (e.g., only prostate)",True,yes,"Yes, prostatic syndrome and pleural effusion represent distinct disease processes.","The abstract discusses advanced prostate carcinoma and malignant pleural effusion as separate manifestations of different primary tumors (prostate vs lung), indicating they are not the same disease.",yes,Prostatic syndrome and pleural effusion are different diseases.,"The abstract indicates that metastatic prostate carcinoma was ruled out due to the form of presentation, suggesting that pleural effusion is not part of prostatic syndrome but a separate clinical entity.",False,True,The primary focus shifts from a co-occurrence (association) of two distinct sites (prostate and lung) to the characteristics of a single site (only prostate).,"[OBJECTIVE] To report an uncommon association of prostate and lung cancer. [METHODS] The characteristics of both tumors, their association with tumors in other sites and the time of presentation are analyzed. [RESULTS] Both tumors were in the advanced stages. Metastatic carcinoma of the prostate was discarded due to the form of presentation. MeSH terms: Adenocarcinoma, Aged, Humans, Lung Neoplasms, Male, Neoplasms, Multiple Primary, Pleural Effusion, Malignant, Prostatic Neoplasms","[OBJECTIVE] To report the characteristics of prostate cancer. [METHODS] The characteristics of the tumor, its association with tumors in other sites and the time of presentation are analyzed. [RESULTS] The tumor was in an advanced stage. Metastatic carcinoma of the prostate was discarded due to the form of presentation. MeSH terms: Adenocarcinoma, Aged, Humans, Male, Neoplasms, Pleural Effusion, Malignant, Prostatic Neoplasms",[]
pubmedqa_wtt_batch_cache 9,target_gpt_oss_20b__aux_gemma4_e4b,329,17704864,Is laparoscopic adrenalectomy safe and effective for adrenal masses larger than 7 cm?,yes,False,0,intraoperative_complication_rate,measured outcome,The percentage of patients experiencing intraoperative complications during the procedure.,16%,<5%,True,maybe,"The study suggests laparoscopic adrenalectomy can be performed on masses larger than 7 cm, but with a notable complication and conversion rate.","In the reported series of 18 cases (mean size 8.3 cm), 16% had intra‑operative complications and 17% required conversion to open surgery; while the procedure was feasible, the abstract does not provide definitive evidence that it is uniformly safe or effective for large adrenal masses.",yes,"Yes, laparoscopic adrenalectomy is safe and effective for masses larger than 7 cm.","In the series of 18 cases with a mean tumor size of 8.3 cm, intra‑operative complications were <5% and only three conversions to open surgery occurred, indicating acceptable safety and effectiveness.",True,True,The reported rate of intraoperative complications was changed from 16% to <5%.,the rate of intraoperative complications was 16%,the rate of intraoperative complications was <5%,[]
pubmedqa_wtt_batch_cache 9,target_gpt_oss_20b__aux_gemma4_e4b,329,17704864,Is laparoscopic adrenalectomy safe and effective for adrenal masses larger than 7 cm?,yes,False,1,conversion_to_open_surgery_rate,measured outcome,The rate at which the laparoscopic procedure had to be converted to an open surgery.,3 out of 18 cases (approx. 17%),0 cases,True,maybe,"The study suggests laparoscopic adrenalectomy can be performed on masses larger than 7 cm, but with a notable complication and conversion rate.","In the reported series of 18 cases (mean size 8.3 cm), 16% had intra‑operative complications and 17% required conversion to open surgery; while the procedure was feasible, the abstract does not provide definitive evidence that it is uniformly safe or effective for large adrenal masses.",yes,"Yes, laparoscopic adrenalectomy appears to be a safe and effective option for adrenal masses larger than 7 cm.","In the reported series of 18 patients with tumors averaging 8.3 cm, all procedures were completed laparoscopically without conversion to open surgery, and while there was a 16% intra‑operative complication rate, no mortalities or major adverse outcomes were noted, supporting its safety and effectiveness for large adrenal lesions.",True,True,The number of patients requiring conversion from laparoscopic to open surgery was changed from 3 cases to 0 cases.,and in three cases we switched from laparoscopic procedure to open surgery.,and in zero cases we switched from laparoscopic procedure to open surgery.,[]
pubmedqa_wtt_batch_cache 9,target_gpt_oss_20b__aux_gemma4_e4b,329,17704864,Is laparoscopic adrenalectomy safe and effective for adrenal masses larger than 7 cm?,yes,False,2,minimum_adrenal_lesion_size,numerical size,The minimum size threshold for adrenal lesions included in the study.,larger than 7 cm,smaller than 5 cm,True,maybe,"The study suggests laparoscopic adrenalectomy can be performed on masses larger than 7 cm, but with a notable complication and conversion rate.","In the reported series of 18 cases (mean size 8.3 cm), 16% had intra‑operative complications and 17% required conversion to open surgery; while the procedure was feasible, the abstract does not provide definitive evidence that it is uniformly safe or effective for large adrenal masses.",maybe,The abstract does not provide evidence on laparoscopic adrenalectomy for masses larger than 7 cm.,"This study evaluated only lesions smaller than 5 cm, so safety and effectiveness for >7 cm masses cannot be determined from the given context.",False,True,"The minimum lesion size threshold was changed from 'larger than 7 cm' to 'smaller than 5 cm'. To maintain internal consistency, the reported mean tumor size in the RESULTS section was also adjusted from 8.3 cm (range 7-13 cm) to 3.5 cm (range 1-4 cm), reflecting the new smaller patient population.","Our aim was to evaluate, retrospectively, the outcome of LA for adrenal lesions larger than 7 cm. ...on patients with adrenal lesions larger than 7 cm. The mean tumor size was 8.3 cm (range 7-13 cm)","Our aim was to evaluate, retrospectively, the outcome of LA for adrenal lesions smaller than 5 cm. ...on patients with adrenal lesions smaller than 5 cm. The mean tumor size was 3.5 cm (range 1-4 cm)",[]
pubmedqa_wtt_batch_cache 9,target_gpt_oss_20b__aux_gemma4_e4b,332,26399179,Eyelid-parotid metastasis: do we screen for coexisting masses?,yes,True,0,eyelid_parotid_metastasis,other,The occurrence and frequency of metastasis between primary eyelid tumors and parotid gland tumors.,It is not unusual (demonstrated by multiple cases).,Metastasis is rare or uncommon.,True,yes,"Yes, patients should be screened for coexisting eyelid or parotid masses.","The reported cases demonstrate that primary eyelid tumours can metastasise to the parotid gland and vice versa, indicating it is not unusual and warrants screening.",maybe,Screening for coexisting eyelid or parotid masses may be considered in patients with a known malignancy of either site.,"The abstract reports only three rare cases of cross‑metastasis between the eyelid and parotid gland, indicating that while such events are uncommon, they do occur; it does not provide evidence for routine screening but suggests awareness.",True,True,The frequency of metastasis between the eyelid and parotid gland was changed from 'not unusual' to 'rare or uncommon'.,it is not unusual for a primary eyelid tumour to metastasise to the parotid gland and vice versa.,metastasis between the eyelid and parotid gland is rare or uncommon.,[]
pubmedqa_wtt_batch_cache 9,target_gpt_oss_20b__aux_gemma4_e4b,332,26399179,Eyelid-parotid metastasis: do we screen for coexisting masses?,yes,True,1,tumor_malignancy,disease or condition,The nature of the tumors (whether they are malignant or benign).,Malignant.,Benign.,False,yes,"Yes, patients should be screened for coexisting eyelid or parotid masses.","The reported cases demonstrate that primary eyelid tumours can metastasise to the parotid gland and vice versa, indicating it is not unusual and warrants screening.",yes,"Yes, screening for coexisting eyelid or parotid masses is advised.","The abstract reports multiple cases where primary eyelid tumors metastasized to the parotid gland and vice versa, indicating that concurrent lesions are not uncommon and should be evaluated.",False,True,The malignancy status of the parotid tumours in two patients was changed from 'Malignant' to 'Benign'.,malignant,benign,[]
pubmedqa_wtt_batch_cache 9,target_gpt_oss_20b__aux_gemma4_e4b,355,25371231,Is vitamin D insufficiency or deficiency related to the development of osteochondritis dissecans?,maybe,True,0,control_group_availability,comparison group,Whether a comparison group of healthy individuals without OCD was included in the study.,Not provided (only patients with OCD were measured),"A control group of age-matched, healthy individuals without OCD lesions",True,maybe,"The study suggests a possible link between low vitamin D levels and osteochondritis dissecans, but it does not definitively prove causation.","In this prospective pilot study, most patients with OCD had vitamin D deficiency or insufficiency; however, without a control group or causal analysis, the abstract cannot confirm that low vitamin D causes OCD.",maybe,The study suggests a potential link between vitamin D deficiency and OCD.,"Most patients in the pilot study had low vitamin D3 levels, indicating a possible association, but causality was not definitively established.",False,True,"The methods section was updated to reflect that the study included a comparison group of healthy controls, changing the scope from measuring only patients with OCD to comparing both groups.","The serum level of vitamin D3 in 23 consecutive patients (12 male and 11 female) suffering from a stage III, or stages III and IV, OCD lesion (mostly stage III) admitted for surgery was measured.","The serum level of vitamin D3 in 23 consecutive patients (12 male and 11 female) suffering from a stage III, or stages III and IV, OCD lesion (mostly stage III) admitted for surgery was measured, alongside measurements taken from a control group of age-matched, healthy individuals without OCD lesions.",[]
pubmedqa_wtt_batch_cache 9,target_gpt_oss_20b__aux_gemma4_e4b,355,25371231,Is vitamin D insufficiency or deficiency related to the development of osteochondritis dissecans?,maybe,True,1,vitamin_d_deficiency_prevalence,measured outcome,The proportion or prevalence of vitamin D deficiency/insufficiency found among the patient cohort.,High (18 out of 23 patients had distinct deficiency),Low or zero prevalence of vitamin D deficiency in the patient cohort,False,maybe,"The study suggests a possible link between low vitamin D levels and osteochondritis dissecans, but it does not definitively prove causation.","In this prospective pilot study, most patients with OCD had vitamin D deficiency or insufficiency; however, without a control group or causal analysis, the abstract cannot confirm that low vitamin D causes OCD.",no,"No, the study found no strong link between low vitamin D and osteochondritis dissecans.","Among 23 patients with OCD lesions, only one was deficient in vitamin D3 and two were insufficient; most had normal levels, suggesting no clear association.",True,True,The prevalence of vitamin D deficiency among the study cohort was changed from high (18/23) to low (1/23).,"In the majority of patients (18/23), a distinct vitamin D3 deficiency was found","In only one patient (1/23), a distinct vitamin D3 deficiency was found",[]
pubmedqa_wtt_batch_cache 9,target_gpt_oss_20b__aux_gemma4_e4b,355,25371231,Is vitamin D insufficiency or deficiency related to the development of osteochondritis dissecans?,maybe,True,2,study_design_causality,study design,"The type of study design, which determines if causation can be inferred.",Observational (Prospective pilot study),Randomized controlled trial (RCT) or interventional study,True,maybe,"The study suggests a possible link between low vitamin D levels and osteochondritis dissecans, but it does not definitively prove causation.","In this prospective pilot study, most patients with OCD had vitamin D deficiency or insufficiency; however, without a control group or causal analysis, the abstract cannot confirm that low vitamin D causes OCD.",maybe,"The study suggests an association between low vitamin D levels and osteochondritis dissecans, but it does not prove causation.","In the trial, most patients with OCD had vitamin D deficiency or insufficiency, indicating a potential link, yet the abstract does not establish a definitive causal relationship.",False,True,Changed the study design from 'prospective pilot study' (observational) to 'randomized controlled trial' (interventional/causal).,"The aim of this prospective pilot study was to analyse whether vitamin D insufficiency, or deficiency, might be a contributing etiological factor in the development of an OCD lesion.","The aim of this randomized controlled trial was to analyze whether vitamin D insufficiency, or deficiency, might be a contributing etiological factor in the development of an OCD lesion.",[]
pubmedqa_wtt_batch_cache 9,target_gpt_oss_20b__aux_gemma4_e4b,358,12068831,Do nontriploid partial hydatidiform moles exist?,no,True,0,number_of_cases,numerical size,The total number of putative nontriploid partial hydatidiform moles reevaluated.,19,30,False,no,"No, the study did not find any true nontriploid partial hydatidiform moles.","All 19 cases originally thought to be nontriploid partial moles were reclassified as diploid nonpartial moles, triploid partial moles, or a diploid early complete mole.",no,"No, the study found no true nontriploid partial hydatidiform moles among the cases examined.","All 30 putative nontriploid partial moles were reclassified as either diploid nonpartial moles or triploid partial moles (with one diploid early complete mole), indicating that nontriploid partial hydatidiform moles do not exist in this cohort.",False,True,"The total number of putative nontriploid partial hydatidiform moles reevaluated was changed from 19 to 30. Consequently, the absolute counts and fractions reported in the results section were proportionally adjusted (e.g., 10/19 became 16/30; 7/19 became 11/30) to maintain internal consistency with the new total sample size.",19; 19; 10/19; 7/19,30; 30; 16/30; 11/30,[]
pubmedqa_wtt_batch_cache 9,target_gpt_oss_20b__aux_gemma4_e4b,358,12068831,Do nontriploid partial hydatidiform moles exist?,no,True,1,diagnostic_techniques,other,"The specific methods used for reevaluation, including standardized histologic diagnostic criteria and repeat flow cytometric testing by the Hedley technique.",standardized histologic diagnostic criteria and repeat flow cytometric testing by the Hedley technique,Standard histology only (without advanced flow cytometry),False,no,"No, the study did not find any true nontriploid partial hydatidiform moles.","All 19 cases originally thought to be nontriploid partial moles were reclassified as diploid nonpartial moles, triploid partial moles, or a diploid early complete mole.",no,"No, the study found no true nontriploid partial hydatidiform moles among the cases examined.","All 19 putative nontriploid partial moles were reclassified as diploid nonpartial moles, triploid partial moles, or a diploid early complete mole.",False,True,The specific diagnostic techniques used for reevaluation were changed from comprehensive methods including flow cytometry to standard histology only.,standardized histologic diagnostic criteria and repeat flow cytometric testing by the Hedley technique,Standard histology only (without advanced flow cytometry),[]
pubmedqa_wtt_batch_cache 9,target_gpt_oss_20b__aux_gemma4_e4b,358,12068831,Do nontriploid partial hydatidiform moles exist?,no,True,2,reclassification_status,measured outcome,"The finding that all reevaluated cases were successfully classified into other types (diploid nonpartial, triploid partial, or diploid early complete mole).","All 19 cases were reclassified as diploid nonpartial moles, triploid partial moles, or a diploid early complete mole.",A small percentage of the moles retained their original nontriploid classification.,True,no,"No, the study did not find any true nontriploid partial hydatidiform moles.","All 19 cases originally thought to be nontriploid partial moles were reclassified as diploid nonpartial moles, triploid partial moles, or a diploid early complete mole.",yes,"Yes, a small subset of partial hydatidiform moles are truly nontriploid.","The study found that while most cases were reclassified as diploid non‑partial or triploid partial, a minority retained their original nontriploid classification after rigorous review.",True,True,"The results section was modified to reflect that instead of all cases being reclassified into specific known types, a small percentage maintained their initial nontriploid classification.","On review of the 19 moles, 53% (10/19) were diploid nonpartial moles (initially pathologically misclassified), and 37% (7/19) were triploid partial moles (initial ploidy misclassifications). One additional case (5%) was a diploid early complete mole (initially pathologically misclassified).","On review of the 19 moles, while most were successfully classified into known types (diploid nonpartial or triploid partial), a small percentage of the moles retained their original nontriploid classification.",[]
pubmedqa_wtt_batch_cache 9,target_gpt_oss_20b__aux_gemma4_e4b,389,24964725,"Recovery Outcome Measures: Is There a Place for Culture, Attitudes, and Faith?",yes,True,0,questionnaire_used,other,"The specific questionnaire used to raise questions about the links between culture, attitudes, and faith.",Recovery Attitudes Questionnaire (RAQ),"A standardized clinical symptom severity scale (e.g., HAM-D)",True,yes,"Yes, culture, attitudes, and faith play a role in recovery outcome measures.","The abstract highlights that the Recovery Attitudes Questionnaire (RAQ) raised questions about links between attitudes, faith, and culture in supporting the recovery journey.",maybe,"The abstract suggests that culture, attitudes, and faith may influence recovery outcomes but does not conclusively confirm their role.","It reports that using the RKI raised questions about links between attitudes, faith, and culture in supporting recovery, indicating these factors are worth considering but no definitive conclusion is provided.",True,True,"Replaced the specific questionnaire name 'Recovery Attitudes Questionnaire (RAQ)' with a general category of tool, 'A standardized clinical symptom severity scale (e.g., HAM-D)', while adjusting subsequent references to maintain grammatical flow.",and Recovery Attitudes Questionnaire (RAQ),"and A standardized clinical symptom severity scale (e.g., HAM-D)",[]
pubmedqa_wtt_batch_cache 9,target_gpt_oss_20b__aux_gemma4_e4b,389,24964725,"Recovery Outcome Measures: Is There a Place for Culture, Attitudes, and Faith?",yes,True,1,population_setting,disease or condition,The specific population group and social context being studied.,people with mental illness who live in secular multicultural societies,"individuals recovering from physical illnesses (e.g., heart disease)",False,yes,"Yes, culture, attitudes, and faith play a role in recovery outcome measures.","The abstract highlights that the Recovery Attitudes Questionnaire (RAQ) raised questions about links between attitudes, faith, and culture in supporting the recovery journey.",maybe,"The study suggests that culture, attitudes, and faith may play a role in recovery outcomes.",The abstract notes that the use of RKI and RAQ raised questions about links between these factors and recovery support.,True,True,The population group being studied for recovery outcomes was changed from people with mental illness to individuals recovering from physical illnesses.,people with mental illness who live in secular multicultural societies,"individuals recovering from physical illnesses (e.g., heart disease)",[]
pubmedqa_wtt_batch_cache 9,target_gpt_oss_20b__aux_gemma4_e4b,389,24964725,"Recovery Outcome Measures: Is There a Place for Culture, Attitudes, and Faith?",yes,True,2,geographical_location,other,The geographical area where the study was conducted.,southeastern Australia,Western Europe,False,yes,"Yes, culture, attitudes, and faith play a role in recovery outcome measures.","The abstract highlights that the Recovery Attitudes Questionnaire (RAQ) raised questions about links between attitudes, faith, and culture in supporting the recovery journey.",yes,"Yes, culture, attitudes, and faith play a role in recovery outcome measures.","The abstract discusses how the Recovery Attitudes Questionnaire (RAQ) raises questions about links between attitudes, faith, and culture in supporting the recovery journey.",False,True,The geographical location of the study was changed from southeastern Australia to Western Europe.,southeastern Australia,Western Europe,[]
pubmedqa_wtt_batch_cache 9,target_gpt_oss_20b__aux_gemma4_e4b,397,16776337,Pituitary apoplexy: do histological features influence the clinical presentation and outcome?,yes,False,0,study_results,other,The actual findings comparing the two histological groups regarding clinical presentation or outcome.,Not provided (Only methodology is described),Results showing a significant difference in outcomes between the two groups,True,maybe,"The abstract does not report the findings, so it is unclear whether histological features influence presentation or outcome.",Only the study design and comparison groups are described; no results are provided in the retrieved context.,yes,"Yes, histological features of pituitary apoplexy influence both clinical presentation and outcome.","The study found that patients with hemorrhagic infarction or frank hemorrhage had significantly worse outcomes (higher mortality) compared to those with infarction alone, indicating that the underlying histopathology affects clinical course.",True,True,"The abstract was minimally extended by adding a 'Results' section, which reports a significant difference in outcomes between the two histological groups (hemorrhagic vs. infarction alone), fulfilling the alternative value for study results.","The presenting symptoms, clinical features, endocrinological status, and outcome were compared between the two groups.","The presenting symptoms, clinical features, endocrinological status, and outcome were compared between the two groups.
[RESULTS] Analysis revealed that patients with hemorrhagic infarction and/or frank hemorrhage had significantly worse outcomes (e.g., higher mortality rates) compared to those with infarction alone.",[]
pubmedqa_wtt_batch_cache 9,target_gpt_oss_20b__aux_gemma4_e4b,397,16776337,Pituitary apoplexy: do histological features influence the clinical presentation and outcome?,yes,False,1,comparison_groups,comparison group,The comparison of patients with infarction alone versus those with hemorrhagic infarction/frank hemorrhage.,Two groups (Infarction alone vs. Hemorrhagic/Frank hemorrhage),"Only one group was studied (e.g., all pituitary apoplexy cases regardless of histology)",False,maybe,"The abstract does not report the findings, so it is unclear whether histological features influence presentation or outcome.",Only the study design and comparison groups are described; no results are provided in the retrieved context.,maybe,It is unclear from the abstract whether histological features influence presentation or outcome.,"The abstract only describes a retrospective analysis aimed at determining this relationship, but it does not report any results.",False,True,"Changed the comparison group structure from a division into two specific histological groups (Infarction vs. Hemorrhage) to studying a single, unified cohort of all patients.","The patients were divided into two groups according to the histological features of their disease: one group with infarction alone, comprising 22 patients; and the other with hemorrhagic infarction and/or frank hemorrhage, comprising 37 patients. The presenting symptoms, clinical features, endocrinological status, and outcome were compared between the two groups.","The study included all patients regardless of histological features. The presenting symptoms, clinical features, endocrinological status, and outcome were analyzed across the entire cohort.",[]
pubmedqa_wtt_batch_cache 9,target_gpt_oss_20b__aux_gemma4_e4b,397,16776337,Pituitary apoplexy: do histological features influence the clinical presentation and outcome?,yes,False,2,measured_outcome,measured outcome,"The specific metric used to quantify the outcome (e.g., survival rate, recovery time).",Outcome was compared (but not specified),"Specific measurable outcome provided (e.g., 'Mortality within 6 months')",False,maybe,"The abstract does not report the findings, so it is unclear whether histological features influence presentation or outcome.",Only the study design and comparison groups are described; no results are provided in the retrieved context.,maybe,It is unclear from the abstract whether histological features influence presentation or outcome.,"The abstract describes a retrospective comparison of patients with infarction alone versus hemorrhagic infarction/hemorrhage, but it does not report the results of that comparison.",False,True,The general concept of 'outcome' was replaced with a specific measurable metric: 'mortality within 6 months'.,and outcome,and mortality within 6 months,[]
pubmedqa_wtt_batch_cache 9,target_gpt_oss_20b__aux_gemma4_e4b,466,23375036,An HIV1/2 point of care test on sputum for screening TB/HIV co-infection in Central India - Will it work?,yes,True,0,sensitivity,measured outcome,The proportion of true positive cases correctly identified by the assay.,90%,75%,True,yes,"Yes, the OraQuick HIV‑1/2 point‑of‑care test on sputum can effectively screen for TB/HIV co‑infection.","In the study, the assay detected 90% of true positives (sensitivity) and correctly identified all negatives (100% specificity), indicating reliable performance in Central India.",maybe,"The OraQuick HIV‑1/2 assay on sputum shows high specificity but only moderate sensitivity, so it may be useful for screening but not fully reliable.","In the study, sputum testing with OraQuick had 100% specificity and a positive predictive value of 100%, yet sensitivity was only 75% (3/4), indicating that while it can correctly identify HIV‑positive cases when detected, many positives may be missed.",True,True,The reported sensitivity of the assay was changed from 90% to 75%. The corresponding fraction in parentheses was updated from (9/10) to (3/4) for internal consistency.,90% sensitivity (9/10),75% sensitivity (3/4),[]
pubmedqa_wtt_batch_cache 9,target_gpt_oss_20b__aux_gemma4_e4b,466,23375036,An HIV1/2 point of care test on sputum for screening TB/HIV co-infection in Central India - Will it work?,yes,True,1,specificity,measured outcome,The proportion of true negative cases correctly identified by the assay.,100%,95%,True,yes,"Yes, the OraQuick HIV‑1/2 point‑of‑care test on sputum can effectively screen for TB/HIV co‑infection.","In the study, the assay detected 90% of true positives (sensitivity) and correctly identified all negatives (100% specificity), indicating reliable performance in Central India.",yes,"Yes, the OraQuick HIV-1/2 assay in sputum shows high accuracy for TB/HIV co‑infection screening.","The study reports 90% sensitivity and 95% specificity compared with serum ELISA, indicating it is a reliable point‑of‑care test for detecting HIV among TB patients.",False,True,"The reported specificity was changed from 100% to 95%, and the supporting numerator count (from 307 to 292) was minimally adjusted to maintain internal mathematical consistency.",and 100% specificity (307/307),and 95% specificity (292/307),[]
pubmedqa_wtt_batch_cache 9,target_gpt_oss_20b__aux_gemma4_e4b,466,23375036,An HIV1/2 point of care test on sputum for screening TB/HIV co-infection in Central India - Will it work?,yes,True,2,sample_type,other,The biological fluid used for testing the HIV antibodies.,sputum specimens,serum specimens,False,yes,"Yes, the OraQuick HIV‑1/2 point‑of‑care test on sputum can effectively screen for TB/HIV co‑infection.","In the study, the assay detected 90% of true positives (sensitivity) and correctly identified all negatives (100% specificity), indicating reliable performance in Central India.",maybe,It is unclear whether the OraQuick HIV‑1/2 point‑of‑care test will work on sputum.,The abstract reports high sensitivity and specificity only for serum specimens; no data are provided for sputum testing.,True,True,The sample type used for testing was changed from sputum to serum.,sputum; sputa; Sputa; sputum specimens,serum; serum; Serum; serum specimens,[]
pubmedqa_wtt_batch_cache 9,target_gpt_oss_20b__aux_gemma4_e4b,469,27136599,Is it safe to perform rectal anastomosis in gynaecological debulking surgery without a diverting stoma?,yes,False,0,data_availability_non_stoma,measured outcome,Whether the study reports anastomotic leakage rates or outcomes for patients who did not receive a diverting stoma.,Not provided/Unknown (The explanation explicitly states this lack of data).,Data are available and reported for those without a diverting stoma.,True,maybe,It is unclear from the abstract whether rectal anastomosis without a diverting stoma is safe.,"The study reports that only three patients received a diverting loop ileostomy but does not provide data on anastomotic leakage rates or outcomes for those who did not have a stoma, so safety cannot be determined from this abstract alone.",maybe,The abstract does not provide sufficient evidence to confirm whether rectal anastomosis is safe without a diverting stoma.,Only the number of procedures and that 3 patients received a diverting ileostomy are reported; leak rates or comparative outcomes for those with or without a stoma are not provided.,False,True,Modified the description of the primary outcome in the [METHOD] section to confirm that outcomes (data) were available and reported for patients who did not receive a diverting stoma.,The primary outcome was anastomotic leakage in the presence or absence of a diverting stoma.,"The primary outcome was anastomotic leakage, and data were analyzed for both patients with and without a diverting stoma.",[]
pubmedqa_wtt_batch_cache 9,target_gpt_oss_20b__aux_gemma4_e4b,469,27136599,Is it safe to perform rectal anastomosis in gynaecological debulking surgery without a diverting stoma?,yes,False,1,primary_outcome_measure,measured outcome,The specific clinical endpoint used as the primary measure of safety/success (anastomotic leakage).,Anastomotic leakage.,Overall mortality or complication rate.,True,maybe,It is unclear from the abstract whether rectal anastomosis without a diverting stoma is safe.,"The study reports that only three patients received a diverting loop ileostomy but does not provide data on anastomotic leakage rates or outcomes for those who did not have a stoma, so safety cannot be determined from this abstract alone.",maybe,It is unclear from this abstract whether rectal anastomosis without a diverting stoma is safe.,"The study reports only that 3 of 43 colorectal procedures had a diverting loop ileostomy and does not provide comparative outcome data for patients with or without a stoma, so safety cannot be determined from the abstract alone.",False,True,The definition of the primary outcome measure was changed from 'anastomotic leakage' to 'overall mortality or complication rate'.,The primary outcome was anastomotic leakage in the presence or absence of a diverting stoma.,The primary outcome was overall mortality or complication rate in the presence or absence of a diverting stoma.,[]
pubmedqa_wtt_batch_cache 9,target_gpt_oss_20b__aux_gemma4_e4b,469,27136599,Is it safe to perform rectal anastomosis in gynaecological debulking surgery without a diverting stoma?,yes,False,2,surgical_population_type,other,The specific type of surgery or patient group being studied (gynaecological cancer procedures).,Gynaecological cancer procedures/debulking.,General colorectal resection in the general population.,True,maybe,It is unclear from the abstract whether rectal anastomosis without a diverting stoma is safe.,"The study reports that only three patients received a diverting loop ileostomy but does not provide data on anastomotic leakage rates or outcomes for those who did not have a stoma, so safety cannot be determined from this abstract alone.",maybe,It is unclear whether it is safe.,"The abstract reports only the number of procedures and that three patients received a diverting ileostomy; it does not provide data on anastomotic leak rates or outcomes, so safety cannot be confirmed.",False,True,"The study focus was changed from gynaecological cancer procedures to general colorectal resection, updating the methodology section and associated MeSH terms to reflect a broader surgical population.",gynaecological cancer procedures/debulking.,general colorectal resections in the general population.,[]
pubmedqa_wtt_batch_cache 9,target_gpt_oss_20b__aux_gemma4_e4b,472,11149643,Is semi-closed endarterectomy of the superficial femoral artery combined with a short venous bypass in case of insufficient venous material an acceptable alternative for limb-threatening ischemia?,yes,True,0,primary_patency_rate,measured outcome,The percentage of patients maintaining blood flow through the reconstructed artery over time.,60.3% at 1 year and 48.4% at 3 years,"Significantly lower (e.g., <20% at 3 years)",True,yes,"Yes, the procedure shows reasonable patency and limb‑salvage outcomes.","The study reports a cumulative primary patency of 60.3% at one year (48.4% at three years) and a limb salvage rate of 68.6% at both one and three years, indicating that semi‑closed endarterectomy with a short venous bypass can achieve acceptable long‑term results in patients lacking sufficient venous material.",maybe,"The procedure may be considered an alternative when other options are unavailable, but its low long‑term patency limits its overall acceptability.","The abstract reports a cumulative primary patency of <20% at three years and a limb salvage rate of only 68.6%, indicating suboptimal durability despite some benefit in preserving limbs.",True,True,The reported primary patency rates were changed from a high rate (60.3% at 1 year and 48.4% at 3 years) to a significantly lower outcome (<20% at 3 years).,The cumulative primary patency was 60.3% at 1 year and 48.4% at 3 years.,"The cumulative primary patency was significantly lower (e.g., <20% at 3 years).",[]
pubmedqa_wtt_batch_cache 9,target_gpt_oss_20b__aux_gemma4_e4b,472,11149643,Is semi-closed endarterectomy of the superficial femoral artery combined with a short venous bypass in case of insufficient venous material an acceptable alternative for limb-threatening ischemia?,yes,True,1,follow_up_duration,follow-up duration,The length of time the patients were monitored after the procedure.,Up to 3 years (96 months),"Much shorter (e.g., only 6 months)",True,yes,"Yes, the procedure shows reasonable patency and limb‑salvage outcomes.","The study reports a cumulative primary patency of 60.3% at one year (48.4% at three years) and a limb salvage rate of 68.6% at both one and three years, indicating that semi‑closed endarterectomy with a short venous bypass can achieve acceptable long‑term results in patients lacking sufficient venous material.",maybe,The data suggest it may be a viable alternative when other options are limited.,"Cumulative primary patency was 60.3% at 1 year and 48.4% at 2 years, with limb salvage rates of 68.6% at both time points, indicating moderate but not optimal outcomes; thus it could be considered acceptable in cases where venous material is insufficient.",True,True,"The maximum follow-up duration (range) was reduced from up to 96 months (3 years) to a much shorter period (max 24 months/2 years), requiring the corresponding time points in the results section to be adjusted accordingly.",The mean follow-up was 26 months (range 1-96 months). ... The cumulative primary patency was 60.3% at 1 year and 48.4% at 3 years. The limb salvage rate was 68.6% at 1 and at 3 years.,The mean follow-up was 26 months (range 1-24 months). ... The cumulative primary patency was 60.3% at 1 year and 48.4% at 2 years. The limb salvage rate was 68.6% at 1 and at 2 years.,[]
pubmedqa_wtt_batch_cache 9,target_gpt_oss_20b__aux_gemma4_e4b,481,10798511,Blunt trauma in intoxicated patients: is computed tomography of the abdomen always necessary?,no,False,0,abdominal_injury_prevalence,measured outcome,The percentage of studied patients who actually had abdominal injuries.,2%,30%,True,maybe,CT is often used but may not be required in every intoxicated blunt trauma patient with a normal exam.,"The study found only 2% of patients had abdominal injuries and only 0.6% needed surgery, yet CT identified all injuries; however, the low yield suggests selective use based on other factors such as chest injury.",maybe,CT may still be needed in intoxicated blunt trauma patients even if the abdominal exam is unremarkable.,"The abstract shows that most CT scans were negative, yet a significant proportion of patients had abdominal injuries detected only by imaging; thus routine CT remains useful but is not absolutely mandatory for every case.",False,True,"The prevalence of abdominal injuries was changed from 2% to 30%, requiring the number of affected patients to be adjusted from 7 to 97, while keeping the total study population (N=324) constant.",Abdominal injuries were identified in 7 patients (2%),Abdominal injuries were identified in 97 patients (30%),[]
pubmedqa_wtt_batch_cache 9,target_gpt_oss_20b__aux_gemma4_e4b,481,10798511,Blunt trauma in intoxicated patients: is computed tomography of the abdomen always necessary?,no,False,1,chest_injury_association,statistical significance,The statistical relationship found between major chest injury and abdominal injury.,Significant association was found,No significant association was found,True,maybe,CT is often used but may not be required in every intoxicated blunt trauma patient with a normal exam.,"The study found only 2% of patients had abdominal injuries and only 0.6% needed surgery, yet CT identified all injuries; however, the low yield suggests selective use based on other factors such as chest injury.",maybe,CT of the abdomen may not be required in every intoxicated blunt trauma patient.,"In this study 98% of patients had negative CT scans and only 2% had abdominal injuries, suggesting that routine CT might be unnecessary for all such patients.",False,True,The statistical finding regarding the relationship between major chest injury and abdominal injury was changed from 'significant' to 'no significant'.,A significant association was found between major chest injury and abdominal injury.,No significant association was found between major chest injury and abdominal injury.,[]
pubmedqa_wtt_batch_cache 9,target_gpt_oss_20b__aux_gemma4_e4b,484,24614789,Is lumbar drainage of postoperative cerebrospinal fluid fistula after spine surgery effective?,yes,True,0,cure_time_drainage,measured outcome,The mean time required for patients treated with CSF drainage to cure.,10 days,45 days,True,yes,"Yes, lumbar drainage effectively accelerates healing of postoperative CSF fistulas.","In the study, all patients treated with external CSF lumbar drainage healed without adverse events and had a mean cure time of 10 days versus 30 days for conservative treatment.",yes,"Yes, lumbar drainage effectively resolved postoperative CSF fistulas.","In the study, all patients treated with external lumbar drainage healed without adverse events, demonstrating its effectiveness.",False,True,The reported mean cure time for patients who underwent external CSF lumbar drainage was changed from 10 days to 45 days.,10 days,45 days,[]
pubmedqa_wtt_batch_cache 9,target_gpt_oss_20b__aux_gemma4_e4b,484,24614789,Is lumbar drainage of postoperative cerebrospinal fluid fistula after spine surgery effective?,yes,True,1,cure_time_conservative,measured outcome,The mean time required for patients treated conservatively to cure.,30 days,5 days,True,yes,"Yes, lumbar drainage effectively accelerates healing of postoperative CSF fistulas.","In the study, all patients treated with external CSF lumbar drainage healed without adverse events and had a mean cure time of 10 days versus 30 days for conservative treatment.",yes,Lumbar drainage was effective in treating postoperative CSF fistulas after spine surgery.,"All patients who received lumbar drainage healed without adverse events, demonstrating its effectiveness.",False,True,The mean cure time for patients treated conservatively was changed from 30 days to 5 days.,30 days,5 days,[]
pubmedqa_wtt_batch_cache 9,target_gpt_oss_20b__aux_gemma4_e4b,484,24614789,Is lumbar drainage of postoperative cerebrospinal fluid fistula after spine surgery effective?,yes,True,2,adverse_events_drainage,measured outcome,The occurrence of adverse events in the CSF drainage group.,no adverse events were recorded,significant adverse events were recorded,True,yes,"Yes, lumbar drainage effectively accelerates healing of postoperative CSF fistulas.","In the study, all patients treated with external CSF lumbar drainage healed without adverse events and had a mean cure time of 10 days versus 30 days for conservative treatment.",yes,Lumbar drainage is an effective treatment for postoperative CSF fistula after spine surgery.,"In the study, all patients healed with no significant adverse events; those treated with lumbar drainage recovered in a mean of 10 days versus 30 days for conservative management.",False,True,The finding regarding the occurrence of adverse events was changed from 'no adverse events were recorded' to 'significant adverse events were recorded'.,and no adverse events were recorded,and significant adverse events were recorded,[]
pubmedqa_wtt_batch_cache 9,target_gpt_oss_20b__aux_gemma4_e4b,493,10331115,Is amoxapine an atypical antipsychotic?,yes,True,0,required_atypical_profile_conformance,other,The initial suggestion that amoxapine should conform to the established profile of atypical antipsychotics.,Suggested to conform to the profile of currently available atypical antipsychotics.,"Not suggested to conform to this profile, or the profile is unknown.",True,yes,"Yes, amoxapine is considered an atypical antipsychotic.","The abstract states that a review of pharmacologic and behavioral data suggested amoxapine should conform to the profile of currently available atypical antipsychotics, prompting a PET study to confirm its receptor occupancy.",yes,"Yes, amoxapine shows a receptor occupancy profile characteristic of atypical antipsychotics.","The PET study found that at clinically relevant doses amoxapine saturates 5‑HT2 receptors while its D2 occupancy remains below 80% and is consistently lower than 5‑HT2 occupancy, matching the defining pharmacologic profile of atypical antipsychotics.",False,True,"The background section was modified to state that current data did not suggest amoxapine must follow the established atypical antipsychotic profile, reflecting an unknown or non-required conformance status.",suggested that amoxapine should also conform to this profile,"did not suggest that amoxapine should conform to this profile, or the profile was unknown",[]
pubmedqa_wtt_batch_cache 9,target_gpt_oss_20b__aux_gemma4_e4b,493,10331115,Is amoxapine an atypical antipsychotic?,yes,True,1,5ht2_vs_d2_occupancy,measured outcome,The relative occupancy of 5-HT2 receptors compared to D2 receptors.,"At all doses, 5-HT2 occupancy exceeded D2 occupancy.",D2 occupancy exceeding 5-HT2 occupancy at some dose.,False,yes,"Yes, amoxapine is considered an atypical antipsychotic.","The abstract states that a review of pharmacologic and behavioral data suggested amoxapine should conform to the profile of currently available atypical antipsychotics, prompting a PET study to confirm its receptor occupancy.",yes,"Yes, amoxapine is considered an atypical antipsychotic.","The abstract states that a review of pharmacologic data suggested amoxapine should conform to the typical profile of atypical antipsychotics (high 5‑HT2 occupancy, greater 5‑HT2 than D2 occupancy, and limited extrapyramidal side effects), indicating it is classified as an atypical antipsychotic.",False,True,The conclusion regarding the relative receptor occupancy (5-HT2 vs D2) was reversed. The original stated that 5-HT2 always exceeded D2; the counterfactual states that D2 exceeds 5-HT2 at higher doses.,at all doses 5-HT2 occupancy exceeded D2 occupancy.,"at higher doses, D2 occupancy exceeded 5-HT2 occupancy.",[]
pubmedqa_wtt_batch_cache 9,target_gpt_oss_20b__aux_gemma4_e4b,493,10331115,Is amoxapine an atypical antipsychotic?,yes,True,2,d2_occupancy_threshold,measured outcome,"The maximum observed D2 receptor occupancy level, which is critical for defining the atypical profile.",Never exceeding 80%.,"Exceeding 80% (e.g., reaching 90%).",False,yes,"Yes, amoxapine is considered an atypical antipsychotic.","The abstract states that a review of pharmacologic and behavioral data suggested amoxapine should conform to the profile of currently available atypical antipsychotics, prompting a PET study to confirm its receptor occupancy.",yes,"Yes, amoxapine is considered an atypical antipsychotic.",The abstract states that a review of pharmacologic and behavioral data suggested amoxapine should conform to the profile of currently available atypical antipsychotics.,False,True,The maximum observed D2 receptor occupancy level was changed from never exceeding 80% to exceeding 80%.,never exceeding 80%,"exceeding 80% (e.g., reaching 90%)",[]
pubmedqa_wtt_batch_cache 9,target_gpt_oss_20b__aux_gemma4_e4b,507,15388567,Are sports medicine journals relevant and applicable to practitioners and athletes?,no,False,0,topic_focus,other,The primary subject matter covered by the published articles in sports medicine journals.,Sports science (with few studies on injury treatment or medical conditions),Injury treatment and medical conditions,True,maybe,Sports medicine journals provide limited direct applicability for practitioners and athletes.,"The abstract reports that most articles focus on sports science with healthy sedentary subjects, and few studies address injury treatment or medical conditions, suggesting only partial relevance to everyday clinical practice.",maybe,Sports medicine journals provide some relevant information but are not fully applicable to everyday clinical practice.,"The abstract notes that most studies use healthy sedentary subjects rather than injured participants, limiting the direct applicability of findings for practitioners and athletes.",False,True,"Changed the primary focus from 'sports science' to 'injury treatment and medical conditions,' requiring a minimal adjustment of the subsequent clause ('very few studies related...' changed to 'many studies focused...') to maintain internal consistency regarding topic prevalence.","The most common topic was sports science, and very few studies related to the treatment of injuries and medical conditions.","The most common topic was injury treatment and medical conditions, and many studies focused on specific clinical outcomes.",[]
pubmedqa_wtt_batch_cache 9,target_gpt_oss_20b__aux_gemma4_e4b,507,15388567,Are sports medicine journals relevant and applicable to practitioners and athletes?,no,False,1,subject_population,comparison group,The type of participants studied in the published research.,Healthy subjects sampled from the sedentary population (majority),Injured or clinically ill participants,True,maybe,Sports medicine journals provide limited direct applicability for practitioners and athletes.,"The abstract reports that most articles focus on sports science with healthy sedentary subjects, and few studies address injury treatment or medical conditions, suggesting only partial relevance to everyday clinical practice.",maybe,"Sports medicine journals provide some relevant information, but their applicability to everyday practice for practitioners and athletes is limited.","The abstract notes that most articles focus on sports science rather than injury treatment, with few studies on healthy individuals, suggesting a gap in directly applicable research.",False,True,"Changed the primary subject population focus from 'healthy subjects sampled from the sedentary population' to 'injured or clinically ill participants', adjusting the contrasting group ('few studies') accordingly for internal consistency.","The majority of published articles used healthy subjects sampled from the sedentary population, and few studies have been carried out on injured participants.","The majority of published articles used injured or clinically ill participants, and few studies have been carried out on healthy individuals.",[]
pubmedqa_wtt_batch_cache 9,target_gpt_oss_20b__aux_gemma4_e4b,507,15388567,Are sports medicine journals relevant and applicable to practitioners and athletes?,no,False,2,frequency_of_injury_studies,numerical size,The proportion of published articles that address injury treatment and medical conditions.,Very few (or few),Majority or frequently,True,maybe,Sports medicine journals provide limited direct applicability for practitioners and athletes.,"The abstract reports that most articles focus on sports science with healthy sedentary subjects, and few studies address injury treatment or medical conditions, suggesting only partial relevance to everyday clinical practice.",maybe,Sports medicine journals may be relevant but their applicability to practitioners and athletes is limited.,"The abstract notes that most studies use healthy, sedentary subjects rather than injured participants, which reduces direct relevance for athletic practice despite covering injury treatment topics.",False,True,The frequency of published articles addressing injury treatment was changed from 'very few' to 'a majority'.,and very few studies related to the treatment of injuries and medical conditions.,and a majority of studies related to the treatment of injuries and medical conditions.,[]
pubmedqa_wtt_batch_cache 9,target_gpt_oss_20b__aux_gemma4_e4b,517,25747932,Living in an urban environment and non-communicable disease risk in Thailand: Does timing matter?,yes,True,0,early_life_urban_exposure_association,measured outcome,The association between early life urban exposure and NCD risk factors.,Independently associated with increases in all behavioral and physiological risk factors.,Not significantly associated with changes in risk factors.,True,yes,"Yes, the study shows that both early‑life urban exposure and the proportion of urban life years independently increase NCD risk factors in Thailand.","The abstract reports that early‑life urban exposure and cumulative urban living each raise behavioral and physiological risk factors, and that those raised in urban areas are more susceptible to additional risks from later urban exposure.",maybe,"Timing of urban exposure may influence some biological NCD risk factors, but it was not independently linked to all behavioral or physiological risks.","The study found no independent association for most behavioral and physiological risk factors, yet noted that early‑life urban living could heighten susceptibility to the effects of later urban life years on certain biological markers.",True,True,"The finding regarding the overall association between both measures of urbanicity (early-life exposure and proportion of urban life years) and NCD risk factors changed from a positive, significant association to no significant association.",Both measures of urbanicity were each independently associated with increases in all behavioral and physiological risk factors.,Neither measure of urbanicity was independently associated with changes in all behavioral and physiological risk factors.,[]
pubmedqa_wtt_batch_cache 9,target_gpt_oss_20b__aux_gemma4_e4b,517,25747932,Living in an urban environment and non-communicable disease risk in Thailand: Does timing matter?,yes,True,1,proportion_of_urban_life_years_association,measured outcome,The association between the proportion of urban life years and NCD risk factors.,Independently associated with increases in all behavioral and physiological risk factors.,Not significantly associated with changes in risk factors.,True,yes,"Yes, the study shows that both early‑life urban exposure and the proportion of urban life years independently increase NCD risk factors in Thailand.","The abstract reports that early‑life urban exposure and cumulative urban living each raise behavioral and physiological risk factors, and that those raised in urban areas are more susceptible to additional risks from later urban exposure.",maybe,"Timing of urban exposure may influence some biological NCD risk factors, though no overall significant effect was found.","The study found no significant link between urbanicity measures and behavioral or physiological risk factors, but noted that early‑life urban residence could heighten susceptibility to the impact of later urban life years on certain biological markers.",True,True,The finding that the proportion of urban life years (via both measures) is associated with increased NCD risk factors has been changed to a null association.,Both measures of urbanicity were each independently associated with increases in all behavioral and physiological risk factors.,Neither measure of urbanicity was significantly associated with changes in all behavioral and physiological risk factors.,[]
pubmedqa_wtt_batch_cache 9,target_gpt_oss_20b__aux_gemma4_e4b,517,25747932,Living in an urban environment and non-communicable disease risk in Thailand: Does timing matter?,yes,True,2,early_life_susceptibility_interaction,measured outcome,The finding that early life urban exposure increases susceptibility to later urban environmental risks.,People spending their early life in an urban area may be more susceptible to the effect of increasing proportion of urban life years than those growing up in rural areas.,No increased susceptibility observed regardless of early life status.,True,yes,"Yes, the study shows that both early‑life urban exposure and the proportion of urban life years independently increase NCD risk factors in Thailand.","The abstract reports that early‑life urban exposure and cumulative urban living each raise behavioral and physiological risk factors, and that those raised in urban areas are more susceptible to additional risks from later urban exposure.",yes,"Yes, early‑life urban exposure is linked to higher non‑communicable disease risk factors in Thailand.",The study found that both early‑life urbanicity and the proportion of urban life years independently increased behavioral and physiological NCD risk factors.,False,True,The finding regarding early-life susceptibility interaction (current: increased susceptibility) was changed to report that no such increased susceptibility was observed.,"For some biological risk factors, people spending their early life in an urban area may be more susceptible to the effect of increasing proportion of urban life years than those growing up in rural areas.","For some biological risk factors, no increased susceptibility was observed regardless of early life status.",[]
pubmedqa_wtt_batch_cache 9,target_llama3_1_70b__aux_gemma4_e4b,230,12612531,Fragility of the esophageal mucosa: a pathognomonic endoscopic sign of primary eosinophilic esophagitis?,yes,False,0,pathognomonic_status,other,"Whether the esophageal mucosa fragility is definitively confirmed as a unique, pathognomonic sign of primary eosinophilic esophagitis.",Possibly/Suggested (not definitively confirmed),Definitely confirmed or not associated with EoE,True,maybe,Fragility of the esophageal mucosa may be a pathognomonic sign of primary eosinophilic esophagitis.,"The abstract introduces 'crêpe-paper' mucosa as a possibly pathognomonic sign, indicating that it is not definitively confirmed but rather suggested as a potential indicator.",yes,Fragility of the esophageal mucosa is a pathognomonic endoscopic sign of primary eosinophilic esophagitis.,"The abstract introduces the term 'crêpe-paper' mucosa to describe the fragile esophageal mucosa, which is a distinctive feature observed in all patients with primary eosinophilic esophagitis.",True,True,The status of the esophageal mucosa fragility was changed from 'possibly pathognomonic' (suggested/uncertain) to 'pathognomonic' (definitively confirmed).,a possibly pathognomonic sign,a pathognomonic sign,[]
pubmedqa_wtt_batch_cache 9,target_llama3_1_70b__aux_gemma4_e4b,230,12612531,Fragility of the esophageal mucosa: a pathognomonic endoscopic sign of primary eosinophilic esophagitis?,yes,False,1,primary_eosinophilic_esophagitis,disease or condition,The specific chronic inflammatory disorder being discussed.,Primary eosinophilic esophagitis,Gastroesophageal reflux disease (GERD),False,maybe,Fragility of the esophageal mucosa may be a pathognomonic sign of primary eosinophilic esophagitis.,"The abstract introduces 'crêpe-paper' mucosa as a possibly pathognomonic sign, indicating that it is not definitively confirmed but rather suggested as a potential indicator.",no,Fragility of the esophageal mucosa is not a pathognomonic sign of primary eosinophilic esophagitis.,"The abstract does not mention primary eosinophilic esophagitis, but rather describes fragile esophageal mucosa as a possibly pathognomonic sign for GERD.",True,True,The disease condition 'Primary eosinophilic esophagitis' was replaced with 'Gastroesophageal reflux disease (GERD)' throughout the abstract context.,"Primary eosinophilic esophagitis, a chronic inflammatory disorder of the esophagus, evokes recurrent dysphagia. Endoscopy is often unremarkable, and no consensus exists regarding management of resultant dysphagia. The response of a series of patients with primary eosinophilic esophagitis to dilation is reported together with a description of a possibly pathognomonic sign: fragile esophageal mucosa, for which the term ""crêpe-paper"" mucosa is introduced.
Five men underwent endoscopy because of dysphagia confirmed (clinically, endoscopically, and histologically) to be caused by primary eosinophilic esophagitis and were treated by bouginage.","Gastroesophageal reflux disease (GERD), a chronic inflammatory disorder of the esophagus, evokes recurrent dysphagia. Endoscopy is often unremarkable, and no consensus exists regarding management of resultant dysphagia. The response of a series of patients with GERD to dilation is reported together with a description of a possibly pathognomonic sign: fragile esophageal mucosa, for which the term ""crêpe-paper"" mucosa is introduced.
Five men underwent endoscopy because of dysphagia confirmed (clinically, endoscopically, and histologically) to be caused by GERD and were treated by bouginage.",[]
pubmedqa_wtt_batch_cache 9,target_llama3_1_70b__aux_gemma4_e4b,230,12612531,Fragility of the esophageal mucosa: a pathognomonic endoscopic sign of primary eosinophilic esophagitis?,yes,False,2,mucosal_fragility,measured outcome,The physical characteristic of the esophageal mucosa observed during endoscopy.,"Extremely fragile, inelastic, and delicate (tears easily)",Normal or robust mucosa,False,maybe,Fragility of the esophageal mucosa may be a pathognomonic sign of primary eosinophilic esophagitis.,"The abstract introduces 'crêpe-paper' mucosa as a possibly pathognomonic sign, indicating that it is not definitively confirmed but rather suggested as a potential indicator.",no,Fragility of the esophageal mucosa is not a pathognomonic sign of primary eosinophilic esophagitis.,"The abstract introduces 'crêpe-paper' mucosa as a possibly pathognomonic sign, but does not confirm it as such.",True,True,"The description of the esophageal mucosal fragility in the OBSERVATIONS section was changed from 'extremely fragile, inelastic, and delicate (tears easily)' to 'normal or robust mucosa'.","All patients had extremely fragile, inelastic, and delicate mucosa, which tore easily even with minor trauma.","All patients had normal or robust mucosa, showing no signs of tears even with minor trauma.",[]
pubmedqa_wtt_batch_cache 9,target_llama3_1_70b__aux_gemma4_e4b,254,9602458,Does the Child Health Computing System adequately identify children with cerebral palsy?,no,True,0,percentage_nicpr_missing_from_chcs,numerical size,The proportion of cases recorded in the Northern Ireland Cerebral Palsy Register (NICPR) that were not found on the Child Health Computing System (CHCS). This is the primary evidence used to determine inadequacy.,47 per cent,less than 5 per cent,True,no,The Child Health Computing System does not adequately identify children with cerebral palsy.,"47% of cases recorded on the Northern Ireland Cerebral Palsy Register were not found on the CHCS, indicating a significant gap in identification.",no,The Child Health Computing System does not adequately identify children with cerebral palsy.,"Less than 5% of cases recorded on the NICPR were not found on the CHCS, but 12% of cases recorded on the CHCS were not found on the NICPR, indicating some discrepancies and false positives.",False,True,The proportion of cases recorded in the NICPR that were not found on the CHCS was changed from '47 per cent' to 'less than 5 per cent'.,47 per cent,less than 5 per cent,[]
pubmedqa_wtt_batch_cache 9,target_llama3_1_70b__aux_gemma4_e4b,254,9602458,Does the Child Health Computing System adequately identify children with cerebral palsy?,no,True,1,population_age_range,disease or condition,The specific age range of the children included in the sample.,5-9 years,"all ages (e.g., 0-18 years)",False,no,The Child Health Computing System does not adequately identify children with cerebral palsy.,"47% of cases recorded on the Northern Ireland Cerebral Palsy Register were not found on the CHCS, indicating a significant gap in identification.",no,The Child Health Computing System does not adequately identify children with cerebral palsy.,"47% of cases recorded on the Northern Ireland Cerebral Palsy Register were not found on the CHCS, indicating a significant gap in identification.",False,True,"The age range of the sample population was expanded from '5-9 years' to 'all ages (e.g., 0-18 years)'.",aged 5-9 years.,"of all ages (e.g., 0-18 years).",[]
pubmedqa_wtt_batch_cache 9,target_llama3_1_70b__aux_gemma4_e4b,254,9602458,Does the Child Health Computing System adequately identify children with cerebral palsy?,no,True,2,comparison_failure_direction,comparison group,"The direction of the comparison failure rate used to assess completeness (i.e., NICPR cases missing from CHCS vs. CHCS cases missing from NICPR).",NICPR cases not found on CHCS (47%),CHCS cases not found on NICPR (12%),False,no,The Child Health Computing System does not adequately identify children with cerebral palsy.,"47% of cases recorded on the Northern Ireland Cerebral Palsy Register were not found on the CHCS, indicating a significant gap in identification.",no,The Child Health Computing System does not adequately identify children with cerebral palsy.,"Of the 135 cases recorded on the NICPR, 47% were not found on the CHCS, indicating a significant under-identification of children with cerebral palsy by the system.",False,True,"The primary comparison failure direction was changed from 'NICPR cases missing in CHCS' to 'CHCS cases missing in NICPR', updating the source population, percentage, and associated interpretation.","Of the 135 cases recorded on the NICPR, 47 per cent were not found on the CHCS; the majority of these children had no computer record of any medical diagnosis.","Of the 82 cases recorded on the CHCS, 10 (12 per cent) were not found on the NICPR; the majority of these children had no computer record of any medical diagnosis.",[]
pubmedqa_wtt_batch_cache 9,target_llama3_1_70b__aux_gemma4_e4b,296,10759659,The nurse cystoscopist: a feasible option?,yes,True,0,kappa_agreement,statistical significance,The statistical measure of agreement between the UNP and the consultant urologist.,0.94 (very close agreement),"Significantly lower value, indicating poor agreement",True,yes,The nurse cystoscopist is a feasible option for detecting bladder tumours during flexible cystoscopy.,"The study found very close agreement between the trained urology nurse practitioner and consultant urologist in detecting bladder tumours, with only one minute tumour missed by each.",maybe,"The nurse cystoscopist may be a feasible option, but with limitations.","Although the UNP missed only one minute tumour and had similar detection rates to the consultant urologist, the poor agreement between them (Kappa = 0.35) suggests that further evaluation is needed.",True,True,"The Kappa agreement statistic was changed from 0.94 to 0.35, and the interpretation was adjusted accordingly from 'very close agreement' to 'poor agreement'.","Analysis using the chance-corrected proportional agreement (Kappa) was 0.94, indicating very close agreement.","Analysis using the chance-corrected proportional agreement (Kappa) was 0.35, indicating poor agreement.",[]
pubmedqa_wtt_batch_cache 9,target_llama3_1_70b__aux_gemma4_e4b,296,10759659,The nurse cystoscopist: a feasible option?,yes,True,1,missed_tumour_size,measured outcome,The size of the tumours that were missed by either practitioner.,Minute,Large or easily detectable,True,yes,The nurse cystoscopist is a feasible option for detecting bladder tumours during flexible cystoscopy.,"The study found very close agreement between the trained urology nurse practitioner and consultant urologist in detecting bladder tumours, with only one minute tumour missed by each.",yes,The nurse cystoscopist is a feasible option for detecting bladder tumours during flexible cystoscopy.,"The study found very close agreement between the trained urology nurse practitioner and consultant urologist in detecting bladder tumours, with only one tumour missed by each.",False,True,The size of the missed tumours (missed_tumour_size) was changed from 'Minute' to 'Large or easily detectable'.,each tumour was minute,each tumour was large or easily detectable,[]
pubmedqa_wtt_batch_cache 9,target_llama3_1_70b__aux_gemma4_e4b,307,9550200,Does lunar position influence the time of delivery?,yes,True,0,connection_found,measured outcome,Whether a statistical link between lunar cycle and delivery timing was observed.,A connection was found.,No significant connection was found.,True,yes,"Lunar position influences the time of delivery, particularly in multiparae and plurigravidae.","A connection between the distribution of spontaneous full-term deliveries and the lunar month was found, with the mean day of delivery corresponding to the first or second day after the full moon in multiparae and plurigravidae.",no,Lunar position does not influence the time of delivery.,No significant connection between the distribution of spontaneous full-term deliveries and the lunar month was found.,True,True,The main finding regarding a connection between lunar cycle and delivery timing was changed from 'A connection was found' to 'No significant connection was found.' The subsequent interpretive sentence was minimally adjusted to maintain internal consistency with the null finding.,"A connection between the distribution of spontaneous full-term deliveries and the lunar month was found. The effect of the phases of the moon seems to be particularly relevant in multiparae and plurigravidae; in these cases, the mean day of delivery corresponds to the first or second day after the full moon.","No significant connection between the distribution of spontaneous full-term deliveries and the lunar month was found. The effect of the phases of the moon did not appear particularly relevant in multiparae and plurigravidae; in these cases, no statistically significant pattern was observed for the mean day of delivery corresponding to the first or second day after the full moon.",[]
pubmedqa_wtt_batch_cache 9,target_llama3_1_70b__aux_gemma4_e4b,307,9550200,Does lunar position influence the time of delivery?,yes,True,1,relevant_parity_group,comparison group,The specific parity/gravidity group where the lunar effect was observed.,Multiparae and plurigravidae.,All parities (or only nulliparous women).,True,yes,"Lunar position influences the time of delivery, particularly in multiparae and plurigravidae.","A connection between the distribution of spontaneous full-term deliveries and the lunar month was found, with the mean day of delivery corresponding to the first or second day after the full moon in multiparae and plurigravidae.",yes,Lunar position influences the time of delivery.,"A connection between the distribution of spontaneous full-term deliveries and the lunar month was found, with the mean day of delivery corresponding to the first or second day after the full moon.",False,True,The specific parity group where the lunar effect was observed changed from multiparae/plurigravidae to all parities.,multiparae and plurigravidae,all parities,[]
pubmedqa_wtt_batch_cache 9,target_llama3_1_70b__aux_gemma4_e4b,307,9550200,Does lunar position influence the time of delivery?,yes,True,2,optimal_delivery_lunar_phase,measured outcome,The specific timing relative to the full moon associated with delivery.,First or second day after the full moon.,Day of the full moon (or random phase).,True,yes,"Lunar position influences the time of delivery, particularly in multiparae and plurigravidae.","A connection between the distribution of spontaneous full-term deliveries and the lunar month was found, with the mean day of delivery corresponding to the first or second day after the full moon in multiparae and plurigravidae.",yes,Lunar position influences the time of delivery.,"A connection between the distribution of spontaneous full-term deliveries and the lunar month was found, indicating that lunar position has an effect on the timing of delivery.",False,True,The specific timing associated with optimal delivery relative to the full moon was changed from 'First or second day after the full moon' to 'Day of the full moon (or random phase)'.,the first or second day after the full moon.,day of the full moon (or random phase).,[]
pubmedqa_wtt_batch_cache 9,target_llama3_1_70b__aux_gemma4_e4b,309,11296674,Prostatic syndrome and pleural effusion: are they different diseases?,maybe,False,0,cooccurrence_of_prostate_and_pleural_issues,other,The ability for prostatic neoplasms and pleural effusion to occur together in the same patient.,Associated (uncommon association reported),Mutually exclusive (never found together),True,no,Prostatic syndrome and pleural effusion are associated with the same patient.,"The abstract mentions both prostatic neoplasms and malignant pleural effusion, indicating that they can occur together in the same individual.",maybe,The study does not provide direct information about prostatic syndrome and pleural effusion.,"The abstract only discusses the co-occurrence of prostate and lung cancer, without mentioning prostatic syndrome or pleural effusion.",True,True,"The objective was changed from reporting an 'uncommon association' to determining if a co-occurrence exists, and the results were modified from describing advanced stages of both tumors (implying co-existence) to stating that no co-occurrence was observed.",[OBJECTIVE] To report an uncommon association of prostate and lung cancer. ... [RESULTS] Both tumors were in the advanced stages. Metastatic carcinoma of the prostate was discarded due to the form of presentation.,[OBJECTIVE] To determine if there is any co-occurrence between prostate and lung cancer. ... [RESULTS] No co-occurrence of these two conditions was observed during this study period.,[]
pubmedqa_wtt_batch_cache 9,target_llama3_1_70b__aux_gemma4_e4b,309,11296674,Prostatic syndrome and pleural effusion: are they different diseases?,maybe,False,1,malignancy_status_of_pleural_effusion,disease or condition,Whether the pleural effusion is malignant or benign.,Malignant (Malignant pleural effusion),Benign (or no effusion mentioned),True,no,Prostatic syndrome and pleural effusion are associated with the same patient.,"The abstract mentions both prostatic neoplasms and malignant pleural effusion, indicating that they can occur together in the same individual.",no,Prostatic syndrome and pleural effusion are associated with the same patient.,"The abstract mentions both prostatic neoplasms and pleural effusion as part of the analyzed characteristics, indicating a connection between the two conditions in this specific case.",False,True,The malignancy status of the pleural effusion was changed from Malignant to Benign.,Malignant,Benign,[]
pubmedqa_wtt_batch_cache 9,target_llama3_1_70b__aux_gemma4_e4b,309,11296674,Prostatic syndrome and pleural effusion: are they different diseases?,maybe,False,2,type_of_prostate_neoplasm,disease or condition,The specific type of prostate tumor/condition being discussed.,Prostatic neoplasms (Malignant),Benign prostatic hyperplasia (BPH) or no prostate issue mentioned,True,no,Prostatic syndrome and pleural effusion are associated with the same patient.,"The abstract mentions both prostatic neoplasms and malignant pleural effusion, indicating that they can occur together in the same individual.",no,Prostatic syndrome and pleural effusion are associated with the same patient.,The abstract mentions both prostatic hyperplasia (a condition related to prostate) and pleural effusion in the context of a single patient with multiple primary neoplasms.,False,True,"The description of the prostate condition in the results section was changed from malignant neoplasia (metastatic carcinoma) to a benign finding (prostatic hyperplasia), and corresponding MeSH terms were updated.",Metastatic carcinoma of the prostate was discarded due to the form of presentation.,"Prostatic hyperplasia was noted, and metastatic carcinoma of the prostate was ruled out due to the form of presentation.",[]
pubmedqa_wtt_batch_cache 9,target_llama3_1_70b__aux_gemma4_e4b,329,17704864,Is laparoscopic adrenalectomy safe and effective for adrenal masses larger than 7 cm?,yes,False,0,intraoperative_complications_rate,measured outcome,The reported percentage of patients experiencing intraoperative complications during the procedure.,16%,< 5%,True,maybe,"Laparoscopic adrenalectomy may be safe and effective for adrenal masses larger than 7 cm, but with a notable rate of intraoperative complications.","The study reports a 16% rate of intraoperative complications and three cases requiring conversion to open surgery, indicating potential risks associated with the procedure.",maybe,"Laparoscopic adrenalectomy may be safe and effective for adrenal masses larger than 7 cm, but with a low rate of intraoperative complications and some cases requiring conversion to open surgery.","The study reports a low rate of intraoperative complications (<5%) and successful laparoscopic procedures in most cases, but also notes that three cases required conversion to open surgery.",False,True,The reported percentage of intraoperative complications was changed from 16% to < 5%.,the rate of intraoperative complications was 16%,the rate of intraoperative complications was < 5%,[]
pubmedqa_wtt_batch_cache 9,target_llama3_1_70b__aux_gemma4_e4b,329,17704864,Is laparoscopic adrenalectomy safe and effective for adrenal masses larger than 7 cm?,yes,False,1,minimum_adrenal_lesion_size,numerical size,The minimum size threshold for adrenal lesions studied in this retrospective analysis.,larger than 7 cm,smaller than 6 cm,False,maybe,"Laparoscopic adrenalectomy may be safe and effective for adrenal masses larger than 7 cm, but with a notable rate of intraoperative complications.","The study reports a 16% rate of intraoperative complications and three cases requiring conversion to open surgery, indicating potential risks associated with the procedure.",no,Laparoscopic adrenalectomy is not safe and effective for adrenal masses larger than 7 cm.,"The study evaluated LA for adrenal lesions smaller than 6 cm, but the results showed a mean tumor size of 8.3 cm with significant complications, including a 16% intraoperative complication rate and three conversions to open surgery.",True,True,The minimum size threshold for adrenal lesions studied in the background and methods sections was changed from 'larger than 7 cm' to 'smaller than 6 cm'.,larger than 7 cm,smaller than 6 cm,[]
pubmedqa_wtt_batch_cache 9,target_llama3_1_70b__aux_gemma4_e4b,329,17704864,Is laparoscopic adrenalectomy safe and effective for adrenal masses larger than 7 cm?,yes,False,2,open_surgery_conversion_cases,measured outcome,The number of cases requiring conversion from laparoscopic procedure to open surgery.,three cases,zero cases,True,maybe,"Laparoscopic adrenalectomy may be safe and effective for adrenal masses larger than 7 cm, but with a notable rate of intraoperative complications.","The study reports a 16% rate of intraoperative complications and three cases requiring conversion to open surgery, indicating potential risks associated with the procedure.",yes,Laparoscopic adrenalectomy is safe and effective for adrenal masses larger than 7 cm.,"The study reports a low rate of intraoperative complications (16%) and no conversions to open surgery, indicating that LA can be safely performed on large adrenal masses.",True,True,The number of cases requiring conversion from laparoscopic procedure to open surgery was changed from three cases to zero cases.,and in three cases we switched from laparoscopic procedure to open surgery.,and in zero cases we switched from laparoscopic procedure to open surgery.,[]
pubmedqa_wtt_batch_cache 9,target_llama3_1_70b__aux_gemma4_e4b,332,26399179,Eyelid-parotid metastasis: do we screen for coexisting masses?,yes,False,0,number_of_cases,numerical size,The quantity of patient cases reported illustrating metastasis.,three,dozens,True,maybe,"The cases suggest that screening for coexisting masses may be warranted, but it is not explicitly stated as a recommendation.","The report highlights three cases where primary eyelid tumours metastasised to the parotid gland and vice versa, indicating a possible connection between the two, but does not provide clear guidance on screening protocols.",maybe,"The study suggests considering screening for coexisting masses, but does not explicitly state a recommendation.","The report highlights multiple cases of metastasis between eyelid and parotid gland tumours, implying that screening for coexisting masses might be warranted, but the abstract does not provide a clear conclusion or guideline.",False,True,"The number of cases reported in the objective and implied throughout the case reports was changed from 'three' to 'dozens', requiring generalization of specific patient counts (two and a third) to reflect a larger cohort.",three cases illustrating that it is not unusual for a primary eyelid tumour to metastasise to the parotid gland and vice versa. ... Two patients with malignant parotid tumours underwent radical parotidectomy and presented subsequently with eyelid lesions. Biopsy showed that both eyelid lesions were histologically similar to the primary parotid tumour. A third patient was noted to have ipsilateral upper eyelid and parotid gland tumours.,dozens of cases illustrating that it is not unusual for a primary eyelid tumour to metastasise to the parotid gland and vice versa. ... Multiple patients with malignant parotid tumours underwent radical parotidectomy and presented subsequently with eyelid lesions. Biopsy showed that both eyelid lesions were histologically similar to the primary parotid tumour. Many patients were noted to have ipsilateral upper eyelid and parotid gland tumours.,[]
pubmedqa_wtt_batch_cache 9,target_llama3_1_70b__aux_gemma4_e4b,332,26399179,Eyelid-parotid metastasis: do we screen for coexisting masses?,yes,False,1,explicit_screening_guidelines,other,Whether the report or associated guidelines provide clear recommendations for screening coexisting masses.,not provided,recommended in clinical guidelines,True,maybe,"The cases suggest that screening for coexisting masses may be warranted, but it is not explicitly stated as a recommendation.","The report highlights three cases where primary eyelid tumours metastasised to the parotid gland and vice versa, indicating a possible connection between the two, but does not provide clear guidance on screening protocols.",yes,Screening for coexisting masses is recommended.,"Clinical guidelines recommend screening for coexisting masses, as illustrated by the reported cases of metastasis between eyelid and parotid gland tumours.",True,True,The objective statement was modified to reflect that explicit screening guidelines are now available and recommend checking for coexisting masses.,[OBJECTIVE] To report three cases illustrating that it is not unusual for a primary eyelid tumour to metastasise to the parotid gland and vice versa.,"[OBJECTIVE] Given that screening for coexisting masses is recommended in clinical guidelines, we report three cases illustrating that it is not unusual for a primary eyelid tumour to metastasise to the parotid gland and vice versa.",[]
pubmedqa_wtt_batch_cache 9,target_llama3_1_70b__aux_gemma4_e4b,332,26399179,Eyelid-parotid metastasis: do we screen for coexisting masses?,yes,False,2,type_of_evidence,study design,"The scientific rigor or scope of the evidence presented (e.g., case reports vs. large cohort studies).",case reports,large multi-center study,False,maybe,"The cases suggest that screening for coexisting masses may be warranted, but it is not explicitly stated as a recommendation.","The report highlights three cases where primary eyelid tumours metastasised to the parotid gland and vice versa, indicating a possible connection between the two, but does not provide clear guidance on screening protocols.",yes,We screen for coexisting masses.,"The data suggests a strong correlation between primary eyelid tumours and parotid gland masses, requiring comprehensive screening protocols.",True,True,"The study design was changed from 'case reports' (focusing on three specific patients) to 'large multi-center study,' necessitating changes in the objective and body text to reflect population-level analysis rather than individual case descriptions.",[OBJECTIVE] To report three cases illustrating that it is not unusual for a primary eyelid tumour to metastasise to the parotid gland and vice versa. [CASE REPORTS] Two patients with malignant parotid tumours underwent radical parotidectomy and presented subsequently with eyelid lesions. Biopsy showed that both eyelid lesions were histologically similar to the primary parotid tumour. A third patient was noted to have ipsilateral upper eyelid and parotid gland tumours. Histology and immunocytochemistry were used to differentiate the primary tumour and the metastasis.,"[OBJECTIVE] To analyze data from a large multi-center study to determine the frequency and characteristics of metastasis between primary eyelid tumours and parotid gland masses. [LARGE MULTI-CENTER STUDY] Analysis of 150 patients across multiple centers revealed that metastatic involvement is observed in a significant percentage of cases, with histopathology confirming similarity between the primary site and the secondary lesion. The data suggests a strong correlation requiring comprehensive screening protocols for coexisting masses.",[]
pubmedqa_wtt_batch_cache 9,target_llama3_1_70b__aux_gemma4_e4b,355,25371231,Is vitamin D insufficiency or deficiency related to the development of osteochondritis dissecans?,maybe,True,0,prevalence_of_deficiency,measured outcome,The proportion of patients in the study group who exhibited vitamin D3 deficiency.,"High (18/23, or approximately 78%)","Low (e.g., only 3/23)",True,maybe,Vitamin D insufficiency or deficiency might be a contributing etiological factor in the development of an OCD lesion.,"The study found a distinct vitamin D3 deficiency in most patients with osteochondritis dissecans, suggesting a possible link between the two conditions.",maybe,"Vitamin D insufficiency or deficiency might be a contributing etiological factor in the development of an OCD lesion, but only a minority of patients exhibited distinct vitamin D3 deficiency.","The study found that only 3 out of 23 patients had a distinct vitamin D3 deficiency, suggesting that while there may be some relationship between vitamin D levels and osteochondritis dissecans, it is not a clear-cut or universal factor.",False,True,"The prevalence of vitamin D3 deficiency in the study group was changed from high (18/23) to low (3/23), and the descriptive adjective 'majority' was adjusted to 'minority' for consistency.","In the majority of patients (18/23), a distinct vitamin D3 deficiency was found","In a minority of patients (only 3/23), a distinct vitamin D3 deficiency was found",[]
pubmedqa_wtt_batch_cache 9,target_llama3_1_70b__aux_gemma4_e4b,355,25371231,Is vitamin D insufficiency or deficiency related to the development of osteochondritis dissecans?,maybe,True,1,study_design_type,study design,"The temporal relationship established by the study design (i.e., whether deficiency was measured before or after OCD onset).",Cross-sectional/Prospective Pilot Study (Deficiency measured in patients already diagnosed with OCD),Longitudinal cohort study (Measuring vitamin D levels and tracking development of OCD over time),False,maybe,Vitamin D insufficiency or deficiency might be a contributing etiological factor in the development of an OCD lesion.,"The study found a distinct vitamin D3 deficiency in most patients with osteochondritis dissecans, suggesting a possible link between the two conditions.",maybe,Vitamin D insufficiency or deficiency might contribute to the development of an OCD lesion over time.,"The study aimed to analyze whether vitamin D insufficiency or deficiency contributes to the development of osteochondritis dissecans, but the abstract does not provide conclusive results.",False,True,"The study design type was changed from 'prospective pilot study' to 'longitudinal cohort study'. Corresponding changes were made throughout the abstract: 1) The purpose statement was updated to reflect tracking development over time. 2) The methods section was adjusted to describe measuring vitamin D levels in patients enrolled at baseline for tracking, rather than measuring it in already diagnosed surgical candidates. 3) The results section was minimally edited ('At baseline') to frame the existing numerical findings as initial measurements within a cohort.","The aim of this prospective pilot study was to analyse whether vitamin D insufficiency, or deficiency, might be a contributing etiological factor in the development of an OCD lesion. ... The serum level of vitamin D3 in 23 consecutive patients (12 male and 11 female) suffering from a stage III, or stages III and IV, OCD lesion (mostly stage III) admitted for surgery was measured. ... In the majority of patients (18/23), a distinct vitamin D3 deficiency was found","The aim of this longitudinal cohort study was to analyze whether vitamin D insufficiency, or deficiency, might contribute to the development of an OCD lesion over time. ... The serum level of vitamin D3 was measured in 23 consecutive patients (12 male and 11 female) who were enrolled at baseline to track the development of an OCD lesion. ... At baseline, in the majority of patients (18/23), a distinct vitamin D3 deficiency was found",[]
pubmedqa_wtt_batch_cache 9,target_llama3_1_70b__aux_gemma4_e4b,355,25371231,Is vitamin D insufficiency or deficiency related to the development of osteochondritis dissecans?,maybe,True,2,type_of_relationship_established,other,Whether the observed link is merely an association (correlation) or if evidence suggests a causal relationship.,Association/Correlation (Deficiency found in OCD patients),Causation (Demonstrating that deficiency directly precedes and causes OCD lesion development),True,maybe,Vitamin D insufficiency or deficiency might be a contributing etiological factor in the development of an OCD lesion.,"The study found a distinct vitamin D3 deficiency in most patients with osteochondritis dissecans, suggesting a possible link between the two conditions.",maybe,"Vitamin D insufficiency or deficiency may be related to osteochondritis dissecans, but a causal role is still unclear.","The study found a distinct vitamin D3 deficiency in the majority of patients with OCD lesions, suggesting a possible link, but the abstract does not confirm a definitive causal relationship.",False,True,The purpose statement was modified from analyzing whether deficiency is merely a 'contributing etiological factor' (association) to determining if correcting deficiency can 'prevent or halt' lesion progression (causation).,"The aim of this prospective pilot study was to analyse whether vitamin D insufficiency, or deficiency, might be a contributing etiological factor in the development of an OCD lesion.",The aim of this prospective pilot study was to determine if correcting vitamin D levels could prevent or halt the progression of OCD lesions (suggesting a causal role).,[]
pubmedqa_wtt_batch_cache 9,target_llama3_1_70b__aux_gemma4_e4b,358,12068831,Do nontriploid partial hydatidiform moles exist?,no,True,0,initial_classification_status,disease or condition,The initial diagnosis given to the moles before reevaluation.,putative nontriploid partial hydatidiform moles,confirmed triploid partial hydatidiform moles,True,no,Nontriploid partial hydatidiform moles do not truly exist.,"Upon reevaluation, all cases were either diploid nonpartial moles, triploid partial moles, or a diploid early complete mole, indicating that nontriploid partial hydatidiform moles are likely the result of misclassification.",yes,Nontriploid partial hydatidiform moles exist.,"The study found that 53% of initially confirmed triploid partial hydatidiform moles were actually diploid nonpartial moles, indicating the existence of nontriploid partial hydatidiform moles.",True,True,The initial classification status of the moles studied was changed from 'nontriploid partial hydatidiform moles' to 'confirmed triploid partial hydatidiform moles'. This required a minimal edit in the Objective section to maintain consistency with the new focus.,nontriploid partial hydatidiform moles (in Objective) and putative nontriploid partial hydatidiform moles (in Study Design),confirmed triploid partial hydatidiform moles (in Objective) and confirmed triploid partial hydatidiform moles (in Study Design),[]
pubmedqa_wtt_batch_cache 9,target_llama3_1_70b__aux_gemma4_e4b,358,12068831,Do nontriploid partial hydatidiform moles exist?,no,True,1,reclassification_outcome,measured outcome,"The finding that all studied cases were reclassified into established, known types.","All 19 cases were reclassified (diploid nonpartial, triploid partial, or diploid early complete).",A significant number of cases retained the nontriploid status after reevaluation.,True,no,Nontriploid partial hydatidiform moles do not truly exist.,"Upon reevaluation, all cases were either diploid nonpartial moles, triploid partial moles, or a diploid early complete mole, indicating that nontriploid partial hydatidiform moles are likely the result of misclassification.",yes,Nontriploid partial hydatidiform moles exist.,A significant number of cases retained nontriploid status after reevaluation.,True,True,The overall conclusion regarding the fate of the 19 studied moles was changed from stating that all were successfully reclassified into known types to stating that a significant number maintained their initial nontriploid classification.,"All 19 cases were reclassified (diploid nonpartial, triploid partial, or diploid early complete).","Furthermore, a significant number of cases retained the nontriploid status after reevaluation.",[]
pubmedqa_wtt_batch_cache 9,target_llama3_1_70b__aux_gemma4_e4b,358,12068831,Do nontriploid partial hydatidiform moles exist?,no,True,2,ploidy_status_of_moles,measured outcome,"The ploidy level found in the moles, which is central to defining 'nontriploid'.",Diploid or Triploid (reclassified states),Nontriploid (a genuinely distinct third ploidy state),True,no,Nontriploid partial hydatidiform moles do not truly exist.,"Upon reevaluation, all cases were either diploid nonpartial moles, triploid partial moles, or a diploid early complete mole, indicating that nontriploid partial hydatidiform moles are likely the result of misclassification.",no,Nontriploid partial hydatidiform moles do not truly exist.,"The study found that all initially identified non-triploid partial moles were either diploid nonpartial moles, triploid partial moles, or a diploid early complete mole upon reevaluation.",False,True,"The definition of 'nontriploid' was changed from implying a reclassified status ('Diploid or Triploid (reclassified states)') to defining it as an established, unique biological state ('Nontriploid (a genuinely distinct third ploidy state)').",19 putative nontriploid partial hydatidiform moles,19 putative non-triploid (a genuinely distinct third ploidy state) partial hydatidiform moles,[]
pubmedqa_wtt_batch_cache 9,target_llama3_1_70b__aux_gemma4_e4b,389,24964725,"Recovery Outcome Measures: Is There a Place for Culture, Attitudes, and Faith?",yes,True,0,link_between_factors,measured outcome,"The existence of links between attitudes, faith, and culture in supporting recovery.",Links exist (or are questioned) in supporting the recovery journey.,No significant links found between these factors and recovery.,True,yes,"Culture, attitudes, and faith have a place in recovery outcome measures.","The RAQ raised questions about links between attitudes, faith, and culture in supporting the recovery journey, indicating their relevance to recovery outcome measures.",no,"There is no significant link between culture, attitudes, and faith and recovery outcomes.","The study found no significant links between attitudes, faith, and culture and recovery in a secular multicultural society.",True,True,"The abstract was changed from stating that the study raised questions about the existence of links between cultural factors (attitudes, faith, culture) and recovery to stating that the study suggested no significant links exist.","including links between attitudes, faith, and culture in supporting the recovery journey.","suggested no significant links between attitudes, faith, and culture and recovery.",[]
pubmedqa_wtt_batch_cache 9,target_llama3_1_70b__aux_gemma4_e4b,389,24964725,"Recovery Outcome Measures: Is There a Place for Culture, Attitudes, and Faith?",yes,True,1,relevance_of_factors,measured outcome,"Whether culture, attitudes, and faith are relevant to recovery outcome measures.",Relevant (indicated by the questions raised).,Irrelevant or not supported by evidence in outcome measures.,True,yes,"Culture, attitudes, and faith have a place in recovery outcome measures.","The RAQ raised questions about links between attitudes, faith, and culture in supporting the recovery journey, indicating their relevance to recovery outcome measures.",no,"Culture, attitudes, and faith are not critical factors for recovery outcomes.",The study found no significant links between these factors and recovery outcomes in a secular multicultural society.,True,True,The abstract was changed from suggesting that the study raised questions about the relevance of cultural/faith factors (Current Value: Relevant) to stating that the study found no significant links between these factors and recovery outcomes (Alternative Value: Irrelevant or not supported by evidence).,"raised questions about the RAQ, including links between attitudes, faith, and culture in supporting the recovery journey","found no significant links between attitudes, faith, and culture regarding recovery outcomes",[]
pubmedqa_wtt_batch_cache 9,target_llama3_1_70b__aux_gemma4_e4b,397,16776337,Pituitary apoplexy: do histological features influence the clinical presentation and outcome?,yes,False,0,study_results,measured outcome,The actual findings or data comparing clinical presentation and outcome between the two histological groups.,Not provided (only methodology described),Hemorrhagic infarction group showed significantly higher mortality rates compared to the infarction alone group.,True,maybe,"The study aimed to determine if histological features influence clinical presentation and outcome, but the abstract does not explicitly state the findings.","The abstract describes the methodology of comparing two groups based on histological features, but it does not provide information about the results or conclusions drawn from this comparison.",yes,Histological features influence the clinical presentation and outcome of pituitary apoplexy.,"The analysis revealed that patients with hemorrhagic infarction had significantly higher mortality rates compared to those with infarction alone, indicating a difference in outcome based on histopathological features.",True,True,"Added specific study results detailing the comparison of outcomes, stating that the hemorrhagic infarction group had significantly higher mortality rates than the infarction alone group.","The presenting symptoms, clinical features, endocrinological status, and outcome were compared between the two groups.","The presenting symptoms, clinical features, endocrinological status, and outcome were compared between the two groups. Analysis revealed that the hemorrhagic infarction group showed significantly higher mortality rates compared to the infarction alone group.",[]
pubmedqa_wtt_batch_cache 9,target_llama3_1_70b__aux_gemma4_e4b,397,16776337,Pituitary apoplexy: do histological features influence the clinical presentation and outcome?,yes,False,1,histological_grouping,comparison group,The specific classification used to divide patients into comparison groups (Infarction alone vs. Hemorrhagic/frank hemorrhage).,Infarction alone; hemorrhagic infarction and/or frank hemorrhage,All pituitary apoplexy cases regardless of histological features.,True,maybe,"The study aimed to determine if histological features influence clinical presentation and outcome, but the abstract does not explicitly state the findings.","The abstract describes the methodology of comparing two groups based on histological features, but it does not provide information about the results or conclusions drawn from this comparison.",maybe,"The study aimed to determine if histopathological features influence clinical presentation or outcome, but the abstract does not provide a clear conclusion.","The abstract states that the analysis was performed to 'ascertain whether the histopathological features influence the clinical presentation or the outcome', implying that the relationship is being investigated, but it does not report the findings.",False,True,The comparison group definition was changed from 'Infarction alone; hemorrhagic infarction and/or frank hemorrhage' to 'All pituitary apoplexy cases regardless of histological features.' This required changing the methodology section to reflect that all patients were included in a single analysis rather than being divided into two groups.,"The patients were divided into two groups according to the histological features of their disease: one group with infarction alone, comprising 22 patients; and the other with hemorrhagic infarction and/or frank hemorrhage, comprising 37 patients. The presenting symptoms, clinical features, endocrinological status, and outcome were compared between the two groups.","All 59 patients were included in the study regardless of histological features. The presenting symptoms, clinical features, endocrinological status, and outcome were analyzed across this single cohort.",[]
pubmedqa_wtt_batch_cache 9,target_llama3_1_70b__aux_gemma4_e4b,397,16776337,Pituitary apoplexy: do histological features influence the clinical presentation and outcome?,yes,False,2,measured_outcome,measured outcome,"The specific clinical or physiological outcome being compared between the two groups (e.g., mortality, recovery time).",Outcome (general),30-day survival rate.,True,maybe,"The study aimed to determine if histological features influence clinical presentation and outcome, but the abstract does not explicitly state the findings.","The abstract describes the methodology of comparing two groups based on histological features, but it does not provide information about the results or conclusions drawn from this comparison.",no,Histological features do not influence the clinical presentation or outcome of pituitary apoplexy.,"The study compared two groups with different histological features and found no significant difference in presenting symptoms, clinical features, endocrinological status, and 30-day survival rate.",True,True,"The general concept of 'outcome' was replaced with the specific measured outcome, '30-day survival rate,' in both the Objective and Methods sections.",or the outcome. ... and outcome were compared between the two groups.,or the 30-day survival rate. ... and 30-day survival rate were compared between the two groups.,[]
pubmedqa_wtt_batch_cache 9,target_llama3_1_70b__aux_gemma4_e4b,466,23375036,An HIV1/2 point of care test on sputum for screening TB/HIV co-infection in Central India - Will it work?,yes,True,0,sensitivity_rate,measured outcome,The percentage of true positive results reported by the assay compared to the gold standard.,90%,50%,True,yes,The OraQuick HIV-1/2 Assay on sputum is a valid tool for HIV surveillance among TB patients.,"The study found high sensitivity and specificity of the assay in sputum specimens compared to serum ELISA, indicating its effectiveness.",maybe,"The OraQuick HIV-1/2 Assay on sputum may work for screening TB/HIV co-infection, but its sensitivity is relatively low.","Although the assay showed high specificity and positive predictive value, its sensitivity was only 50%, indicating potential false negatives.",True,True,"The reported sensitivity rate was changed from 90% to 50%, and the corresponding supporting fraction (9/10) was minimally updated to (5/10) for internal consistency.",90% sensitivity (9/10),50% sensitivity (5/10),[]
pubmedqa_wtt_batch_cache 9,target_llama3_1_70b__aux_gemma4_e4b,466,23375036,An HIV1/2 point of care test on sputum for screening TB/HIV co-infection in Central India - Will it work?,yes,True,1,specificity_rate,measured outcome,The percentage of true negative results reported by the assay compared to the gold standard.,100%,85%,True,yes,The OraQuick HIV-1/2 Assay on sputum is a valid tool for HIV surveillance among TB patients.,"The study found high sensitivity and specificity of the assay in sputum specimens compared to serum ELISA, indicating its effectiveness.",maybe,"The OraQuick HIV-1/2 Assay on sputum may be a valid tool for HIV surveillance among TB patients, but its effectiveness in Central India is not explicitly stated.","The study was conducted in an unspecified location in India and reported promising results, but the abstract does not provide information specific to Central India.",True,True,"The reported specificity rate was changed from 100% to 85%, adjusting the numerator of the fraction accordingly while keeping the denominator constant.",and 100% specificity (307/307),and 85% specificity (261/307),[]
pubmedqa_wtt_batch_cache 9,target_llama3_1_70b__aux_gemma4_e4b,466,23375036,An HIV1/2 point of care test on sputum for screening TB/HIV co-infection in Central India - Will it work?,yes,True,2,comparison_assay,other,The reference test used to validate the OraQuick assay results.,serum ELISA,PCR-based assay,True,yes,The OraQuick HIV-1/2 Assay on sputum is a valid tool for HIV surveillance among TB patients.,"The study found high sensitivity and specificity of the assay in sputum specimens compared to serum ELISA, indicating its effectiveness.",yes,The OraQuick HIV-1/2 Assay on sputum is a valid tool for HIV surveillance among TB patients.,"The study found high sensitivity and specificity of the assay in sputum specimens, indicating its effectiveness for screening TB/HIV co-infection.",False,True,The reference test used for comparison (comparison_assay) was changed from serum ELISA to PCR-based assay.,serum ELISA,PCR-based assay,[]
pubmedqa_wtt_batch_cache 9,target_llama3_1_70b__aux_gemma4_e4b,469,27136599,Is it safe to perform rectal anastomosis in gynaecological debulking surgery without a diverting stoma?,yes,False,0,primary_outcome_data_availability,measured outcome,Whether the primary outcome data (anastomotic leakage) was explicitly recorded or reported for all patients in the study.,Not explicitly stated for all patients.,Explicitly stated and available for all patients.,True,maybe,The study does not provide conclusive evidence on the safety of performing rectal anastomosis without a diverting stoma.,"Although three patients underwent a diverting loop ileostomy, the primary outcome of anastomotic leakage in the presence or absence of a diverting stoma is not explicitly stated for all patients.",maybe,The study does not provide conclusive evidence on the safety of performing rectal anastomosis without a diverting stoma.,"Although the primary outcome was anastomotic leakage in the presence or absence of a diverting stoma, the abstract does not explicitly state the results of this comparison.",False,True,Modified the methods section to state that the primary outcome data (anastomotic leakage) was explicitly recorded and available for all patients.,The primary outcome was anastomotic leakage in the presence or absence of a diverting stoma.,"The primary outcome was anastomotic leakage in the presence or absence of a diverting stoma, and this data was explicitly stated and available for all patients.",[]
pubmedqa_wtt_batch_cache 9,target_llama3_1_70b__aux_gemma4_e4b,469,27136599,Is it safe to perform rectal anastomosis in gynaecological debulking surgery without a diverting stoma?,yes,False,1,diverting_ileostomy_patient_count,numerical size,"The number or proportion of patients who underwent a diverting loop ileostomy, which is relevant for assessing the completeness of data.",Three (8%) patients.,"A significantly higher percentage of patients (e.g., >50%).",True,maybe,The study does not provide conclusive evidence on the safety of performing rectal anastomosis without a diverting stoma.,"Although three patients underwent a diverting loop ileostomy, the primary outcome of anastomotic leakage in the presence or absence of a diverting stoma is not explicitly stated for all patients.",maybe,The study does not provide conclusive evidence on the safety of performing rectal anastomosis without a diverting stoma.,"Although the study reports outcomes with and without a diverting stoma, it does not explicitly state that one approach is safer than the other.",False,True,"The proportion of patients who underwent a diverting loop ileostomy was increased from 3 patients (8%) to approximately 20 patients (54%), reflecting the alternative value of a significantly higher percentage (>50%).","In three (8%) patients, a diverting loop ileostomy was created.","In approximately twenty (54%) patients, a diverting loop ileostomy was created.",[]
pubmedqa_wtt_batch_cache 9,target_llama3_1_70b__aux_gemma4_e4b,472,11149643,Is semi-closed endarterectomy of the superficial femoral artery combined with a short venous bypass in case of insufficient venous material an acceptable alternative for limb-threatening ischemia?,yes,True,0,primary_patency_rate,measured outcome,The cumulative primary patency rate of the revascularization procedure at specific time points.,60.3% at 1 year and 48.4% at 3 years,Below 20% at 1 year,True,yes,Semi-closed endarterectomy of the superficial femoral artery combined with a short venous bypass is an acceptable alternative for limb-threatening ischemia.,"The study shows that this procedure results in a cumulative primary patency rate of 60.3% at 1 year and a limb salvage rate of 68.6% at 1 and 3 years, indicating its effectiveness.",maybe,The procedure has a low primary patency rate but a relatively high limb salvage rate.,"Although the cumulative primary patency was below 20% at 1 year, the limb salvage rate remained at 68.6% at both 1 and 3 years, suggesting that this method may still be beneficial for some patients with critical leg ischemia.",True,True,The reported cumulative primary patency rate was changed from specific percentages (60.3% at 1 year and 48.4% at 3 years) to a significantly lower estimate (Below 20% at 1 year).,The cumulative primary patency was 60.3% at 1 year and 48.4% at 3 years.,The cumulative primary patency was Below 20% at 1 year.,[]
pubmedqa_wtt_batch_cache 9,target_llama3_1_70b__aux_gemma4_e4b,472,11149643,Is semi-closed endarterectomy of the superficial femoral artery combined with a short venous bypass in case of insufficient venous material an acceptable alternative for limb-threatening ischemia?,yes,True,1,critical_leg_ischemia,disease or condition,The severity of the underlying vascular condition requiring revascularization.,Critical leg ischemia (limb-threatening),Mild peripheral arterial disease,False,yes,Semi-closed endarterectomy of the superficial femoral artery combined with a short venous bypass is an acceptable alternative for limb-threatening ischemia.,"The study shows that this procedure results in a cumulative primary patency rate of 60.3% at 1 year and a limb salvage rate of 68.6% at 1 and 3 years, indicating its effectiveness.",maybe,The procedure shows moderate primary patency and limb salvage rates.,"Although the cumulative primary patency and limb salvage rates are not extremely high, they are still notable, suggesting that this method could be considered as an alternative in cases of insufficient venous material.",True,True,The underlying condition requiring revascularization was changed from 'Critical leg ischemia (limb-threatening)' to 'Mild peripheral arterial disease'.,critical leg ischemia,Mild peripheral arterial disease,[]
pubmedqa_wtt_batch_cache 9,target_llama3_1_70b__aux_gemma4_e4b,472,11149643,Is semi-closed endarterectomy of the superficial femoral artery combined with a short venous bypass in case of insufficient venous material an acceptable alternative for limb-threatening ischemia?,yes,True,2,follow_up_duration,follow-up duration,The time period over which the patency and salvage rates were measured.,3 years (or 1 year),6 months,True,yes,Semi-closed endarterectomy of the superficial femoral artery combined with a short venous bypass is an acceptable alternative for limb-threatening ischemia.,"The study shows that this procedure results in a cumulative primary patency rate of 60.3% at 1 year and a limb salvage rate of 68.6% at 1 and 3 years, indicating its effectiveness.",maybe,The procedure shows moderate primary patency and limb salvage rates.,"Although the cumulative primary patency and limb salvage rates are not extremely high, they are still notable, suggesting that this method could be a viable alternative in cases of insufficient venous material.",True,True,The follow-up duration reported in the results section was changed from 3 years to 6 months.,at 3 years,at 6 months,[]
pubmedqa_wtt_batch_cache 9,target_llama3_1_70b__aux_gemma4_e4b,481,10798511,Blunt trauma in intoxicated patients: is computed tomography of the abdomen always necessary?,no,True,0,percentage_requiring_abdominal_exploration,measured outcome,The proportion of patients with abdominal injuries who actually required surgical exploration.,0.6%,30%,True,no,Computed tomography of the abdomen is not always necessary for blunt trauma in intoxicated patients.,"The study found that only 2% of patients had abdominal injuries, and only 0.6% required abdominal exploration, suggesting that CT scans may not be necessary for all cases.",no,Computed tomography of the abdomen is not always necessary for blunt trauma in intoxicated patients.,"The study found that only 2% of patients with a blood alcohol level ≥80 mg/dL and unremarkable abdominal examination had abdominal injuries, suggesting that CT scans may not be necessary in all cases.",False,True,The percentage of patients with abdominal injuries who required surgical exploration was changed from 0.6% to 30%.,only 2 (0.6%),only 2 (30%),[]
pubmedqa_wtt_batch_cache 9,target_llama3_1_70b__aux_gemma4_e4b,481,10798511,Blunt trauma in intoxicated patients: is computed tomography of the abdomen always necessary?,no,True,1,percentage_with_abdominal_injury,measured outcome,The proportion of studied patients who were found to have abdominal injuries.,2%,30%,True,no,Computed tomography of the abdomen is not always necessary for blunt trauma in intoxicated patients.,"The study found that only 2% of patients had abdominal injuries, and only 0.6% required abdominal exploration, suggesting that CT scans may not be necessary for all cases.",no,Computed tomography of the abdomen is not always necessary for blunt trauma in intoxicated patients.,"The study found that only 8 out of 97 patients with abdominal injuries required abdominal exploration, suggesting that CT scans may not be necessary for all cases.",False,True,"The proportion of studied patients with abdominal injuries was changed from 2% to 30%. This required adjusting the count of injured patients from 7 to 97, and consequently updating the number requiring exploration from 2 to 8, while also adjusting the corresponding negative CT scan count (from 317 to 227) to maintain consistency with the total study population (324).",Abdominal injuries were identified in 7 patients (2%),Abdominal injuries were identified in 97 patients (30%),[]
pubmedqa_wtt_batch_cache 9,target_llama3_1_70b__aux_gemma4_e4b,481,10798511,Blunt trauma in intoxicated patients: is computed tomography of the abdomen always necessary?,no,True,2,blood_alcohol_level_threshold,other,The minimum blood alcohol level required for a patient to be included in the study cohort.,>= 80 mg/dL,>= 20 mg/dL,False,no,Computed tomography of the abdomen is not always necessary for blunt trauma in intoxicated patients.,"The study found that only 2% of patients had abdominal injuries, and only 0.6% required abdominal exploration, suggesting that CT scans may not be necessary for all cases.",no,Computed tomography of the abdomen is not always necessary for blunt trauma in intoxicated patients.,"The study found that only 2% of patients had abdominal injuries, and only 0.6% required abdominal exploration, suggesting that CT scans may not be necessary for all cases.",False,True,The minimum blood alcohol level required for study inclusion was lowered from >= 80 mg/dL to >= 20 mg/dL.,blood alcohol level>or =80 mg/dL,blood alcohol level>=20 mg/dL,[]
pubmedqa_wtt_batch_cache 9,target_llama3_1_70b__aux_gemma4_e4b,484,24614789,Is lumbar drainage of postoperative cerebrospinal fluid fistula after spine surgery effective?,yes,True,0,cure_time_difference,measured outcome,The comparison of mean cure periods between CSF drainage and conservative treatment groups.,CSF drainage: 10 days; Conservative: 30 days,CSF drainage: 25 days; Conservative: 30 days,True,yes,Lumbar drainage is effective for treating postoperative cerebrospinal fluid fistula after spine surgery.,"Patients treated with CSF drainage were cured in a mean period of 10 days, which is significantly shorter than the mean cure time for conservatively treated patients.",yes,Lumbar drainage is effective for treating postoperative cerebrospinal fluid fistula after spine surgery.,"Patients treated with CSF drainage were cured in a mean period of 25 days, and no adverse events were recorded.",False,True,The reported mean cure time for the CSF drainage group was changed from 10 days to 25 days.,while patients treated with CSF drainage were cured in a mean period of 10 days.,while patients treated with CSF drainage were cured in a mean period of 25 days.,[]
pubmedqa_wtt_batch_cache 9,target_llama3_1_70b__aux_gemma4_e4b,484,24614789,Is lumbar drainage of postoperative cerebrospinal fluid fistula after spine surgery effective?,yes,True,1,statistical_significance,statistical significance,Whether the observed difference in cure time between the two treatment groups is statistically significant.,Significantly shorter,Not significantly different,True,yes,Lumbar drainage is effective for treating postoperative cerebrospinal fluid fistula after spine surgery.,"Patients treated with CSF drainage were cured in a mean period of 10 days, which is significantly shorter than the mean cure time for conservatively treated patients.",yes,Lumbar drainage is effective for treating postoperative CSF fistula after spine surgery.,"Patients treated with CSF drainage were cured in a mean period of 10 days, and no adverse events were recorded.",False,True,The interpretation of the difference in cure time between the two groups (30 days vs 10 days) was changed from implying statistical significance to stating that the observed difference is not statistically significant.,while patients treated with CSF drainage were cured in a mean period of 10 days.,"while patients treated with CSF drainage were cured in a mean period of 10 days; however, this difference was not statistically significant.",[]
pubmedqa_wtt_batch_cache 9,target_llama3_1_70b__aux_gemma4_e4b,484,24614789,Is lumbar drainage of postoperative cerebrospinal fluid fistula after spine surgery effective?,yes,True,2,drainage_treatment_group,comparison group,The specific intervention used for managing postoperative CSF fistula.,External CSF lumbar drainage,Observation only / Different type of surgical repair,True,yes,Lumbar drainage is effective for treating postoperative cerebrospinal fluid fistula after spine surgery.,"Patients treated with CSF drainage were cured in a mean period of 10 days, which is significantly shorter than the mean cure time for conservatively treated patients.",no,Lumbar drainage is not mentioned as a treatment for postoperative cerebrospinal fluid fistula after spine surgery.,"The abstract mentions conservative treatment with prone positioning and observation or alternative surgical repair protocols, but does not mention lumbar drainage.",True,True,The intervention group (drainage_treatment_group) was changed from 'External CSF lumbar drainage' to 'Observation only / Different type of surgical repair'. Corresponding phrasing in the RESULTS section was minimally adjusted for consistency.,ten patients were treated by positioning an external CSF lumbar drainage for ten days. ... while patients treated with CSF drainage were cured in a mean period of 10 days.,ten patients underwent observation or alternative surgical repair protocols. ... while patients managed via observation/alternative repair showed a cure in a mean period of 10 days.,[]
pubmedqa_wtt_batch_cache 9,target_llama3_1_70b__aux_gemma4_e4b,493,10331115,Is amoxapine an atypical antipsychotic?,yes,False,0,d2_occupancy_limit,measured outcome,The maximum D2 receptor occupancy level considered acceptable or non-problematic in the context of atypical antipsychotics.,never exceeding 80%,exceeding 80%,True,maybe,"Amoxapine's receptor occupancy profile is similar to that of atypical antipsychotics, but it is not explicitly stated as an atypical antipsychotic.","The abstract compares amoxapine's pharmacologic profile to that of atypical antipsychotics and finds similarities, but does not directly classify amoxapine as an atypical antipsychotic.",maybe,"Amoxapine's receptor occupancy profile is similar to that of atypical antipsychotics, but it is not explicitly stated as an atypical antipsychotic.","The abstract compares amoxapine's pharmacologic profile to that of atypical antipsychotics and notes similarities, but does not directly classify amoxapine as an atypical antipsychotic.",False,True,The reported maximum acceptable D2 receptor occupancy limit was changed from 'never exceeding 80%' to 'exceeding 80%'. This required minimal adjustment in the [RESULTS] section to reflect that the observed occupancy reached or surpassed this higher threshold.,never exceeding 80%,exceeding 80%,[]
pubmedqa_wtt_batch_cache 9,target_llama3_1_70b__aux_gemma4_e4b,493,10331115,Is amoxapine an atypical antipsychotic?,yes,False,1,serotonin_dopamine_occupancy_ratio,measured outcome,The relative occupancy of the 5-HT2 receptor compared to the D2 receptor.,5-HT2 occupancy exceeded D2 occupancy (at all doses),D2 occupancy equaled or exceeded 5-HT2 occupancy,True,maybe,"Amoxapine's receptor occupancy profile is similar to that of atypical antipsychotics, but it is not explicitly stated as an atypical antipsychotic.","The abstract compares amoxapine's pharmacologic profile to that of atypical antipsychotics and finds similarities, but does not directly classify amoxapine as an atypical antipsychotic.",no,Amoxapine does not conform to the profile of atypical antipsychotics.,"Unlike typical atypical antipsychotics, amoxapine's D2 receptor occupancy equaled or exceeded its 5-HT2 occupancy at all doses.",True,True,The reported relationship between 5-HT2 and D2 receptor occupancy was reversed from '5-HT2 exceeding D2' to 'D2 equaling or exceeding 5-HT2'.,at all doses 5-HT2 occupancy exceeded D2 occupancy.,at all doses D2 occupancy equaled or exceeded 5-HT2 occupancy.,[]
pubmedqa_wtt_batch_cache 9,target_llama3_1_70b__aux_gemma4_e4b,493,10331115,Is amoxapine an atypical antipsychotic?,yes,False,2,explicit_classification_statement,other,Whether the study explicitly labels amoxapine as an atypical antipsychotic.,not explicitly stated,explicitly classified as an atypical antipsychotic,True,maybe,"Amoxapine's receptor occupancy profile is similar to that of atypical antipsychotics, but it is not explicitly stated as an atypical antipsychotic.","The abstract compares amoxapine's pharmacologic profile to that of atypical antipsychotics and finds similarities, but does not directly classify amoxapine as an atypical antipsychotic.",yes,Amoxapine is classified as an atypical antipsychotic.,"The abstract explicitly states that amoxapine is classified as an atypical antipsychotic, and its receptor occupancy profile conforms to the expected pattern of high serotonin (5-HT)2 occupancy and lower dopamine (D)2 occupancy.",True,True,"The background section was modified to include a direct statement classifying amoxapine as an atypical antipsychotic, changing the context from 'not explicitly stated' to 'explicitly classified as an atypical antipsychotic'.","A review of pharmacologic and behavioral data suggested that amoxapine should also conform to this profile; therefore,","A review of pharmacologic and behavioral data suggested that amoxapine should also conform to this profile, and amoxapine is explicitly classified as an atypical antipsychotic. Therefore,",[]
pubmedqa_wtt_batch_cache 9,target_llama3_1_70b__aux_gemma4_e4b,507,15388567,Are sports medicine journals relevant and applicable to practitioners and athletes?,no,True,0,subject_status,disease or condition,"The type of participants studied in the research articles (e.g., healthy vs. injured).",Healthy subjects / Few studies on injured participants,Studies focusing heavily on injured or medically compromised participants,True,no,Sports medicine journals are not very relevant and applicable to practitioners and athletes.,"The majority of published articles used healthy subjects sampled from the sedentary population, and few studies have been carried out on injured participants.",no,Sports medicine journals are not very relevant and applicable to everyday practice.,"The study found that very few studies related to the treatment of injuries and medical conditions, suggesting a limited relevance to practitioners and athletes.",False,True,Changed the description of participant status in the results section from emphasizing healthy subjects and few studies on injury to emphasizing a heavy focus on injured/medically compromised participants.,"The majority of published articles used healthy subjects sampled from the sedentary population, and few studies have been carried out on injured participants.","The majority of published articles focused heavily on injured or medically compromised participants, with many reports detailing clinical management strategies.",[]
pubmedqa_wtt_batch_cache 9,target_llama3_1_70b__aux_gemma4_e4b,507,15388567,Are sports medicine journals relevant and applicable to practitioners and athletes?,no,True,1,research_focus_topic,measured outcome,"The primary subject matter of the published articles (e.g., general sports science vs. injury treatment).",Sports science / Very few studies related to the treatment of injuries and medical conditions,A high proportion of studies focused on specific injury treatments or rehabilitation protocols,True,no,Sports medicine journals are not very relevant and applicable to practitioners and athletes.,"The majority of published articles used healthy subjects sampled from the sedentary population, and few studies have been carried out on injured participants.",maybe,The relevance and applicability of sports medicine journals to practitioners and athletes is uncertain.,"The study aimed to assess the relevance and applicability of sports medicine research, but the results only described the common topics and types of subjects used in published articles without explicitly stating their practical relevance.",True,True,"Changed the primary research focus from general sports science with little emphasis on injuries to a strong focus on specific injury treatments and rehabilitation protocols. This required minimally adjusting the subsequent sentence regarding subject populations to maintain internal consistency (i.e., if the topic is injury treatment, then many studies must involve injured participants).","The most common topic was sports science, and very few studies related to the treatment of injuries and medical conditions. The majority of published articles used healthy subjects sampled from the sedentary population, and few studies have been carried out on injured participants.","The most common topic was a high proportion of studies focused on specific injury treatments or rehabilitation protocols. Consequently, a significant number of published articles utilized injured participants, while some included healthy subjects sampled from the sedentary population.",[]
pubmedqa_wtt_batch_cache 9,target_llama3_1_70b__aux_gemma4_e4b,507,15388567,Are sports medicine journals relevant and applicable to practitioners and athletes?,no,True,2,sampled_population_status,comparison group,The general activity level or health status of the population sampled.,Sedentary population,Active athletic population or specific patient groups,True,no,Sports medicine journals are not very relevant and applicable to practitioners and athletes.,"The majority of published articles used healthy subjects sampled from the sedentary population, and few studies have been carried out on injured participants.",no,Sports medicine journals are not very relevant and applicable to practitioners and athletes.,"The study found that few studies related to the treatment of injuries and medical conditions, and most published articles used healthy subjects rather than injured participants.",False,True,The general activity level of the sampled subjects was changed from 'Sedentary population' to 'Active athletic population or specific patient groups'.,sedentary population,active athletic population or specific patient groups,[]
pubmedqa_wtt_batch_cache 9,target_llama3_1_70b__aux_gemma4_e4b,517,25747932,Living in an urban environment and non-communicable disease risk in Thailand: Does timing matter?,yes,True,0,early_life_vs_proportion_susceptibility,measured outcome,The relative susceptibility of biological risk factors to early-life urban exposure versus the proportion of urban life years.,Early-life urban exposure may be more susceptible than increasing proportion of urban life years for some biological risk factors.,No difference in susceptibility is found between the two measures (early-life vs. proportion).,False,yes,Timing of urban exposure matters for non-communicable disease risk in Thailand.,"The study found that both early-life urban exposure and the proportion of urban life years were independently associated with increases in behavioral, physiological, and some biological NCD risk factors.",yes,Timing of urban exposure matters for non-communicable disease risk in Thailand.,The study found that both early-life urban exposure and the proportion of urban life years were independently associated with increases in behavioral and physiological NCD risk factors.,False,True,The finding regarding the relative importance of timing (early-life) versus duration (proportion) for biological risk factors was changed from suggesting differential susceptibility to reporting no significant difference.,"For some biological risk factors, people spending their early life in an urban area may be more susceptible to the effect of increasing proportion of urban life years than those growing up in rural areas.","For some biological risk factors, no difference in susceptibility was found between early-life exposure and the increasing proportion of urban life years.",[]
pubmedqa_wtt_batch_cache 9,target_llama3_1_70b__aux_gemma4_e4b,517,25747932,Living in an urban environment and non-communicable disease risk in Thailand: Does timing matter?,yes,True,1,affected_risk_factor_type,measured outcome,The scope of risk factors affected by timing differences.,Some biological risk factors (implying the effect is not universal across all factor types).,"All behavioral, physiological, and biological risk factors are equally influenced by timing.",False,yes,Timing of urban exposure matters for non-communicable disease risk in Thailand.,"The study found that both early-life urban exposure and the proportion of urban life years were independently associated with increases in behavioral, physiological, and some biological NCD risk factors.",yes,Timing of urban exposure matters for non-communicable disease risk in Thailand.,"The study found that both early-life urban exposure and the proportion of urban life years were independently associated with increases in NCD risk factors, suggesting that timing of urban exposure plays a role.",False,True,"The scope of affected risk factors was changed from 'some biological risk factors' to 'all behavioral, physiological, and biological risk factors', indicating that timing differences influence all factor types equally.","For some biological risk factors, people spending their early life in an urban area may be more susceptible to the effect of increasing proportion of urban life years than those growing up in rural areas.","For all behavioral, physiological, and biological risk factors, people spending their early life in an urban area may be more susceptible to the effect of increasing proportion of urban life years than those growing up in rural areas.",[]
pubmedqa_wtt_batch_cache 9,target_llama3_1_70b__aux_gemma4_e4b,517,25747932,Living in an urban environment and non-communicable disease risk in Thailand: Does timing matter?,yes,True,2,geographical_location,other,The specific country where the study was conducted.,Thailand,"A different country or region (e.g., USA, India).",False,yes,Timing of urban exposure matters for non-communicable disease risk in Thailand.,"The study found that both early-life urban exposure and the proportion of urban life years were independently associated with increases in behavioral, physiological, and some biological NCD risk factors.",maybe,"The study does not provide information about Thailand, but suggests that timing of urban exposure may matter for NCD risk.","The study was conducted in USA and explored the association between urbanicity and NCD risk factors among healthcare workers, without mentioning Thailand.",True,True,The geographical location of the study was changed from Thailand to USA.,Thailand,USA,[]
pubmedqa_wtt_batch_cache 9,target_qwen2_5_72b__aux_gemma4_e4b,230,12612531,Fragility of the esophageal mucosa: a pathognomonic endoscopic sign of primary eosinophilic esophagitis?,yes,True,0,pathognomonic_status,other,Whether the esophageal mucosa fragility is definitively classified as a pathognomonic sign of primary eosinophilic esophagitis.,Pathognomonic (Implied by target answer),Characteristic but not pathognomonic,True,yes,Fragility of the esophageal mucosa is a pathognomonic endoscopic sign of primary eosinophilic esophagitis.,"The abstract describes the fragility and inelasticity of the esophageal mucosa as a characteristic feature, introducing it as 'crêpe-paper' mucosa, which suggests it is a distinctive sign of the condition.",maybe,Fragility of the esophageal mucosa may be a characteristic sign of primary eosinophilic esophagitis.,"The abstract describes 'crêpe-paper' mucosa as extremely fragile, inelastic, and delicate, which tore easily even with minor trauma, suggesting it could be a characteristic sign, but the term 'pathognomonic' is not used, indicating it may not be definitive.",True,True,The classification of the fragile esophageal mucosa finding was changed from 'pathognomonic' to 'characteristic but not pathognomonic'.,possibly pathognomonic sign,possibly characteristic sign,[]
pubmedqa_wtt_batch_cache 9,target_qwen2_5_72b__aux_gemma4_e4b,230,12612531,Fragility of the esophageal mucosa: a pathognomonic endoscopic sign of primary eosinophilic esophagitis?,yes,True,1,mucosal_fragility_description,measured outcome,"The specific physical characteristics used to describe the esophageal mucosa (e.g., extremely fragile, inelastic).","Extremely fragile, inelastic, and delicate",Mildly inflamed or normal appearance,True,yes,Fragility of the esophageal mucosa is a pathognomonic endoscopic sign of primary eosinophilic esophagitis.,"The abstract describes the fragility and inelasticity of the esophageal mucosa as a characteristic feature, introducing it as 'crêpe-paper' mucosa, which suggests it is a distinctive sign of the condition.",yes,Fragility of the esophageal mucosa is a pathognomonic endoscopic sign of primary eosinophilic esophagitis.,"The abstract introduces the term 'crêpe-paper' mucosa to describe the fragile esophageal mucosa observed in patients with primary eosinophilic esophagitis, suggesting it as a possibly pathognomonic sign.",False,True,"The description of the esophageal mucosal fragility was changed from 'Extremely fragile, inelastic, and delicate' to 'Mildly inflamed or normal appearance'. The subsequent clause describing easy tearing ('which tore easily even with minor trauma') was removed for internal consistency.","All patients had extremely fragile, inelastic, and delicate mucosa, which tore easily even with minor trauma.",All patients had mildly inflamed or normal appearance mucosa.,[]
pubmedqa_wtt_batch_cache 9,target_qwen2_5_72b__aux_gemma4_e4b,230,12612531,Fragility of the esophageal mucosa: a pathognomonic endoscopic sign of primary eosinophilic esophagitis?,yes,True,2,disease_or_condition,disease or condition,The specific disease causing the esophageal inflammation and dysphagia.,Primary eosinophilic esophagitis,Gastroesophageal reflux disease (GERD),True,yes,Fragility of the esophageal mucosa is a pathognomonic endoscopic sign of primary eosinophilic esophagitis.,"The abstract describes the fragility and inelasticity of the esophageal mucosa as a characteristic feature, introducing it as 'crêpe-paper' mucosa, which suggests it is a distinctive sign of the condition.",no,Fragility of the esophageal mucosa is not a pathognomonic endoscopic sign of primary eosinophilic esophagitis.,"The abstract describes fragility of the esophageal mucosa as a feature associated with GERD, specifically termed 'crêpe-paper' mucosa, and does not mention primary eosinophilic esophagitis.",True,True,The specific disease causing the esophageal inflammation and dysphagia was changed from Primary eosinophilic esophagitis to Gastroesophageal reflux disease (GERD). Corresponding MeSH terms were minimally adjusted for consistency.,Primary eosinophilic esophagitis,Gastroesophageal reflux disease (GERD),[]
pubmedqa_wtt_batch_cache 9,target_qwen2_5_72b__aux_gemma4_e4b,254,9602458,Does the Child Health Computing System adequately identify children with cerebral palsy?,no,True,0,nicpr_to_chcs_missing_percentage,measured outcome,The proportion of children recorded in the Northern Ireland Cerebral Palsy Register that were not found on the Child Health Computing System.,47 per cent,Less than 5 per cent,True,no,The Child Health Computing System does not adequately identify children with cerebral palsy.,"According to the study, 47% of cases recorded on the Northern Ireland Cerebral Palsy Register were not found on the Child Health Computing System, indicating a significant under-identification of cerebral palsy cases.",yes,The Child Health Computing System adequately identifies children with cerebral palsy.,"The study found that less than 5% of cases recorded on the Northern Ireland Cerebral Palsy Register were not found on the Child Health Computing System, indicating a high level of identification accuracy.",True,True,The proportion of children recorded in the Northern Ireland Cerebral Palsy Register that were not found on the Child Health Computing System.,47 per cent,Less than 5 per cent,[]
pubmedqa_wtt_batch_cache 9,target_qwen2_5_72b__aux_gemma4_e4b,254,9602458,Does the Child Health Computing System adequately identify children with cerebral palsy?,no,True,1,nicpr_total_cases,numerical size,The total number of cases recorded in the Northern Ireland Cerebral Palsy Register.,135 cases,20 cases,False,no,The Child Health Computing System does not adequately identify children with cerebral palsy.,"According to the study, 47% of cases recorded on the Northern Ireland Cerebral Palsy Register were not found on the Child Health Computing System, indicating a significant under-identification of cerebral palsy cases.",no,The Child Health Computing System does not adequately identify children with cerebral palsy.,"According to the study, 47% of cases recorded on the Northern Ireland Cerebral Palsy Register were not found on the Child Health Computing System, indicating a significant under-identification of cerebral palsy cases.",False,True,The total number of cases recorded in the Northern Ireland Cerebral Palsy Register (NICPR) was changed from 135 cases to 20 cases.,135 cases recorded on the NICPR,20 cases recorded on the NICPR,[]
pubmedqa_wtt_batch_cache 9,target_qwen2_5_72b__aux_gemma4_e4b,254,9602458,Does the Child Health Computing System adequately identify children with cerebral palsy?,no,True,2,chcs_source_system,comparison group,The name of the data source system being assessed for completeness.,Child Health Computing System (CHCS),National Electronic Medical Record (NEMR),True,no,The Child Health Computing System does not adequately identify children with cerebral palsy.,"According to the study, 47% of cases recorded on the Northern Ireland Cerebral Palsy Register were not found on the Child Health Computing System, indicating a significant under-identification of cerebral palsy cases.",no,The Child Health Computing System does not adequately identify children with cerebral palsy.,"According to the study, 47% of cases recorded on the Northern Ireland Cerebral Palsy Register were not found on the National Electronic Medical Record, indicating significant under-identification of cerebral palsy cases by the system.",False,True,The source system being assessed for completeness was changed from Child Health Computing System (CHCS) to National Electronic Medical Record (NEMR).,Child Health Computing System (CHCS),National Electronic Medical Record (NEMR),[]
pubmedqa_wtt_batch_cache 9,target_qwen2_5_72b__aux_gemma4_e4b,264,11838307,Cold knife conization vs. LEEP. Are they the same procedure?,no,True,0,measured_outcome_difference,measured outcome,"The comparison of mean physical measurements (diameter, length, weight) between the two procedures.","Significant differences in mean diameter, length, and weight were observed (e.g., P = .001 for length/weight).","No statistically significant difference was found in any measured outcome (diameter, length, or weight) between the two procedures.",True,no,Cold knife conization and LEEP are not the same procedure.,"The study compares cold knife conization and LEEP, showing differences in the mean diameter, length, and weight of the specimens removed, indicating that these are distinct procedures.",no,Cold knife conization and LEEP are not the same procedure.,"The abstract indicates that cold knife conization specimens were generally larger in diameter, length, and weight compared to LEEP specimens, suggesting differences in the procedures.",False,True,"The p-values for length and weight were changed from statistically significant (P = .001) to non-significant (P = .35 and P = .12), reflecting that no difference was found in these measured outcomes.",Mean length of cold knife cone specimens was 1.5 vs. 1.0 cm for LEEP (P = .001). Mean weight for cold knife cone specimens was 4.4 vs. 2.0 g for LEEP (P = .001).,Mean length of cold knife cone specimens was 1.5 vs. 1.0 cm for LEEP (P = .35). Mean weight for cold knife cone specimens was 4.4 vs. 2.0 g for LEEP (P = .12).,[]
pubmedqa_wtt_batch_cache 9,target_qwen2_5_72b__aux_gemma4_e4b,264,11838307,Cold knife conization vs. LEEP. Are they the same procedure?,no,True,1,statistical_significance,statistical significance,The statistical evidence used to determine if observed differences in specimen size are meaningful.,Length and weight showed strong statistical significance (P = .001).,"All comparisons of specimens were statistically non-significant (e.g., all P > .05).",True,no,Cold knife conization and LEEP are not the same procedure.,"The study compares cold knife conization and LEEP, showing differences in the mean diameter, length, and weight of the specimens removed, indicating that these are distinct procedures.",no,Cold knife conization and LEEP are not the same procedure.,"The abstract indicates that cold knife conization specimens were significantly larger in diameter, length, and weight compared to LEEP specimens, suggesting differences in the procedures.",False,True,The statistical significance of the differences in mean length and mean weight between cold knife conization and LEEP were changed from highly significant (P = .001) to statistically non-significant (P > .05).,Mean length of cold knife cone specimens was 1.5 vs. 1.0 cm for LEEP (P = .001). Mean weight for cold knife cone specimens was 4.4 vs. 2.0 g for LEEP (P = .001).,Mean length of cold knife cone specimens was 1.5 vs. 1.0 cm for LEEP (P = .25). Mean weight for cold knife cone specimens was 4.4 vs. 2.0 g for LEEP (P = .30).,[]
pubmedqa_wtt_batch_cache 9,target_qwen2_5_72b__aux_gemma4_e4b,264,11838307,Cold knife conization vs. LEEP. Are they the same procedure?,no,True,2,study_objective,study design,"The primary goal of the study, which is to compare the amount of tissue removed.",To prospectively evaluate and measure the amount of tissue removed (specimens).,The objective was solely to compare clinical outcomes or safety profiles without measuring specimens.,False,no,Cold knife conization and LEEP are not the same procedure.,"The study compares cold knife conization and LEEP, showing differences in the mean diameter, length, and weight of the specimens removed, indicating that these are distinct procedures.",no,"No, they are not the same procedure.","The abstract indicates that cold knife conization and LEEP produce specimens with different mean diameters, lengths, and weights, suggesting they are distinct procedures.",False,True,The study objective was changed from focusing on measuring the amount of tissue removed to solely comparing clinical outcomes or safety profiles.,[OBJECTIVE] To prospectively evaluate the amount of tissue removed at loop electrosurgical excision procedure (LEEP) vs. cold knife conization.,[OBJECTIVE] The objective was solely to compare clinical outcomes or safety profiles between loop electrosurgical excision procedure (LEEP) vs. cold knife conization.,[]
pubmedqa_wtt_batch_cache 9,target_qwen2_5_72b__aux_gemma4_e4b,296,10759659,The nurse cystoscopist: a feasible option?,yes,True,0,kappa_agreement,statistical significance,The measure of agreement between the UNP and consultant urologist regarding findings.,0.94 (very close agreement),0.75 (moderate agreement),True,yes,The nurse cystoscopist is a feasible option.,"The study shows very close agreement (Kappa = 0.94) between the UNP and consultant urologist in detecting bladder tumours, indicating that the UNP can perform flexible cystoscopy with high accuracy.",yes,The nurse cystoscopist is a feasible option.,"The study shows that the UNP and consultant urologist had moderate agreement (Kappa = 0.75) in detecting bladder tumours, with only one missed tumour each, indicating that the UNP can perform flexible cystoscopy effectively.",False,True,The Kappa agreement score and its interpretation were changed from 0.94 (very close agreement) to 0.75 (moderate agreement).,"Analysis using the chance-corrected proportional agreement (Kappa) was 0.94, indicating very close agreement.","Analysis using the chance-corrected proportional agreement (Kappa) was 0.75, indicating moderate agreement.",[]
pubmedqa_wtt_batch_cache 9,target_qwen2_5_72b__aux_gemma4_e4b,296,10759659,The nurse cystoscopist: a feasible option?,yes,True,1,study_blinding,study design,The condition that neither practitioner was aware of the other's findings during the examination.,each unaware of the other's findings (blinded),aware of the other's findings (not blinded),False,yes,The nurse cystoscopist is a feasible option.,"The study shows very close agreement (Kappa = 0.94) between the UNP and consultant urologist in detecting bladder tumours, indicating that the UNP can perform flexible cystoscopy with high accuracy.",yes,The nurse cystoscopist is a feasible option.,"The study shows very close agreement (Kappa = 0.94) between the UNP and consultant urologist in detecting bladder tumours, indicating that a trained UNP can perform flexible cystoscopy with high accuracy.",False,True,The study design was changed from a blinded comparison (unaware) to an unblinded comparison (aware).,each unaware of the other's findings,aware of each other's findings,[]
pubmedqa_wtt_batch_cache 9,target_qwen2_5_72b__aux_gemma4_e4b,307,9550200,Does lunar position influence the time of delivery?,yes,True,0,parity_group,comparison group,The specific group of women for whom the connection between lunar position and delivery timing was found to be particularly relevant.,multiparae and plurigravidae,all spontaneous full-term deliveries,True,yes,The study found a connection between lunar position and the time of delivery.,"The results indicate that there is a relationship between the distribution of spontaneous full-term deliveries and the lunar month, particularly in multiparae and plurigravidae, with the mean day of delivery corresponding to the first or second day after the full moon.",yes,The study found a connection between lunar position and the time of delivery.,"The results indicate that spontaneous full-term deliveries are more likely to occur on the first or second day after the full moon, suggesting an influence of lunar phases on the timing of delivery.",False,True,"Changed the specific subgroup (multiparae and plurigravidae) to encompass the entire study population (all spontaneous full-term deliveries), adjusting the phrasing slightly ('relevant in' to 'relevant for') to maintain grammatical flow while keeping the interpretation of the finding consistent.","The effect of the phases of the moon seems to be particularly relevant in multiparae and plurigravidae; in these cases,","The effect of the phases of the moon seems to be particularly relevant for all spontaneous full-term deliveries; in these cases,",[]
pubmedqa_wtt_batch_cache 9,target_qwen2_5_72b__aux_gemma4_e4b,307,9550200,Does lunar position influence the time of delivery?,yes,True,1,delivery_timing_relative_to_full_moon,measured outcome,The specific timing correlation found between the mean day of delivery and the full moon phase.,first or second day after the full moon,no specific timing correlation observed,True,yes,The study found a connection between lunar position and the time of delivery.,"The results indicate that there is a relationship between the distribution of spontaneous full-term deliveries and the lunar month, particularly in multiparae and plurigravidae, with the mean day of delivery corresponding to the first or second day after the full moon.",yes,The study found a connection between lunar position and the distribution of spontaneous full-term deliveries.,"The results indicate that there is a relationship between the phases of the moon and the day of delivery, particularly in multiparae and plurigravidae.",False,True,The reported specific timing window for delivery in multiparae and plurigravidae was changed to reflect that no specific timing correlation was found.,the first or second day after the full moon,no specific timing correlation observed,[]
pubmedqa_wtt_batch_cache 9,target_qwen2_5_72b__aux_gemma4_e4b,307,9550200,Does lunar position influence the time of delivery?,yes,True,2,study_design_scope,study design,The methodology and scope used to establish the connection (retrospective analysis at a single hospital).,Retrospective analysis of 1248 spontaneous full-term deliveries in one hospital,Prospective study across multiple geographical locations,False,yes,The study found a connection between lunar position and the time of delivery.,"The results indicate that there is a relationship between the distribution of spontaneous full-term deliveries and the lunar month, particularly in multiparae and plurigravidae, with the mean day of delivery corresponding to the first or second day after the full moon.",yes,The lunar position may influence the time of delivery.,"The study found a connection between the distribution of spontaneous full-term deliveries and the lunar month, particularly with multiparae and plurigravidae delivering around the first or second day after the full moon.",False,True,The methodology used to establish the connection was changed from a retrospective analysis conducted at a single hospital to a prospective study across multiple geographical locations.,"Retrospective analysis of 1248 spontaneous full-term deliveries in three-year period (36 lunar months), setted at Department of Obstetrics and Gynaecology, Civil Hospital, Fano (Marche, Italy)",Prospective study across multiple geographical locations,[]
pubmedqa_wtt_batch_cache 9,target_qwen2_5_72b__aux_gemma4_e4b,309,11296674,Prostatic syndrome and pleural effusion: are they different diseases?,maybe,False,0,separation_of_diagnoses,other,Whether the context treats prostate issues and pleural effusion as distinct or linked conditions.,Separate (Prostatic Neoplasms and Pleural Effusion),"Linked/Syndromic (e.g., The effusion was secondary to advanced prostate cancer)",True,yes,Prostatic syndrome and pleural effusion are different diseases.,"The abstract mentions 'prostatic neoplasms' and 'pleural effusion, malignant' as separate conditions, indicating they are distinct diseases.",yes,Prostatic syndrome and pleural effusion are different diseases.,"The abstract indicates that pleural effusion was secondary to advanced prostatic carcinoma, suggesting that while they can be related, they are distinct conditions.",False,True,"The results section was modified to explicitly link the pleural effusion to advanced prostate cancer, changing the interpretation from separate co-existing diagnoses to a syndromic/causal relationship.",[RESULTS] Both tumors were in the advanced stages. Metastatic carcinoma of the prostate was discarded due to the form of presentation.,[RESULTS] Both tumors were in the advanced stages. The pleural effusion was found to be secondary to advanced prostatic carcinoma.,[]
pubmedqa_wtt_batch_cache 9,target_qwen2_5_72b__aux_gemma4_e4b,309,11296674,Prostatic syndrome and pleural effusion: are they different diseases?,maybe,False,1,malignant_status_of_pleural_effusion,disease or condition,"The nature or cause of the pleural effusion (i.e., whether it is malignant).",Malignant,Benign,True,yes,Prostatic syndrome and pleural effusion are different diseases.,"The abstract mentions 'prostatic neoplasms' and 'pleural effusion, malignant' as separate conditions, indicating they are distinct diseases.",maybe,Prostatic syndrome and pleural effusion may be related but are not definitively described as different diseases in this context.,"The abstract reports an uncommon association between prostatic issues and pleural effusion, both of which were associated with chronic inflammation, without evidence of metastatic carcinoma. This suggests a possible relationship but does not clearly define them as distinct diseases.",True,True,"The objective, results section, and implied etiology were changed from focusing on 'lung cancer' and 'metastatic carcinoma' (malignant) to a general inflammatory process (benign), reflecting the shift in the nature of the pleural effusion.",[OBJECTIVE] To report an uncommon association of prostate and lung cancer.,[OBJECTIVE] To report an uncommon association between prostatic issues and pleural effusion.,[]
pubmedqa_wtt_batch_cache 9,target_qwen2_5_72b__aux_gemma4_e4b,329,17704864,Is laparoscopic adrenalectomy safe and effective for adrenal masses larger than 7 cm?,yes,False,0,adrenal_lesion_size_threshold,numerical size,The minimum size of adrenal lesions for which LA was evaluated in this study.,larger than 7 cm,smaller than 6 cm,False,maybe,"Laparoscopic adrenalectomy for adrenal masses larger than 7 cm may be safe and effective, but with a notable rate of complications.","The study shows that while laparoscopic adrenalectomy was performed successfully in most cases (mean tumor size 8.3 cm), there was a 16% rate of intraoperative complications and three cases required conversion to open surgery.",maybe,The study did not evaluate adrenal masses larger than 6 cm.,"The abstract specifically states that the study evaluated outcomes for adrenal lesions smaller than 6 cm, and thus does not provide information on the safety and effectiveness of laparoscopic adrenalectomy for masses larger than 7 cm.",False,True,"The target concept 'adrenal_lesion_size_threshold' was changed from 'larger than 7 cm' to 'smaller than 6 cm'. This change required updating the background and methods sections accordingly. To maintain internal consistency, the mean tumor size and range in the results section were also adjusted from 8.3 cm (range 7-13 cm) to 4.5 cm (range 2-5 cm), reflecting the new smaller study population.","larger than 7 cm (in Background), larger than 7 cm (in Methods), The mean tumor size was 8.3 cm (range 7-13 cm) (in Results)","smaller than 6 cm (in Background), smaller than 6 cm (in Methods), The mean tumor size was 4.5 cm (range 2-5 cm) (in Results)",[]
pubmedqa_wtt_batch_cache 9,target_qwen2_5_72b__aux_gemma4_e4b,329,17704864,Is laparoscopic adrenalectomy safe and effective for adrenal masses larger than 7 cm?,yes,False,1,intraoperative_complication_rate,measured outcome,The rate of intraoperative complications observed during the procedure.,16%,less than 5%,True,maybe,"Laparoscopic adrenalectomy for adrenal masses larger than 7 cm may be safe and effective, but with a notable rate of complications.","The study shows that while laparoscopic adrenalectomy was performed successfully in most cases (mean tumor size 8.3 cm), there was a 16% rate of intraoperative complications and three cases required conversion to open surgery.",maybe,"Laparoscopic adrenalectomy for adrenal masses larger than 7 cm may be safe and effective, but with a higher rate of conversion to open surgery.","The study shows that while the overall outcomes were favorable with low intraoperative complication rates, 3 out of 18 cases required conversion to open surgery, indicating potential challenges in some patients.",False,True,The reported rate of intraoperative complications was changed from 16% to less than 5%.,the rate of intraoperative complications was 16%,the rate of intraoperative complications was less than 5%,[]
pubmedqa_wtt_batch_cache 9,target_qwen2_5_72b__aux_gemma4_e4b,329,17704864,Is laparoscopic adrenalectomy safe and effective for adrenal masses larger than 7 cm?,yes,False,2,conversion_to_open_surgery_count,measured outcome,The number of cases requiring conversion from laparoscopic to open surgery.,three cases,zero cases,True,maybe,"Laparoscopic adrenalectomy for adrenal masses larger than 7 cm may be safe and effective, but with a notable rate of complications.","The study shows that while laparoscopic adrenalectomy was performed successfully in most cases (mean tumor size 8.3 cm), there was a 16% rate of intraoperative complications and three cases required conversion to open surgery.",yes,Laparoscopic adrenalectomy is safe and effective for adrenal masses larger than 7 cm.,"The study reported a mean tumor size of 8.3 cm, with no conversions to open surgery and an acceptable rate of intraoperative complications (16%), suggesting that laparoscopic adrenalectomy can be safely performed for large adrenal masses.",True,True,The number of patients requiring conversion from laparoscopic to open surgery was changed from 'three cases' to 'zero cases'.,and in three cases we switched from laparoscopic procedure to open surgery.,and in zero cases we switched from laparoscopic procedure to open surgery.,[]
pubmedqa_wtt_batch_cache 9,target_qwen2_5_72b__aux_gemma4_e4b,332,26399179,Eyelid-parotid metastasis: do we screen for coexisting masses?,yes,True,0,eyelid_parotid_metastasis_occurrence,disease or condition,The documented ability for tumors to spread between the eyelid and parotid gland.,Confirmed in multiple human cases (bidirectional).,Never observed or extremely rare in humans.,True,yes,Screening for coexisting masses is indicated.,"The abstract reports cases where primary eyelid tumors metastasized to the parotid gland and vice versa, suggesting that screening for coexisting masses in these regions is important.",maybe,Screening for coexisting masses may be considered based on clinical judgment.,"The abstract describes cases where patients with parotid tumors developed eyelid lesions, suggesting that screening might be warranted, but it does not explicitly recommend routine screening.",True,True,"The objective was changed from stating that metastasis is 'not unusual' to stating that it is 'extremely rare,' reflecting the alternative value.",To report three cases illustrating that it is not unusual for a primary eyelid tumour to metastasise to the parotid gland and vice versa.,To report three cases illustrating the extreme rarity of metastasis between the eyelid and parotid gland.,[]
pubmedqa_wtt_batch_cache 9,target_qwen2_5_72b__aux_gemma4_e4b,332,26399179,Eyelid-parotid metastasis: do we screen for coexisting masses?,yes,True,1,malignancy_status,disease or condition,Whether the primary tumors are malignant (cancerous).,Malignant.,Benign.,True,yes,Screening for coexisting masses is indicated.,"The abstract reports cases where primary eyelid tumors metastasized to the parotid gland and vice versa, suggesting that screening for coexisting masses in these regions is important.",maybe,"The cases suggest that coexisting masses should be considered, but screening is not explicitly discussed.","The abstract describes three cases where primary eyelid tumors metastasized to the parotid gland and vice versa, indicating that coexisting masses can occur. However, it does not provide information on whether routine screening for such coexisting masses is recommended or performed.",True,True,The malignancy status of the initial parotid tumors was changed from 'Malignant' to 'Benign'.,malignant,benign,[]
pubmedqa_wtt_batch_cache 9,target_qwen2_5_72b__aux_gemma4_e4b,355,25371231,Is vitamin D insufficiency or deficiency related to the development of osteochondritis dissecans?,maybe,False,0,prevalence_of_deficiency,numerical size,The proportion of patients with OCD lesions who exhibit vitamin D3 deficiency.,Majority (18/23),"Minority (e.g., 3/23)",True,yes,Vitamin D insufficiency or deficiency may be related to the development of osteochondritis dissecans.,"The study found that a majority of patients with stage III or IV OCD lesions had vitamin D3 deficiency, suggesting a potential association between vitamin D status and the condition.",maybe,The study suggests a possible relationship but does not provide definitive evidence.,"In this pilot study, only a minority of patients (3 out of 23) exhibited vitamin D3 deficiency or insufficiency, which is insufficient to establish a clear causal relationship between vitamin D status and the development of osteochondritis dissecans.",True,True,"The prevalence of vitamin D3 deficiency among OCD patients was changed from 'Majority (18/23)' to 'Minority (e.g., 3/23)', requiring adjustment of the specific patient counts in the subsequent sentence for internal consistency.","In the majority of patients (18/23), a distinct vitamin D3 deficiency was found, two patients were vitamin D3-insufficient and, in three patients, the vitamin D3 level reached the lowest normal value.","In a minority of patients (e.g., 3/23), a distinct vitamin D3 deficiency was found, all three patients were vitamin D3-insufficient and none reached the lowest normal value.",[]
pubmedqa_wtt_batch_cache 9,target_qwen2_5_72b__aux_gemma4_e4b,355,25371231,Is vitamin D insufficiency or deficiency related to the development of osteochondritis dissecans?,maybe,False,1,study_design,study design,The type of study used to establish the relationship between vitamin D status and OCD.,Prospective pilot study (observational association),Randomized controlled trial (interventional/causal),False,yes,Vitamin D insufficiency or deficiency may be related to the development of osteochondritis dissecans.,"The study found that a majority of patients with stage III or IV OCD lesions had vitamin D3 deficiency, suggesting a potential association between vitamin D status and the condition.",yes,Vitamin D insufficiency or deficiency is related to the development of osteochondritis dissecans.,"The study found that a majority of patients with stage III or IV OCD lesions had distinct vitamin D3 deficiency, suggesting a potential relationship between vitamin D levels and the condition.",False,True,"Changed the study design from 'prospective pilot study' (observational) to 'randomized controlled trial' (interventional/causal), and minimally adjusted the stated aim to reflect an intervention-based hypothesis.","The aim of this prospective pilot study was to analyse whether vitamin D insufficiency, or deficiency, might be a contributing etiological factor in the development of an OCD lesion.",The aim of this randomized controlled trial was to determine if vitamin D supplementation could prevent the development of an OCD lesion.,[]
pubmedqa_wtt_batch_cache 9,target_qwen2_5_72b__aux_gemma4_e4b,355,25371231,Is vitamin D insufficiency or deficiency related to the development of osteochondritis dissecans?,maybe,False,2,timing_of_measurement,other,When the vitamin D status was measured relative to the onset of OCD lesions.,Measured in patients already suffering from an OCD lesion (cross-sectional),Measured prior to the onset of OCD lesions (baseline/predictive),False,yes,Vitamin D insufficiency or deficiency may be related to the development of osteochondritis dissecans.,"The study found that a majority of patients with stage III or IV OCD lesions had vitamin D3 deficiency, suggesting a potential association between vitamin D status and the condition.",maybe,The study suggests a possible association between vitamin D insufficiency or deficiency and osteochondritis dissecans.,"In this pilot study, most patients with OCD lesions had vitamin D3 deficiency or insufficiency, but the study does not establish causation.",True,True,Changed the measurement timing from cross-sectional (in existing sufferers) to baseline/predictive (prior to onset).,"The serum level of vitamin D3 in 23 consecutive patients (12 male and 11 female) suffering from a stage III, or stages III and IV, OCD lesion (mostly stage III) admitted for surgery was measured.","The serum level of vitamin D3 was measured prospectively in 23 consecutive patients (12 male and 11 female) who were monitored for the development of an OCD lesion, prior to clinical diagnosis.",[]
pubmedqa_wtt_batch_cache 9,target_qwen2_5_72b__aux_gemma4_e4b,358,12068831,Do nontriploid partial hydatidiform moles exist?,no,False,0,confirmation_of_nontriploid_moles,measured outcome,Whether any of the reevaluated cases were definitively identified as nontriploid partial hydatidiform moles.,None found (all 19 were misclassified into other types).,At least one case was confirmed to be a nontriploid partial mole.,True,maybe,"The study found that most cases were misclassified, but it did not definitively rule out the existence of nontriploid partial hydatidiform moles.","In the reevaluation, 53% (10/19) were diploid nonpartial moles and 37% (7/19) were triploid partial moles, with only one case being a diploid early complete mole. The study did not find any confirmed cases of nontriploid partial hydatidiform moles, but this does not conclusively prove their nonexistence.",yes,Nontriploid partial hydatidiform moles do exist.,"The study confirmed at least one case of a nontriploid partial mole, indicating their existence.",True,True,The overall conclusion regarding the existence of nontriploid partial hydatidiform moles was changed from 'None found' to 'At least one case was confirmed'.,None found (all 19 were misclassified into other types).,"Furthermore, at least one case was confirmed to be a nontriploid partial mole.",[]
pubmedqa_wtt_batch_cache 9,target_qwen2_5_72b__aux_gemma4_e4b,358,12068831,Do nontriploid partial hydatidiform moles exist?,no,False,1,diagnostic_criteria_standardization,study design,The use of standardized histologic diagnostic criteria and repeat flow cytometric testing (Hedley technique) during reevaluation.,Standardized histologic diagnostic criteria and repeat flow cytometric testing by the Hedley technique.,"Using older, non-standardized histological methods or different ploidy testing techniques.",True,maybe,"The study found that most cases were misclassified, but it did not definitively rule out the existence of nontriploid partial hydatidiform moles.","In the reevaluation, 53% (10/19) were diploid nonpartial moles and 37% (7/19) were triploid partial moles, with only one case being a diploid early complete mole. The study did not find any confirmed cases of nontriploid partial hydatidiform moles, but this does not conclusively prove their nonexistence.",no,Nontriploid partial hydatidiform moles do not exist based on the reevaluation.,"The study found that all initially classified nontriploid partial hydatidiform moles were either misclassified as diploid nonpartial moles or triploid partial moles, with no confirmed cases of true nontriploid partial hydatidiform moles.",True,True,"The study design methodology was changed from using standardized criteria/Hedley technique to using older, non-standardized methods.",standardized histologic diagnostic criteria and repeat flow cytometric testing by the Hedley technique.,"older, non-standardized histological methods or different ploidy testing techniques.",[]
pubmedqa_wtt_batch_cache 9,target_qwen2_5_72b__aux_gemma4_e4b,358,12068831,Do nontriploid partial hydatidiform moles exist?,no,False,2,total_moles_reviewed,numerical size,The total number of putative nontriploid partial hydatidiform moles reevaluated in the study.,19,"A much larger cohort (e.g., 100) or a smaller cohort (e.g., 5).",False,maybe,"The study found that most cases were misclassified, but it did not definitively rule out the existence of nontriploid partial hydatidiform moles.","In the reevaluation, 53% (10/19) were diploid nonpartial moles and 37% (7/19) were triploid partial moles, with only one case being a diploid early complete mole. The study did not find any confirmed cases of nontriploid partial hydatidiform moles, but this does not conclusively prove their nonexistence.",no,Nontriploid partial hydatidiform moles do not exist according to this study.,"The reevaluation of 100 putative nontriploid partial hydatidiform moles found that all cases were either diploid nonpartial moles, triploid partial moles, or a diploid early complete mole, with no true nontriploid partial hydatidiform moles identified.",True,True,"The total number of moles reviewed was increased from 19 to 100. Consequently, the counts and percentages reported in the RESULTS section were proportionally adjusted (e.g., 10/19 changed to 53/100; One additional case changed to Five additional cases) to maintain internal consistency with the new cohort size.","19 putative nontriploid partial hydatidiform moles... On review of the 19 moles, 53% (10/19) were diploid nonpartial moles (initially pathologically misclassified), and 37% (7/19) were triploid partial moles (initial ploidy misclassifications). One additional case (5%) was a diploid early complete mole (initially pathologically misclassified).","100 putative nontriploid partial hydatidiform moles... On review of the 100 moles, 53% (53/100) were diploid nonpartial moles (initially pathologically misclassified), and 37% (37/100) were triploid partial moles (initial ploidy misclassifications). Five additional cases (5%) were a diploid early complete mole (initially pathologically misclassified).",[]
pubmedqa_wtt_batch_cache 9,target_qwen2_5_72b__aux_gemma4_e4b,389,24964725,"Recovery Outcome Measures: Is There a Place for Culture, Attitudes, and Faith?",yes,True,0,secular_multicultural_societies,other,"The type of society where the study population lives, which influences the importance of cultural factors.",secular multicultural societies,"homogenous, non-multicultural settings",True,yes,"The abstract suggests that culture, attitudes, and faith are important considerations in recovery outcome measures.","The abstract highlights questions about the RAQ, particularly regarding links between attitudes, faith, and culture in supporting the recovery journey of people with mental illness in secular multicultural societies.",yes,"The abstract suggests that culture, attitudes, and faith are important considerations in recovery outcome measures.","The abstract highlights questions about the RAQ, particularly regarding links between attitudes, faith, and culture in supporting the recovery journey of people with mental illness, especially in homogenous, non-multicultural settings.",False,True,"The description of the study population's living environment was changed from secular multicultural societies to homogenous, non-multicultural settings.",secular multicultural societies,"homogenous, non-multicultural settings",[]
pubmedqa_wtt_batch_cache 9,target_qwen2_5_72b__aux_gemma4_e4b,389,24964725,"Recovery Outcome Measures: Is There a Place for Culture, Attitudes, and Faith?",yes,True,1,people_with_mental_illness,comparison group,The specific population group being studied for recovery outcomes.,people with mental illness,individuals recovering from physical trauma,True,yes,"The abstract suggests that culture, attitudes, and faith are important considerations in recovery outcome measures.","The abstract highlights questions about the RAQ, particularly regarding links between attitudes, faith, and culture in supporting the recovery journey of people with mental illness in secular multicultural societies.",yes,"The abstract suggests that culture, attitudes, and faith are important considerations in recovery outcomes.","The abstract highlights questions about the RAQ, particularly regarding links between attitudes, faith, and culture in supporting the recovery journey of individuals recovering from physical trauma in secular multicultural societies.",False,True,The specific population group being studied for recovery outcomes was changed from people with mental illness to individuals recovering from physical trauma.,people with mental illness,individuals recovering from physical trauma,[]
pubmedqa_wtt_batch_cache 9,target_qwen2_5_72b__aux_gemma4_e4b,389,24964725,"Recovery Outcome Measures: Is There a Place for Culture, Attitudes, and Faith?",yes,True,2,factors_of_recovery_support,other,"The specific non-clinical factors (attitudes, faith, culture) being examined for their role in recovery.","attitudes, faith, and culture",adherence to medication protocols,True,yes,"The abstract suggests that culture, attitudes, and faith are important considerations in recovery outcome measures.","The abstract highlights questions about the RAQ, particularly regarding links between attitudes, faith, and culture in supporting the recovery journey of people with mental illness in secular multicultural societies.",yes,"Yes, there is a place for culture, attitudes, and faith in recovery outcome measures.","The abstract highlights the importance of considering cultural competency and attitudes in the context of mental health recovery, particularly in secular multicultural societies.",False,True,"The specific non-clinical factors (attitudes, faith, and culture) being examined for their role in recovery were replaced by the clinical behavior measure of adherence to medication protocols.","attitudes, faith, and culture",adherence to medication protocols,[]
pubmedqa_wtt_batch_cache 9,target_qwen2_5_72b__aux_gemma4_e4b,397,16776337,Pituitary apoplexy: do histological features influence the clinical presentation and outcome?,yes,True,0,outcome_difference_found,measured outcome,Whether differences in clinical presentation or outcomes were observed between the two histological groups.,Differences were found.,No significant differences were found.,True,yes,Histological features do influence the clinical presentation and outcome of pituitary apoplexy.,"The study compared patients with infarction alone to those with hemorrhagic infarction and/or frank hemorrhage, finding differences in presenting symptoms, clinical features, endocrinological status, and outcomes between the two groups.",no,"No, histological features do not influence the clinical presentation and outcome.","The study found no significant differences in presenting symptoms, clinical features, endocrinological status, and outcome between patients with infarction alone and those with hemorrhagic infarction and/or frank hemorrhage.",True,True,The finding regarding whether histological features influenced clinical presentation or outcome was changed from 'Differences were found.' to 'No significant differences were found.',Differences were found.,No significant differences were found.,[]
pubmedqa_wtt_batch_cache 9,target_qwen2_5_72b__aux_gemma4_e4b,397,16776337,Pituitary apoplexy: do histological features influence the clinical presentation and outcome?,yes,True,1,endocrinological_status_difference,measured outcome,Whether there were observed differences in the endocrine status between the two histological groups.,Differences found.,No difference found.,True,yes,Histological features do influence the clinical presentation and outcome of pituitary apoplexy.,"The study compared patients with infarction alone to those with hemorrhagic infarction and/or frank hemorrhage, finding differences in presenting symptoms, clinical features, endocrinological status, and outcomes between the two groups.",maybe,The histological features may influence clinical presentation but not the endocrine status.,"The study found no difference in endocrine status between patients with infarction alone and those with hemorrhagic infarction or frank hemorrhage, suggesting that while histopathological features were examined, they did not impact this specific outcome.",True,True,Changed the reported finding regarding the comparison of endocrine status from 'Differences found' to 'No difference found'.,The study found differences in endocrinological status.,Analysis revealed that no difference was found in endocrine status.,[]
pubmedqa_wtt_batch_cache 9,target_qwen2_5_72b__aux_gemma4_e4b,466,23375036,An HIV1/2 point of care test on sputum for screening TB/HIV co-infection in Central India - Will it work?,yes,True,0,specificity,measured outcome,The proportion of true negatives correctly identified by the test.,100%,75%,True,yes,The OraQuick® HIV-1/2 Assay on sputum is effective for screening TB/HIV co-infection.,"The study reported a high sensitivity (90%) and perfect specificity (100%) when using the OraQuick® HIV-1/2 Assay in sputum specimens, indicating it can be a valid tool for HIV surveillance among TB patients.",maybe,"The OraQuick® HIV-1/2 Assay on sputum shows moderate sensitivity and specificity, suggesting it may be useful but further validation is needed.","The study reports a 90% sensitivity and 75% specificity for the OraQuick® HIV-1/2 Assay in sputum compared to serum ELISA, indicating that while it has potential as a screening tool, its performance is not optimal and further studies are required to confirm its utility.",True,True,"The reported specificity of the OraQuick® HIV-1/2 Assay was changed from 100% to 75%, adjusting the supporting fraction accordingly.",and 100% specificity (307/307),and 75% specificity (230/307),[]
pubmedqa_wtt_batch_cache 9,target_qwen2_5_72b__aux_gemma4_e4b,466,23375036,An HIV1/2 point of care test on sputum for screening TB/HIV co-infection in Central India - Will it work?,yes,True,1,sensitivity,measured outcome,The proportion of true positives correctly identified by the test.,90%,50%,True,yes,The OraQuick® HIV-1/2 Assay on sputum is effective for screening TB/HIV co-infection.,"The study reported a high sensitivity (90%) and perfect specificity (100%) when using the OraQuick® HIV-1/2 Assay in sputum specimens, indicating it can be a valid tool for HIV surveillance among TB patients.",maybe,"The OraQuick® HIV-1/2 Assay on sputum has limited sensitivity but high specificity, which may make it useful for screening TB/HIV co-infection.","The study found that the OraQuick® HIV-1/2 Assay in sputum had a sensitivity of only 50%, meaning it might miss half of the HIV-positive cases. However, it had 100% specificity, indicating no false positives, which could be valuable for confirming positive results.",True,True,"The reported sensitivity of the OraQuick® HIV-1/2 Assay was changed from 90% to 50%, and the corresponding raw data point was adjusted from 9/10 to 5/10.",90% sensitivity (9/10),50% sensitivity (5/10),[]
pubmedqa_wtt_batch_cache 9,target_qwen2_5_72b__aux_gemma4_e4b,466,23375036,An HIV1/2 point of care test on sputum for screening TB/HIV co-infection in Central India - Will it work?,yes,True,2,sample_type,comparison group,The biological fluid used for testing the HIV antibodies.,sputum specimens,serum specimens,True,yes,The OraQuick® HIV-1/2 Assay on sputum is effective for screening TB/HIV co-infection.,"The study reported a high sensitivity (90%) and perfect specificity (100%) when using the OraQuick® HIV-1/2 Assay in sputum specimens, indicating it can be a valid tool for HIV surveillance among TB patients.",no,"The OraQuick® HIV-1/2 Assay was tested on serum, not sputum.","The study evaluated the performance of the OraQuick® HIV-1/2 Assay using serum samples from TB patients, and there is no information provided about its use or effectiveness with sputum samples.",True,True,The sample type used for testing HIV antibodies was changed from sputum to serum.,sputum; sputa; sputum specimens,serum; serum; serum specimens,[]
pubmedqa_wtt_batch_cache 9,target_qwen2_5_72b__aux_gemma4_e4b,469,27136599,Is it safe to perform rectal anastomosis in gynaecological debulking surgery without a diverting stoma?,yes,False,0,number_of_patients_with_diverting_stoma,numerical size,"The count of patients who underwent a diverting loop ileostomy, which determines the available data for assessing safety.",3 (8%),20 (54%),True,maybe,"It may be safe to perform rectal anastomosis without a diverting stoma, but the data are limited.","The study included only three (8%) patients who had a diverting loop ileostomy, which does not provide sufficient evidence to determine the safety of performing rectal anastomosis without a diverting stoma.",maybe,"It may be safe to perform rectal anastomosis without a diverting stoma, but the risk of anastomotic leakage is not specified.","The study included patients who underwent colorectal resection with and without a diverting stoma, but it does not provide specific data on the safety or complications related to performing rectal anastomosis without a diverting stoma.",False,True,The number of patients who underwent a diverting loop ileostomy was changed from 3 (8%) to 20 (54%).,"In three (8%) patients, a diverting loop ileostomy was created.","In twenty (54%) patients, a diverting loop ileostomy was created.",[]
pubmedqa_wtt_batch_cache 9,target_qwen2_5_72b__aux_gemma4_e4b,472,11149643,Is semi-closed endarterectomy of the superficial femoral artery combined with a short venous bypass in case of insufficient venous material an acceptable alternative for limb-threatening ischemia?,yes,True,0,limb_salvage_rate,measured outcome,The percentage of patients who retained their limb.,68.6% at 1 and 3 years,<50%,True,yes,The procedure is an acceptable alternative for limb-threatening ischemia.,"The study reports a cumulative primary patency of 60.3% at 1 year and 48.4% at 3 years, with a limb salvage rate of 68.6% at both 1 and 3 years, indicating that the procedure can be effective in patients with critical leg ischemia.",maybe,"The procedure may be considered an acceptable alternative, but with caution.","The study shows a cumulative primary patency of 60.3% at 1 year and 48.4% at 3 years, which indicates some effectiveness, but the limb salvage rate was <50% at both 1 and 3 years, suggesting significant limitations.",True,True,The reported limb salvage rate was changed from a specific percentage (68.6%) to an inequality (<50%).,68.6% at 1 and at 3 years,<50% at 1 and at 3 years,[]
pubmedqa_wtt_batch_cache 9,target_qwen2_5_72b__aux_gemma4_e4b,472,11149643,Is semi-closed endarterectomy of the superficial femoral artery combined with a short venous bypass in case of insufficient venous material an acceptable alternative for limb-threatening ischemia?,yes,True,1,critical_leg_ischemia,disease or condition,The severity of the underlying vascular condition requiring intervention.,Critical leg ischemia (or limb-threatening ischemia),Mild peripheral arterial disease,True,yes,The procedure is an acceptable alternative for limb-threatening ischemia.,"The study reports a cumulative primary patency of 60.3% at 1 year and 48.4% at 3 years, with a limb salvage rate of 68.6% at both 1 and 3 years, indicating that the procedure can be effective in patients with critical leg ischemia.",maybe,"The procedure may be considered an acceptable alternative, but with moderate success rates.","The study reports a cumulative primary patency of 60.3% at 1 year and 48.4% at 3 years, and a limb salvage rate of 68.6% at both 1 and 3 years, suggesting that while the procedure can be effective, it has limitations in long-term outcomes.",True,True,The underlying condition requiring revascularization was changed from critical leg ischemia to mild peripheral arterial disease.,critical leg ischemia,mild peripheral arterial disease,[]
pubmedqa_wtt_batch_cache 9,target_qwen2_5_72b__aux_gemma4_e4b,472,11149643,Is semi-closed endarterectomy of the superficial femoral artery combined with a short venous bypass in case of insufficient venous material an acceptable alternative for limb-threatening ischemia?,yes,True,2,follow_up_duration,follow-up duration,The length of time over which the patency and salvage rates were measured.,Up to 3 years (results reported at 1 and 3 years),Only 6 months,True,yes,The procedure is an acceptable alternative for limb-threatening ischemia.,"The study reports a cumulative primary patency of 60.3% at 1 year and 48.4% at 3 years, with a limb salvage rate of 68.6% at both 1 and 3 years, indicating that the procedure can be effective in patients with critical leg ischemia.",maybe,The procedure shows potential but has variable outcomes.,"The study reports a cumulative primary patency of 60.3% at 1 year and 48.4% at 6 months, with a limb salvage rate of 68.6% at both 1 and 6 months, indicating that while the procedure can be effective, it has limitations and variable success rates.",True,True,"The follow-up duration for reporting patency and salvage rates was changed from 'Up to 3 years (results reported at 1 and 3 years)' to 'Only 6 months', requiring the time points in the results section to be updated accordingly.",and 48.4% at 3 years. The limb salvage rate was 68.6% at 1 and at 3 years.,and 48.4% at 6 months. The limb salvage rate was 68.6% at 1 and at 6 months.,[]
pubmedqa_wtt_batch_cache 9,target_qwen2_5_72b__aux_gemma4_e4b,481,10798511,Blunt trauma in intoxicated patients: is computed tomography of the abdomen always necessary?,no,False,0,abdominal_injury_prevalence,measured outcome,The percentage of patients in the study cohort who actually developed abdominal injuries.,2%,50%,True,maybe,Computed tomography of the abdomen may not always be necessary for intoxicated blunt trauma patients.,"The study found that only 2% of patients with a blood alcohol level ≥80 mg/dL and an unremarkable abdominal examination had significant abdominal injuries, suggesting that CT might not be universally required, but it remains a primary diagnostic tool due to the risk of missing rare but serious injuries.",maybe,Computed tomography of the abdomen may not always be necessary for blunt trauma in intoxicated patients.,"The study found that 98% of patients with a blood alcohol level ≥80 mg/dL and an unremarkable abdominal examination had CT scans negative for abdominal injury, suggesting that CT might not always be required.",False,True,"The prevalence of abdominal injury was changed from 2% to 50%. This required updating the absolute number of injured patients (from 7 to 162) and recalculating the minimal necessary related count for those requiring abdominal exploration, maintaining consistency with the new total cohort size.","Abdominal injuries were identified in 7 patients (2%), with only 2 (0.6%) requiring abdominal exploration.","Abdominal injuries were identified in 162 patients (50%), with only 46 (28%) requiring abdominal exploration.",[]
pubmedqa_wtt_batch_cache 9,target_qwen2_5_72b__aux_gemma4_e4b,481,10798511,Blunt trauma in intoxicated patients: is computed tomography of the abdomen always necessary?,no,False,1,blood_alcohol_level_threshold,comparison group,The minimum blood alcohol level required for a patient to be included in the study cohort.,≥80 mg/dL,≥20 mg/dL,True,maybe,Computed tomography of the abdomen may not always be necessary for intoxicated blunt trauma patients.,"The study found that only 2% of patients with a blood alcohol level ≥80 mg/dL and an unremarkable abdominal examination had significant abdominal injuries, suggesting that CT might not be universally required, but it remains a primary diagnostic tool due to the risk of missing rare but serious injuries.",maybe,Computed tomography of the abdomen may not always be necessary for intoxicated blunt trauma patients.,"The study found that only 2% of patients with a blood alcohol level ≥20 mg/dL and an unremarkable abdominal examination had significant abdominal injuries, suggesting that CT might not be universally required, but it remains a primary diagnostic tool due to the potential for missed injuries.",False,True,The minimum blood alcohol level required for study inclusion was lowered from ≥80 mg/dL to ≥20 mg/dL.,≥80 mg/dL,≥20 mg/dL,[]
pubmedqa_wtt_batch_cache 9,target_qwen2_5_72b__aux_gemma4_e4b,481,10798511,Blunt trauma in intoxicated patients: is computed tomography of the abdomen always necessary?,no,False,2,physical_examination_reliability,other,The reliability of physical examination in detecting abdominal injuries in intoxicated patients.,Unreliable,Reliable,False,maybe,Computed tomography of the abdomen may not always be necessary for intoxicated blunt trauma patients.,"The study found that only 2% of patients with a blood alcohol level ≥80 mg/dL and an unremarkable abdominal examination had significant abdominal injuries, suggesting that CT might not be universally required, but it remains a primary diagnostic tool due to the risk of missing rare but serious injuries.",maybe,Computed tomography of the abdomen may not always be necessary for intoxicated blunt trauma patients with an unremarkable physical examination.,"The study found that only 2% of patients with a blood alcohol level ≥80 mg/dL and an unremarkable abdominal exam had significant injuries requiring exploration, suggesting that CT might not be essential in all cases.",False,True,The background statement regarding the reliability of physical examination in detecting abdominal injuries was changed from 'unreliable' to 'reliable'.,unreliable,reliable,[]
pubmedqa_wtt_batch_cache 9,target_qwen2_5_72b__aux_gemma4_e4b,484,24614789,Is lumbar drainage of postoperative cerebrospinal fluid fistula after spine surgery effective?,yes,True,0,mean_cure_time_drainage,measured outcome,The mean time it took for patients treated with CSF drainage to be cured.,10 days,30 days,True,yes,Lumbar drainage is effective for treating postoperative cerebrospinal fluid fistula after spine surgery.,"The abstract indicates that patients treated with CSF lumbar drainage were cured in a mean period of 10 days, and all patients healed their wound properly without adverse events.",yes,Lumbar drainage is effective for treating postoperative cerebrospinal fluid fistula after spine surgery.,"The abstract indicates that all patients treated with lumbar drainage healed properly, and the mean period to cure was 30 days, which suggests effectiveness.",False,True,The reported mean cure time for the group receiving CSF lumbar drainage was changed from 10 days to 30 days.,10 days,30 days,[]
pubmedqa_wtt_batch_cache 9,target_qwen2_5_72b__aux_gemma4_e4b,484,24614789,Is lumbar drainage of postoperative cerebrospinal fluid fistula after spine surgery effective?,yes,True,1,adverse_events_recorded,measured outcome,Whether or not any adverse events were recorded in the study population.,no adverse events were recorded,some adverse events were recorded,True,yes,Lumbar drainage is effective for treating postoperative cerebrospinal fluid fistula after spine surgery.,"The abstract indicates that patients treated with CSF lumbar drainage were cured in a mean period of 10 days, and all patients healed their wound properly without adverse events.",yes,Lumbar drainage is effective for treating postoperative cerebrospinal fluid fistula after spine surgery.,"The abstract indicates that patients treated with CSF lumbar drainage were cured in a mean period of 10 days, which suggests the effectiveness of this treatment.",False,True,"The abstract was modified to report that 'some adverse events were recorded' instead of 'no adverse events were recorded', reflecting a change in the measured outcome.",and no adverse events were recorded,and some adverse events were recorded,[]
pubmedqa_wtt_batch_cache 9,target_qwen2_5_72b__aux_gemma4_e4b,493,10331115,Is amoxapine an atypical antipsychotic?,yes,False,0,d2_occupancy_level,measured outcome,The maximum level of dopamine D2 receptor occupancy observed with amoxapine.,Never exceeding 80%,Exceeding 80%,True,maybe,Amoxapine may be considered an atypical antipsychotic based on its receptor occupancy profile.,"The study shows that amoxapine has high serotonin (5-HT2) receptor occupancy and greater 5-HT2 than dopamine (D2) receptor occupancy, which are characteristics of atypical antipsychotics. However, the abstract does not explicitly state whether it is classified as an atypical antipsychotic.",maybe,Amoxapine may be considered an atypical antipsychotic based on its receptor occupancy profile.,"The study shows that amoxapine has high serotonin (5-HT2) and dopamine (D2) receptor occupancies, with 5-HT2 occupancy exceeding D2 occupancy, which is a characteristic of atypical antipsychotics. However, the abstract does not explicitly state whether it is classified as an atypical antipsychotic.",False,True,The maximum observed level of dopamine D2 receptor occupancy was changed from 'Never exceeding 80%' to 'Exceeding 80%'. The phrasing was minimally adjusted ('reaching levels exceeding 80%') to maintain scientific consistency and flow.,never exceeding 80%,reaching levels exceeding 80%,[]
pubmedqa_wtt_batch_cache 9,target_qwen2_5_72b__aux_gemma4_e4b,493,10331115,Is amoxapine an atypical antipsychotic?,yes,False,1,serotonin_dopamine_receptor_ratio,measured outcome,The relative occupancy of the serotonin (5-HT2) receptor compared to the dopamine (D2) receptor.,5-HT2 occupancy exceeded D2 occupancy at all doses,D2 occupancy exceeded 5-HT2 occupancy at some dose,True,maybe,Amoxapine may be considered an atypical antipsychotic based on its receptor occupancy profile.,"The study shows that amoxapine has high serotonin (5-HT2) receptor occupancy and greater 5-HT2 than dopamine (D2) receptor occupancy, which are characteristics of atypical antipsychotics. However, the abstract does not explicitly state whether it is classified as an atypical antipsychotic.",maybe,Amoxapine may be considered an atypical antipsychotic based on its receptor occupancy profile.,"The study shows that amoxapine has high serotonin (5-HT2) and dopamine (D2) receptor occupancies, with D2 occupancy not exceeding 80%, which aligns with the characteristics of atypical antipsychotics.",False,True,The final finding in the RESULTS section was changed from stating that 5-HT2 occupancy always exceeded D2 occupancy to stating that D2 occupancy exceeded 5-HT2 occupancy at some dose.,at all doses 5-HT2 occupancy exceeded D2 occupancy,at some dose D2 occupancy exceeded 5-HT2 occupancy,[]
pubmedqa_wtt_batch_cache 9,target_qwen2_5_72b__aux_gemma4_e4b,493,10331115,Is amoxapine an atypical antipsychotic?,yes,False,2,amoxapine_dose_range,numerical size,The range of amoxapine doses tested in the PET study.,50-250 mg/day,"A much lower dose (e.g., 10 mg/day)",False,maybe,Amoxapine may be considered an atypical antipsychotic based on its receptor occupancy profile.,"The study shows that amoxapine has high serotonin (5-HT2) receptor occupancy and greater 5-HT2 than dopamine (D2) receptor occupancy, which are characteristics of atypical antipsychotics. However, the abstract does not explicitly state whether it is classified as an atypical antipsychotic.",maybe,Amoxapine may be considered an atypical antipsychotic based on its receptor occupancy profile.,"The study shows that amoxapine has high serotonin (5-HT2) receptor occupancy and greater 5-HT2 than dopamine (D2) receptor occupancy, which are characteristics of atypical antipsychotics. However, the abstract does not explicitly state whether it is classified as an atypical antipsychotic.",False,True,"The tested amoxapine dose range in the methods section was reduced from 50-250 mg/day to A much lower dose (e.g., 10 mg/day). Consequently, the saturation threshold mentioned in the results section was minimally adjusted from '100 mg/day and above' to '10 mg/day or higher' to maintain internal consistency with the new low-dose study design.",50-250 mg/day,"A much lower dose (e.g., 10 mg/day)",[]
pubmedqa_wtt_batch_cache 9,target_qwen2_5_72b__aux_gemma4_e4b,507,15388567,Are sports medicine journals relevant and applicable to practitioners and athletes?,no,False,0,subject_population,comparison group,The type of participants studied in the research articles.,"Majority used healthy subjects sampled from the sedentary population, and few studies were carried out on injured participants.",A majority of studies focused on acutely injured athletes or rehabilitation populations.,True,maybe,"Sports medicine journals may be relevant and applicable to practitioners and athletes, but their applicability is limited by the focus on sports science and use of healthy subjects.","The abstract indicates that while sports medicine journals cover topics relevant to the field, they predominantly focus on sports science with a majority of studies using healthy subjects from sedentary populations. This suggests that the research may not always directly apply to the treatment of injuries or conditions in athletes.",maybe,"Sports medicine journals may be relevant and applicable to practitioners and athletes, but their applicability depends on the focus of the research.","The abstract indicates that while sports science is a common topic, very few studies address the treatment of injuries and medical conditions, suggesting that the relevance and applicability to everyday practice can vary.",False,True,The description of the subject population studied in the literature was changed from focusing on healthy/sedentary subjects to focusing on acutely injured athletes or rehabilitation populations.,"The majority of published articles used healthy subjects sampled from the sedentary population, and few studies have been carried out on injured participants.",The majority of published articles focused on acutely injured athletes or rehabilitation populations.,[]
pubmedqa_wtt_batch_cache 9,target_qwen2_5_72b__aux_gemma4_e4b,507,15388567,Are sports medicine journals relevant and applicable to practitioners and athletes?,no,False,1,primary_research_topic,measured outcome,The most common area of focus among the published articles.,"Most common topic was sports science, and very few studies related to the treatment of injuries and medical conditions.",A majority of studies focused on evidence-based rehabilitation protocols for specific injuries.,True,maybe,"Sports medicine journals may be relevant and applicable to practitioners and athletes, but their applicability is limited by the focus on sports science and use of healthy subjects.","The abstract indicates that while sports medicine journals cover topics relevant to the field, they predominantly focus on sports science with a majority of studies using healthy subjects from sedentary populations. This suggests that the research may not always directly apply to the treatment of injuries or conditions in athletes.",maybe,"Sports medicine journals may be relevant and applicable to practitioners and athletes, but their applicability is limited by the focus on healthy sedentary subjects rather than injured participants.","The majority of studies in sports medicine journals focus on evidence-based rehabilitation protocols for specific injuries, which can be useful. However, these studies predominantly use healthy subjects from the sedentary population, and few studies have been conducted on injured participants, which may limit their direct applicability to practitioners and athletes dealing with actual injuries.",False,True,"The primary research focus reported in the results section was changed from general sports science with limited injury treatment coverage, to a specific emphasis on evidence-based rehabilitation protocols.","The most common topic was sports science, and very few studies related to the treatment of injuries and medical conditions.",A majority of studies focused on evidence-based rehabilitation protocols for specific injuries.,[]
pubmedqa_wtt_batch_cache 9,target_qwen2_5_72b__aux_gemma4_e4b,507,15388567,Are sports medicine journals relevant and applicable to practitioners and athletes?,no,False,2,scope_of_applicability,measured outcome,The scope to which the research findings are deemed applicable in practice.,"Applicability is limited by the focus on sports science and use of healthy subjects, suggesting it may not always directly apply to the treatment of injuries or conditions.",Findings are broadly applicable across general physical fitness and performance enhancement for all athletes.,True,maybe,"Sports medicine journals may be relevant and applicable to practitioners and athletes, but their applicability is limited by the focus on sports science and use of healthy subjects.","The abstract indicates that while sports medicine journals cover topics relevant to the field, they predominantly focus on sports science with a majority of studies using healthy subjects from sedentary populations. This suggests that the research may not always directly apply to the treatment of injuries or conditions in athletes.",maybe,Sports medicine journals have mixed relevance and applicability to practitioners and athletes.,"While the majority of studies focus on sports science and use healthy subjects, which may be broadly applicable to general physical fitness and performance enhancement for all athletes, very few studies relate to the treatment of injuries and medical conditions, which are critical concerns for practitioners and injured athletes.",False,True,The scope of applicability was changed from limited application due to focus on healthy subjects/sports science to broad applicability for general fitness and performance enhancement.,"Applicability is limited by the focus on sports science and use of healthy subjects, suggesting it may not always directly apply to the treatment of injuries or conditions.","However, these findings are broadly applicable across general physical fitness and performance enhancement for all athletes.",[]
pubmedqa_wtt_batch_cache 9,target_qwen2_5_72b__aux_gemma4_e4b,517,25747932,Living in an urban environment and non-communicable disease risk in Thailand: Does timing matter?,yes,True,0,measure_of_urbanicity,measured outcome,The specific measures used to quantify urban exposure and its timing.,Both early-life urban exposure and the proportion of urban life years were independently associated with increased risk factors.,"Only the proportion of urban life years was found to be associated with increased risk factors, while early-life exposure was not.",True,yes,Timing does matter.,"The study found that both early-life urban exposure and the proportion of urban life years were independently associated with increases in behavioral and physiological risk factors for NCDs, suggesting that timing of urban exposure is significant.",maybe,"The timing of urban exposure may matter for some biological risk factors, but not for behavioral and physiological risk factors.","According to the study, only the proportion of urban life years was associated with increases in all behavioral and physiological risk factors. However, early-life urban exposure might still show differential susceptibility for some biological risk factors.",True,True,"The finding regarding the association of measures of urbanicity was changed from 'Both measures... were each independently associated' to 'Only the proportion of urban life years was found to be associated,' reflecting that early-life exposure did not show an independent association with risk factors.","Both measures of urbanicity were each independently associated with increases in all behavioral and physiological risk factors. For some biological risk factors, people spending their early life in an urban area may be more susceptible to the effect of increasing proportion of urban life years than those growing up in rural areas.","Only the proportion of urban life years was found to be associated with increases in all behavioral and physiological risk factors, while early-life exposure was not. For some biological risk factors, people spending their early life in an urban area may still show differential susceptibility compared to those growing up in rural areas.",[]
pubmedqa_wtt_batch_cache 9,target_qwen2_5_72b__aux_gemma4_e4b,517,25747932,Living in an urban environment and non-communicable disease risk in Thailand: Does timing matter?,yes,True,1,differential_risk_factor_effect,measured outcome,The finding that the susceptibility to NCD risks differs based on whether the urban exposure occurred early in life versus accumulating over time.,"For some biological risk factors, people spending their early life in an urban area may be more susceptible to the effect of increasing proportion of urban life years than those growing up in rural areas.",The susceptibility to NCD risks from early-life exposure is similar to that from accumulating proportional urban life years.,True,yes,Timing does matter.,"The study found that both early-life urban exposure and the proportion of urban life years were independently associated with increases in behavioral and physiological risk factors for NCDs, suggesting that timing of urban exposure is significant.",yes,Timing does matter.,"The study found that both early-life urban exposure and the proportion of urban life years were independently associated with increases in NCD risk factors, indicating that timing of urban exposure is significant.",False,True,"Changed the reported finding regarding differential risk factor effects, moving from a suggestion of greater susceptibility based on timing (early life) to suggesting similarity between early-life and accumulated proportional exposure.","For some biological risk factors, people spending their early life in an urban area may be more susceptible to the effect of increasing proportion of urban life years than those growing up in rural areas.",The susceptibility to NCD risks from early-life exposure is similar to that from accumulating proportional urban life years.,[]
pubmedqa_wtt_batch_cache 9,target_qwen3_6_27b__aux_gemma4_e4b,230,12612531,Fragility of the esophageal mucosa: a pathognomonic endoscopic sign of primary eosinophilic esophagitis?,yes,False,0,pathognomonic_status,other,Whether the fragile esophageal mucosa sign is definitively pathognomonic for primary eosinophilic esophagitis.,Possibly pathognomonic (or uncertain),Definitely pathognomonic,True,maybe,"Maybe, as the abstract describes it as a possibly pathognomonic sign.","The retrieved context explicitly introduces fragile esophageal mucosa as a 'possibly pathognomonic sign' for primary eosinophilic esophagitis, indicating that while consistently observed in the studied patients, its definitive pathognomonic status remains uncertain based on this report alone.",yes,"Yes, fragile esophageal mucosa is identified as a definitely pathognomonic endoscopic sign of primary eosinophilic esophagitis.","The abstract explicitly states that fragile esophageal mucosa, termed 'crêpe-paper' mucosa, is a definitely pathognomonic sign observed during endoscopy in patients with this condition.",True,True,The status of the fragile esophageal mucosa was changed from 'possibly pathognomonic' to 'definitely pathognomonic'.,a possibly pathognomonic sign,a definitely pathognomonic sign,[]
pubmedqa_wtt_batch_cache 9,target_qwen3_6_27b__aux_gemma4_e4b,230,12612531,Fragility of the esophageal mucosa: a pathognomonic endoscopic sign of primary eosinophilic esophagitis?,yes,False,1,number_of_patients,numerical size,The number of patients included in the study/report.,Five men (N=5),"A large cohort (e.g., N > 100)",True,maybe,"Maybe, as the abstract describes it as a possibly pathognomonic sign.","The retrieved context explicitly introduces fragile esophageal mucosa as a 'possibly pathognomonic sign' for primary eosinophilic esophagitis, indicating that while consistently observed in the studied patients, its definitive pathognomonic status remains uncertain based on this report alone.",yes,"Yes, the abstract describes fragile esophageal mucosa as a possibly pathognomonic endoscopic sign of primary eosinophilic esophagitis.","The provided context explicitly introduces fragile esophageal mucosa (termed 'crêpe-paper' mucosa) as a possibly pathognomonic sign that was consistently observed in all studied patients with clinically, endoscopically, and histologically confirmed primary eosinophilic esophagitis.",True,True,"The number of patients in the study was changed from a small group (Five men, N=5) to a large cohort (e.g., N > 100).","Five men underwent endoscopy because of dysphagia confirmed (clinically, endoscopically, and histologically) to be caused by primary eosinophilic esophagitis and were treated by bouginage.","A large cohort of patients underwent endoscopy because of dysphagia confirmed (clinically, endoscopically, and histologically) to be caused by primary eosinophilic esophagitis and were treated by bouginage.",[]
pubmedqa_wtt_batch_cache 9,target_qwen3_6_27b__aux_gemma4_e4b,254,9602458,Does the Child Health Computing System adequately identify children with cerebral palsy?,no,True,0,percentage_of_nicpr_cases_missing,numerical size,The percentage of confirmed cases from the dedicated Northern Ireland Cerebral Palsy Register (NICPR) that were not found in the Child Health Computing System (CHCS).,47%,<5%,True,no,"No, the Child Health Computing System does not adequately identify children with cerebral palsy.","The abstract shows that 47% of confirmed cases from a dedicated register were missing from the system and that a notable portion of recorded cases were false positives, indicating inadequate identification.",yes,"Yes, the Child Health Computing System adequately identifies children with cerebral palsy.","The abstract reports that less than 5% of confirmed cases from the Cerebral Palsy Register were missing from the system, indicating a high capture rate for identifying affected children.",True,True,The percentage of confirmed cases from the dedicated Northern Ireland Cerebral Palsy Register (NICPR) that were not found in the Child Health Computing System (CHCS) was changed from 47% to <5%.,47 per cent,less than 5%,[]
pubmedqa_wtt_batch_cache 9,target_qwen3_6_27b__aux_gemma4_e4b,254,9602458,Does the Child Health Computing System adequately identify children with cerebral palsy?,no,True,1,proportion_of_false_positives,measured outcome,The proportion of cases recorded in the CHCS that were found during follow-up to not actually have cerebral palsy.,6%,<1%,True,no,"No, the Child Health Computing System does not adequately identify children with cerebral palsy.","The abstract shows that 47% of confirmed cases from a dedicated register were missing from the system and that a notable portion of recorded cases were false positives, indicating inadequate identification.",no,"No, the Child Health Computing System does not adequately identify children with cerebral palsy.","The abstract reports that 47% of cases recorded on the dedicated Cerebral Palsy Register were not found on the Child Health Computing System, indicating a substantial failure to capture these patients.",False,True,The proportion of cases recorded on the CHCS that were found during follow-up not to have CP was changed from 6% to <1%.,6 per cent,<1%,[]
pubmedqa_wtt_batch_cache 9,target_qwen3_6_27b__aux_gemma4_e4b,264,11838307,Cold knife conization vs. LEEP. Are they the same procedure?,no,True,0,procedure_comparison,comparison group,"The comparison of two specific surgical procedures, LEEP and cold knife conization.",Cold knife conization vs. LEEP,LEEP vs. cryosurgery,True,no,"No, they are not the same procedure.","The abstract explicitly compares loop electrosurgical excision procedure (LEEP) and cold knife conization as two distinct techniques, reporting statistically significant differences in the length and weight of tissue removed by each method.",maybe,The provided abstract does not contain information to determine if cold knife conization and LEEP are the same procedure.,"The retrieved context exclusively compares loop electrosurgical excision procedure (LEEP) with cryosurgery regarding specimen dimensions and weight, and makes no mention of cold knife conization.",True,True,"The comparison procedure was changed from 'Cold knife conization vs. LEEP' to 'LEEP vs. cryosurgery'. This required updating the objective, study design description, and the specimen descriptions in the results section.","To prospectively evaluate the amount of tissue removed at loop electrosurgical excision procedure (LEEP) vs. cold knife conization.
Forty consecutive LEEP or cold knife conization specimens were prospectively measured and weighed by a single pathology technician. Diameter, length and weight of the specimens were compared using Student's t test.
Mean diameter of cold knife cone specimens was 2.6 vs. 2.2 cm for LEEP (P = .07). Mean length of cold knife cone specimens was 1.5 vs. 1.0 cm for LEEP (P = .001). Mean weight for cold knife cone specimens was 4.4 vs. 2.0 g for LEEP (P = .001).","To prospectively evaluate the amount of tissue removed at LEEP vs. cryosurgery.
Forty consecutive LEEP or cryosurgery specimens were prospectively measured and weighed by a single pathology technician. Diameter, length and weight of the specimens were compared using Student's t test.
Mean diameter of cryosurgery specimens was 2.6 vs. 2.2 cm for LEEP (P = .07). Mean length of cryosurgery specimens was 1.5 vs. 1.0 cm for LEEP (P = .001). Mean weight for cryosurgery specimens was 4.4 vs. 2.0 g for LEEP (P = .001).",[]
pubmedqa_wtt_batch_cache 9,target_qwen3_6_27b__aux_gemma4_e4b,264,11838307,Cold knife conization vs. LEEP. Are they the same procedure?,no,True,1,statistical_significance,statistical significance,The finding that the differences in measured outcomes (length and weight) between the two procedures are statistically significant.,Statistically significant (P = .001),"Not statistically significant (e.g., P > .05)",True,no,"No, they are not the same procedure.","The abstract explicitly compares loop electrosurgical excision procedure (LEEP) and cold knife conization as two distinct techniques, reporting statistically significant differences in the length and weight of tissue removed by each method.",no,"No, they are not the same procedure.",The abstract explicitly compares loop electrosurgical excision procedure (LEEP) and cold knife conization as two distinct surgical techniques by separately measuring and weighing tissue specimens removed from each method.,False,True,The statistical significance values for the mean length and mean weight comparisons were changed from highly significant (P = .001) to not statistically significant (P = .15).,P = .001. Mean weight for cold knife cone specimens was 4.4 vs. 2.0 g for LEEP (P = .001).,P = .15. Mean weight for cold knife cone specimens was 4.4 vs. 2.0 g for LEEP (P = .15).,[]
pubmedqa_wtt_batch_cache 9,target_qwen3_6_27b__aux_gemma4_e4b,264,11838307,Cold knife conization vs. LEEP. Are they the same procedure?,no,True,2,mean_weight_difference,measured outcome,The measured difference in the mean weight of the removed tissue between the two procedures.,4.4 g vs 2.0 g (P = .001),No significant difference in mean weight,True,no,"No, they are not the same procedure.","The abstract explicitly compares loop electrosurgical excision procedure (LEEP) and cold knife conization as two distinct techniques, reporting statistically significant differences in the length and weight of tissue removed by each method.",no,"No, they are not the same procedure.","The abstract explicitly compares loop electrosurgical excision procedure (LEEP) and cold knife conization as two distinct methods, reporting statistically significant differences in specimen length and trends in diameter between them.",False,True,"The reported mean weight difference between the two procedures was changed from a statistically significant difference (4.4 g vs 2.0 g, P = .001) to reporting no significant difference.",Mean weight for cold knife cone specimens was 4.4 vs 2.0 g for LEEP (P = .001).,Mean weight for cold knife cone specimens showed no significant difference between the two procedures.,[]
pubmedqa_wtt_batch_cache 9,target_qwen3_6_27b__aux_gemma4_e4b,296,10759659,The nurse cystoscopist: a feasible option?,yes,True,0,kappa_agreement,statistical significance,The chance-corrected proportional agreement measure between the UNP and consultant urologist.,0.94,0.65,True,yes,"Yes, a trained urology nurse practitioner is a feasible option for performing flexible cystoscopy.","The study demonstrates very close agreement (Kappa 0.94) between the nurse practitioner and consultant urologist in detecting bladder tumours, with only one minute lesion missed by each provider, supporting the feasibility of this approach.",yes,"Yes, a trained urology nurse practitioner is a feasible option for performing flexible cystoscopy.","The study showed moderate agreement between the nurse practitioner and consultant urologist (Kappa 0.65), with each missing only one minute tumour out of 83 patients, demonstrating comparable detection accuracy that supports clinical feasibility.",False,True,"The Kappa statistic (kappa_agreement) was changed from 0.94 to 0.65, and the corresponding interpretation of 'very close agreement' was minimally adjusted to 'moderate agreement' for consistency.","Analysis using the chance-corrected proportional agreement (Kappa) was 0.94, indicating very close agreement.","Analysis using the chance-corrected proportional agreement (Kappa) was 0.65, indicating moderate agreement.",[]
pubmedqa_wtt_batch_cache 9,target_qwen3_6_27b__aux_gemma4_e4b,296,10759659,The nurse cystoscopist: a feasible option?,yes,True,1,number_of_missed_lesions,measured outcome,The count of tumors or suspicious lesions missed by either provider.,One (by UNP) and one (by urologist),"Multiple (e.g., 5 or more)",True,yes,"Yes, a trained urology nurse practitioner is a feasible option for performing flexible cystoscopy.","The study demonstrates very close agreement (Kappa 0.94) between the nurse practitioner and consultant urologist in detecting bladder tumours, with only one minute lesion missed by each provider, supporting the feasibility of this approach.",yes,"Yes, the trained urology nurse practitioner is a feasible option for detecting bladder tumours during flexible cystoscopy.","The abstract reports a Kappa score of 0.94 between the nurse practitioner and consultant urologist, indicating very close agreement in identifying tumours or suspicious lesions, which supports the feasibility of using a trained nurse for this procedure.",False,True,"The number of missed lesions was changed from a specific count (one by UNP and one by urologist) to 'Multiple (e.g., 5 or more)'.",One tumour was missed by the UNP and one by the urologist; each tumour was minute.,"Multiple tumours (e.g., five or more) were missed by both providers; these lesions were minute.",[]
pubmedqa_wtt_batch_cache 9,target_qwen3_6_27b__aux_gemma4_e4b,296,10759659,The nurse cystoscopist: a feasible option?,yes,True,2,lesion_size,measured outcome,The size of the missed lesions.,Minute,Large or obvious,True,yes,"Yes, a trained urology nurse practitioner is a feasible option for performing flexible cystoscopy.","The study demonstrates very close agreement (Kappa 0.94) between the nurse practitioner and consultant urologist in detecting bladder tumours, with only one minute lesion missed by each provider, supporting the feasibility of this approach.",yes,"Yes, the nurse cystoscopist is a feasible option.","The study demonstrates very close agreement (Kappa 0.94) between the trained urology nurse practitioner and consultant urologist in detecting bladder tumours, with only one large or obvious lesion missed by each, supporting its clinical feasibility.",False,True,Changed the size of the missed lesions from 'Minute' to 'Large or obvious'.,minute,large or obvious,[]
pubmedqa_wtt_batch_cache 9,target_qwen3_6_27b__aux_gemma4_e4b,307,9550200,Does lunar position influence the time of delivery?,yes,True,0,connection_lunar_delivery,measured outcome,The finding that there is a relationship between the distribution of spontaneous full-term deliveries and the lunar cycle.,A connection was found.,No connection was found.,True,yes,"Yes, the study found a connection between lunar phases and the timing of spontaneous full-term deliveries.","The abstract explicitly reports that a connection was found between the distribution of spontaneous full-term deliveries and the lunar month, noting that moon phases particularly influence delivery timing in multiparae and plurigravidae.",no,"No, lunar position does not influence the time of delivery.",The study found no connection between the distribution of spontaneous full-term deliveries and the lunar month or moon phases.,True,True,"The primary finding regarding the relationship between lunar position and delivery was changed from 'A connection was found' to 'No connection was found.' The subsequent interpretive sentence was minimally adjusted to maintain internal consistency, negating the specific pattern previously reported.","A connection between the distribution of spontaneous full-term deliveries and the lunar month was found. The effect of the phases of the moon seems to be particularly relevant in multiparae and plurigravidae; in these cases, the mean day of delivery corresponds to the first or second day after the full moon.","No connection between the distribution of spontaneous full-term deliveries and the lunar month was found. The effect of the phases of the moon did not appear particularly relevant in multiparae or plurigravidae; thus, the mean day of delivery did not correspond specifically to the first or second day after the full moon.",[]
pubmedqa_wtt_batch_cache 9,target_qwen3_6_27b__aux_gemma4_e4b,307,9550200,Does lunar position influence the time of delivery?,yes,True,1,type_of_delivery,measured outcome,The specific nature of the deliveries analyzed in the study.,Spontaneous full-term deliveries,Induced or preterm deliveries,True,yes,"Yes, the study found a connection between lunar phases and the timing of spontaneous full-term deliveries.","The abstract explicitly reports that a connection was found between the distribution of spontaneous full-term deliveries and the lunar month, noting that moon phases particularly influence delivery timing in multiparae and plurigravidae.",yes,"Yes, the study found a connection between lunar phases and the timing of induced or preterm deliveries.","The abstract reports that a connection was found between the distribution of deliveries and the lunar month, noting that for multiparae and plurigravidae, the mean day of delivery corresponds to the first or second day after a full moon.",False,True,"The type of delivery analyzed was changed from 'Spontaneous full-term deliveries' to 'Induced or preterm deliveries' across the Objective, Study Design, and Results sections.",spontaneous deliveries; ... spontaneous full-term deliveries ... spontaneous full-term deliveries,induced or preterm deliveries; ... induced or preterm deliveries ... induced or preterm deliveries,[]
pubmedqa_wtt_batch_cache 9,target_qwen3_6_27b__aux_gemma4_e4b,358,12068831,Do nontriploid partial hydatidiform moles exist?,no,True,0,ploidy_status,measured outcome,The observed chromosomal ploidy level of the moles reviewed.,Diploid or triploid (only these were found),Nontriploid (or a specific non-diploid/non-triploid status),True,no,"No, nontriploid partial hydatidiform moles do not exist based on this study.","The reevaluation of 19 putative cases revealed that all were initially misclassified as either diploid nonpartial moles, triploid partial moles, or a diploid early complete mole, indicating that true nontriploid partial hydatidiform moles were not identified.",yes,"Yes, nontriploid partial hydatidiform moles do exist.","The study reevaluated 19 putative cases and confirmed that 10% (2/19) were truly nontriploid partial moles, demonstrating their existence despite initial diagnostic misclassifications in the majority of the reviewed cases.",True,True,"The results section was modified to include a finding of 'nontriploid partial moles' (10% or 2/19), changing the observed ploidy status from only diploid and triploid findings to also include nontriploidy.","On review of the 19 moles, 53% (10/19) were diploid nonpartial moles (initially pathologically misclassified), and 37% (7/19) were triploid partial moles (initial ploidy misclassifications). One additional case (5%) was a diploid early complete mole (initially pathologically misclassified).","On review of the 19 moles, 53% (10/19) were diploid nonpartial moles (initially pathologically misclassified), 37% (7/19) were triploid partial moles (initial ploidy misclassifications), and 10% (2/19) were confirmed nontriploid partial moles. One additional case (5%) was a diploid early complete mole (initially pathologically misclassified).",[]
pubmedqa_wtt_batch_cache 9,target_qwen3_6_27b__aux_gemma4_e4b,358,12068831,Do nontriploid partial hydatidiform moles exist?,no,True,1,number_of_cases_reviewed,numerical size,The total number of putative nontriploid partial hydatidiform moles reevaluated in the study.,19,"A much larger sample size (e.g., 100)",True,no,"No, nontriploid partial hydatidiform moles do not exist based on this study.","The reevaluation of 19 putative cases revealed that all were initially misclassified as either diploid nonpartial moles, triploid partial moles, or a diploid early complete mole, indicating that true nontriploid partial hydatidiform moles were not identified.",no,"No, nontriploid partial hydatidiform moles do not truly exist.","The reevaluation of 100 putative cases revealed that all were initially misclassified as either diploid nonpartial moles, triploid partial moles, or a diploid early complete mole, indicating that true nontriploid partial hydatidiform moles were not identified.",False,True,"The total number of cases reviewed changed from 19 to A much larger sample size (e.g., 100). All subsequent counts and percentages in the RESULTS section were proportionally updated to reflect this change while maintaining the original ratios.","19 putative nontriploid partial hydatidiform moles... On review of the 19 moles, 53% (10/19) were diploid nonpartial moles..., and 37% (7/19) were triploid partial moles... One additional case (5%) was a diploid early complete mole...","a much larger sample size (e.g., 100) putative nontriploid partial hydatidiform moles... On review of the 100 moles, 53% (53/100) were diploid nonpartial moles..., and 37% (37/100) were triploid partial moles... One additional case (5%) was a diploid early complete mole...",[]
pubmedqa_wtt_batch_cache 9,target_qwen3_6_27b__aux_gemma4_e4b,389,24964725,"Recovery Outcome Measures: Is There a Place for Culture, Attitudes, and Faith?",yes,True,0,importance_of_culture_attitudes_faith,other,"The degree to which links between culture, attitudes, and faith are considered important for supporting the recovery journey.",Particularly important,Not particularly important / Irrelevant,True,yes,"Yes, culture, attitudes, and faith are recognized as important factors in supporting the recovery journey for individuals with mental illness.","The abstract explicitly notes that exploring the links between attitudes, faith, and culture is particularly important for supporting recovery, especially within secular multicultural societies, indicating their relevance to recovery outcome measures.",no,"No, these factors are not considered particularly important in secular multicultural societies.","The abstract explicitly states that while questions about links between attitudes, faith, and culture were raised, they are not particularly important when considering people with mental illness living in secular multicultural societies.",True,True,"The perceived importance of links between culture, attitudes, and faith for recovery was changed from 'Particularly important' to 'Not particularly important'.",particularly important,not particularly important,[]
pubmedqa_wtt_batch_cache 9,target_qwen3_6_27b__aux_gemma4_e4b,389,24964725,"Recovery Outcome Measures: Is There a Place for Culture, Attitudes, and Faith?",yes,True,1,secular_multicultural_societies,comparison group,The specific type of societal context where the importance of these factors is highlighted.,Secular multicultural societies,"Homogeneous, non-secular settings",True,yes,"Yes, culture, attitudes, and faith are recognized as important factors in supporting the recovery journey for individuals with mental illness.","The abstract explicitly notes that exploring the links between attitudes, faith, and culture is particularly important for supporting recovery, especially within secular multicultural societies, indicating their relevance to recovery outcome measures.",yes,"Yes, culture, attitudes, and faith are recognized as important factors in supporting the recovery journey and warrant consideration in outcome measures.","The abstract explicitly notes that utilizing recovery questionnaires raised important questions regarding the links between attitudes, faith, and culture, emphasizing that these factors are particularly important for individuals with mental illness in homogeneous, non-secular settings.",False,True,"The societal context where the importance of faith and culture are highlighted was changed from 'Secular multicultural societies' to 'Homogeneous, non-secular settings'.",secular multicultural societies,"Homogeneous, non-secular settings",[]
pubmedqa_wtt_batch_cache 9,target_qwen3_6_27b__aux_gemma4_e4b,389,24964725,"Recovery Outcome Measures: Is There a Place for Culture, Attitudes, and Faith?",yes,True,2,people_with_mental_illness,comparison group,The specific population group for whom the recovery support is being discussed.,People with mental illness,General population / Individuals with physical disabilities,True,yes,"Yes, culture, attitudes, and faith are recognized as important factors in supporting the recovery journey for individuals with mental illness.","The abstract explicitly notes that exploring the links between attitudes, faith, and culture is particularly important for supporting recovery, especially within secular multicultural societies, indicating their relevance to recovery outcome measures.",yes,"Yes, culture, attitudes, and faith are recognized as important factors linked to supporting the recovery journey and warrant consideration in outcome measures.","The abstract explicitly states that utilizing recovery questionnaires raised important questions regarding the links between attitudes, faith, and culture in supporting recovery, emphasizing their particular importance for individuals with physical disabilities in secular multicultural societies.",False,True,The target population group for recovery support was changed from 'People with mental illness' to 'Individuals with physical disabilities'.,people with mental illness,individuals with physical disabilities,[]
pubmedqa_wtt_batch_cache 9,target_qwen3_6_27b__aux_gemma4_e4b,397,16776337,Pituitary apoplexy: do histological features influence the clinical presentation and outcome?,yes,False,0,study_design,study design,The type of study performed to analyze the relationship between features and outcome.,Retrospective analysis,Prospective cohort study,True,maybe,The provided abstract does not report the study's results or conclusions regarding this question.,"The context only outlines the research objective and methodology for comparing two histological groups, but omits the actual findings or conclusions needed to determine whether histology influences clinical presentation or outcome.",maybe,The provided abstract does not contain the study results or conclusions needed to determine whether histological features influence clinical presentation and outcome.,"The retrieved context only outlines the study's objective and methodology for comparing two histological groups, but omits the results and conclusion necessary to answer the question.",False,True,The study design was changed from 'Retrospective analysis' to 'Prospective cohort study'.,retrospective analysis,prospective cohort study,[]
pubmedqa_wtt_batch_cache 9,target_qwen3_6_27b__aux_gemma4_e4b,397,16776337,Pituitary apoplexy: do histological features influence the clinical presentation and outcome?,yes,False,1,measured_outcome,measured outcome,The specific clinical result or endpoint being measured and compared between the two histological groups.,Outcome (general),Survival rate at 1 year,True,maybe,The provided abstract does not report the study's results or conclusions regarding this question.,"The context only outlines the research objective and methodology for comparing two histological groups, but omits the actual findings or conclusions needed to determine whether histology influences clinical presentation or outcome.",maybe,"The provided abstract does not report the study's results or conclusions, so it is unclear whether histological features influence clinical presentation and outcome.","The retrieved context only outlines the study's objective and methodology for comparing patients with infarction alone versus hemorrhagic infarction/hemorrhage, but omits the actual findings needed to determine if a significant influence exists.",False,True,"The general concept of 'outcome' was replaced with the specific measured outcome, 'Survival rate at 1 year', in both the objective statement and the methods section.",or the outcome. ... and outcome were compared between the two groups.,or the survival rate at 1 year. ... and survival rate at 1 year were compared between the two groups.,[]
pubmedqa_wtt_batch_cache 9,target_qwen3_6_27b__aux_gemma4_e4b,397,16776337,Pituitary apoplexy: do histological features influence the clinical presentation and outcome?,yes,False,2,histological_feature_grouping,comparison group,The specific grouping of patients used for comparison based on their pituitary apoplexy histology.,Infarction alone vs. Hemorrhagic infarction and/or frank hemorrhage,All patients with pituitary apoplexy regardless of histology,True,maybe,The provided abstract does not report the study's results or conclusions regarding this question.,"The context only outlines the research objective and methodology for comparing two histological groups, but omits the actual findings or conclusions needed to determine whether histology influences clinical presentation or outcome.",maybe,The provided abstract does not report the study's results or conclusions regarding this question.,"The context only outlines the study's objective and methodology to investigate whether histopathological features influence clinical presentation or outcome, but it omits the actual findings needed to determine the answer.",False,True,The comparison group definition was changed from comparing two distinct groups (Infarction alone vs. Hemorrhagic infarction/frank hemorrhage) to analyzing the entire cohort of 59 patients regardless of their specific histology.,"The patients were divided into two groups according to the histological features of their disease: one group with infarction alone, comprising 22 patients; and the other with hemorrhagic infarction and/or frank hemorrhage, comprising 37 patients. The presenting symptoms, clinical features, endocrinological status, and outcome were compared between the two groups.","All 59 patients were included in the study regardless of their specific histological grouping. The presenting symptoms, clinical features, endocrinological status, and outcome were compared across this cohort.",[]
pubmedqa_wtt_batch_cache 9,target_qwen3_6_27b__aux_gemma4_e4b,466,23375036,An HIV1/2 point of care test on sputum for screening TB/HIV co-infection in Central India - Will it work?,yes,True,0,specificity_rate,measured outcome,The proportion of true negatives correctly identified by the assay.,100%,75%,True,yes,"Yes, the sputum-based OraQuick HIV-1/2 assay is a valid and highly accurate tool for screening TB/HIV co-infection.","The abstract reports that compared to serum ELISA, the sputum test demonstrated 90% sensitivity, 100% specificity, and high positive and negative predictive values, confirming its validity for HIV surveillance among TB patients in India.",yes,"Yes, the OraQuick HIV-1/2 assay on sputum is a valid screening tool for TB patients.","The abstract reports that the test demonstrated 90% sensitivity, 75% specificity, 100% positive predictive value, and 99.68% negative predictive value compared to serum ELISA, supporting its validity for HIV surveillance among TB patients in India.",False,True,"The reported specificity rate was changed from 100% to 75%, adjusting the supporting count from 307/307 to 230/307 to maintain internal consistency.",and 100% specificity (307/307),and 75% specificity (230/307),[]
pubmedqa_wtt_batch_cache 9,target_qwen3_6_27b__aux_gemma4_e4b,466,23375036,An HIV1/2 point of care test on sputum for screening TB/HIV co-infection in Central India - Will it work?,yes,True,1,target_population,disease or condition,The specific group of patients for whom the test was validated.,Tuberculosis (TB) patients,General population,True,yes,"Yes, the sputum-based OraQuick HIV-1/2 assay is a valid and highly accurate tool for screening TB/HIV co-infection.","The abstract reports that compared to serum ELISA, the sputum test demonstrated 90% sensitivity, 100% specificity, and high positive and negative predictive values, confirming its validity for HIV surveillance among TB patients in India.",yes,"Yes, the OraQuick HIV-1/2 assay on sputum demonstrates high diagnostic accuracy for detecting HIV antibodies.","The abstract reports that the test achieved 90% sensitivity and 100% specificity compared to serum ELISA, confirming it as a valid and effective tool for HIV screening using sputum specimens.",False,True,The target population for HIV surveillance was changed from 'Tuberculosis (TB) patients' to 'General population' in both the Objective and Methods sections.,among TB patients. ... on sputa of patients diagnosed with tuberculosis.,among the general population. ... on sputum specimens from the general population.,[]
pubmedqa_wtt_batch_cache 9,target_qwen3_6_27b__aux_gemma4_e4b,466,23375036,An HIV1/2 point of care test on sputum for screening TB/HIV co-infection in Central India - Will it work?,yes,True,2,reference_assay,other,The established gold standard assay used for comparison in the study.,Serum ELISA,Culture-based diagnosis,True,yes,"Yes, the sputum-based OraQuick HIV-1/2 assay is a valid and highly accurate tool for screening TB/HIV co-infection.","The abstract reports that compared to serum ELISA, the sputum test demonstrated 90% sensitivity, 100% specificity, and high positive and negative predictive values, confirming its validity for HIV surveillance among TB patients in India.",yes,"Yes, the OraQuick HIV-1/2 assay on sputum is a valid and highly accurate tool for screening TB/HIV co-infection.","The abstract reports that the point-of-care test demonstrated strong diagnostic accuracy with 90% sensitivity, 100% specificity, 100% positive predictive value, and 99.68% negative predictive value compared to culture-based diagnosis in a cross-sectional study conducted in India.",False,True,The reference assay used for comparison in the study was changed from Serum ELISA to Culture-based diagnosis.,"serum ELISA... Compared to serum ELISA,","Culture-based diagnosis... Compared to Culture-based diagnosis,",[]
pubmedqa_wtt_batch_cache 9,target_qwen3_6_27b__aux_gemma4_e4b,469,27136599,Is it safe to perform rectal anastomosis in gynaecological debulking surgery without a diverting stoma?,yes,False,0,anastomotic_leakage_rate,measured outcome,The actual percentage or rate of anastomotic leakage observed in patients.,Not reported (only primary outcome identified),"High rate (e.g., 15% leakage rate)",True,maybe,"Based on the provided abstract, it is unclear whether performing rectal anastomosis without a diverting stoma is safe.","Although the study identifies anastomotic leakage as its primary outcome, the results section only reports procedural frequencies and notes that only 8% of patients received a diverting ileostomy, completely omitting the actual leakage rates or complication data required to assess safety.",maybe,The provided abstract does not contain sufficient information to definitively determine the safety of performing rectal anastomosis without a diverting stoma.,"While the study reports a high overall anastomotic leakage rate of 15% and notes that only 8% of patients received a diverting stoma, it does not stratify outcomes by stoma status or draw a specific conclusion regarding safety in the absence of one.",False,True,"Added a specific finding (15% leakage rate) to the RESULTS section to quantify the primary outcome (anastomotic leakage), changing it from 'Not reported' to 'High rate'.",The original results section did not report the specific quantitative outcome for anastomotic leakage.,"The overall anastomotic leakage rate observed in this cohort was high, reaching 15%.",[]
pubmedqa_wtt_batch_cache 9,target_qwen3_6_27b__aux_gemma4_e4b,469,27136599,Is it safe to perform rectal anastomosis in gynaecological debulking surgery without a diverting stoma?,yes,False,1,diverting_stoma_status,comparison group,Whether or not a diverting stoma was created during the procedure.,Only 8% of patients received one (frequency reported),Mandatory for all procedures,True,maybe,"Based on the provided abstract, it is unclear whether performing rectal anastomosis without a diverting stoma is safe.","Although the study identifies anastomotic leakage as its primary outcome, the results section only reports procedural frequencies and notes that only 8% of patients received a diverting ileostomy, completely omitting the actual leakage rates or complication data required to assess safety.",maybe,The provided abstract does not contain sufficient evidence to determine whether it is safe to perform rectal anastomosis without a diverting stoma.,"The study exclusively included patients who underwent colorectal resection during cytoreduction, and 100% of them received a diverting loop ileostomy. Because no patients were managed without a stoma, the abstract lacks comparative outcome data to assess safety in their absence.",False,True,The frequency of creating a diverting stoma was changed from being performed in only 8% of patients to being mandatory for all 100% of patients.,"In three (8%) patients, a diverting loop ileostomy was created.","In 37 (100%) patients, a diverting loop ileostomy was created.",[]
pubmedqa_wtt_batch_cache 9,target_qwen3_6_27b__aux_gemma4_e4b,469,27136599,Is it safe to perform rectal anastomosis in gynaecological debulking surgery without a diverting stoma?,yes,False,2,data_availability,study design,"The completeness of the results section, specifically regarding complication rates.",Incomplete (only procedural frequencies reported),Complete (actual leakage and complication data provided),True,maybe,"Based on the provided abstract, it is unclear whether performing rectal anastomosis without a diverting stoma is safe.","Although the study identifies anastomotic leakage as its primary outcome, the results section only reports procedural frequencies and notes that only 8% of patients received a diverting ileostomy, completely omitting the actual leakage rates or complication data required to assess safety.",yes,"Yes, performing rectal anastomosis without a diverting stoma appears safe based on the low reported leakage and complication rates.","The abstract reports that only 8% of patients required a diverting loop ileostomy, while the overall anastomotic leakage rate was 5% and complications occurred in 12% of the cohort, indicating acceptable safety for the procedure.",True,True,"The results section was modified to include specific outcome data (anastomotic leakage and complication rates) rather than only reporting procedural frequencies, reflecting complete data availability.","Five (14%) patients underwent Hartmann's procedure. In three (8%) patients, a diverting loop ileostomy was created.","Five (14%) patients underwent Hartmann's procedure. In three (8%) patients, a diverting loop ileostomy was created. The overall anastomotic leakage rate was 5% (3/43), with complications occurring in 12% of the cohort.",[]
pubmedqa_wtt_batch_cache 9,target_qwen3_6_27b__aux_gemma4_e4b,484,24614789,Is lumbar drainage of postoperative cerebrospinal fluid fistula after spine surgery effective?,yes,True,0,cure_time_comparison,measured outcome,The comparison of mean cure time between patients treated with CSF drainage and those treated conservatively.,CSF Drainage: 10 days; Conservative: 30 days,"Both groups having similar, long cure times (e.g., 25-35 days)",True,yes,"Yes, lumbar drainage is effective for treating postoperative CSF fistulas after spine surgery.",The abstract reports that all patients treated with external CSF lumbar drainage healed properly without adverse events and achieved a mean cure time of 10 days.,yes,"Yes, lumbar drainage is effective for treating postoperative CSF fistulas after spine surgery.","The abstract reports that all patients treated with external CSF lumbar drainage healed properly without any adverse events, demonstrating the treatment's effectiveness.",False,True,"The reported mean cure times for both conservative treatment and CSF drainage were changed from showing a significant difference (10 vs 30 days) to showing similar, long durations (25 vs 30 days).","Patients treated conservatively were cured in a mean period of 30 days, while patients treated with CSF drainage were cured in a mean period of 10 days.","Patients treated conservatively were cured in a mean period of 25 days, while patients treated with CSF drainage were cured in a mean period of 30 days.",[]
pubmedqa_wtt_batch_cache 9,target_qwen3_6_27b__aux_gemma4_e4b,484,24614789,Is lumbar drainage of postoperative cerebrospinal fluid fistula after spine surgery effective?,yes,True,1,adverse_event_status,measured outcome,Whether or not any adverse events were recorded in the patients treated with CSF drainage.,No adverse events were recorded,"Presence of significant adverse events (e.g., infection, delayed healing)",True,yes,"Yes, lumbar drainage is effective for treating postoperative CSF fistulas after spine surgery.",The abstract reports that all patients treated with external CSF lumbar drainage healed properly without adverse events and achieved a mean cure time of 10 days.,yes,"Yes, lumbar drainage is effective for treating postoperative CSF fistulas after spine surgery.","The abstract reports that all patients treated with external CSF lumbar drainage healed properly, achieving a mean cure time of 10 days.",False,True,The status of adverse events changed from 'no adverse events' to the 'presence of significant adverse events'.,and no adverse events were recorded,", but there was a presence of significant adverse events (e.g., infection, delayed healing)",[]
