run_name,sample_idx,sample_id,question,gold_label,original_answer_correct,concept_i,concept,category,description,current_value,alternative_value,mentioned_in_explanation,original_answer_label,original_answer,original_explanation,counterfactual_answer_label,counterfactual_answer,counterfactual_explanation,answer_changed,counterfactual_context_changed,change_summary,changed_span_original,changed_span_counterfactual,cf_generation_warnings
target_qwen3_5_27b__aux_gemma4_e4b,8,17113061,Do mutations causing low HDL-C promote increased carotid intima-media thickness?,no,True,0,cimt_comparison,measured outcome,The comparison of carotid intima-media thickness (cIMT) between cases and controls.,Nearly identical (0.66 +/- 0.17 cm vs 0.65 +/- 0.18 cm),"Significantly higher in cases (e.g., 0.80 cm)",True,no,"No, the study indicates that carotid intima-media thickness was nearly identical between cases with mutations and controls.","The abstract reports that despite significantly lower HDL cholesterol in cases with mutations, cIMT measurements were nearly identical between cases and controls.",yes,"Yes, the study found significantly higher carotid intima-media thickness in cases with mutations causing low HDL compared to controls.","The abstract reports that in cases comprising mutations in LCAT, ABCA1, and APOA1 with significantly lower HDL cholesterol, cIMT was significantly higher compared to controls (P<0.05).",True,True,The comparison of cIMT between cases and controls was changed from 'nearly identical' to 'significantly higher in cases'.,cIMT was nearly identical between cases (0.66+/-0.17 cm) and controls (0.65+/-0.18 cm),"cIMT was significantly higher in cases (e.g., 0.80 cm) compared to controls",[]
target_qwen3_5_27b__aux_gemma4_e4b,8,17113061,Do mutations causing low HDL-C promote increased carotid intima-media thickness?,no,True,1,hdl_difference,measured outcome,The difference in HDL cholesterol levels between cases and controls.,Significantly lower in cases (0.67 vs 1.58 mmol/l),Not significantly different between cases and controls,True,no,"No, the study indicates that carotid intima-media thickness was nearly identical between cases with mutations and controls.","The abstract reports that despite significantly lower HDL cholesterol in cases with mutations, cIMT measurements were nearly identical between cases and controls.",PARSE_ERROR,PARSE_ERROR,,True,True,The description of the difference in HDL cholesterol levels between cases and controls was changed from 'significantly lower in cases' to 'not significantly different between cases and controls'.,despite significantly lower HDL cholesterol (0.67 vs. 1.58 mmol/l),despite HDL cholesterol levels not being significantly different between cases and controls,[]
target_qwen3_5_27b__aux_gemma4_e4b,8,17113061,Do mutations causing low HDL-C promote increased carotid intima-media thickness?,no,True,2,cimt_statistical_significance,statistical significance,The statistical relationship between cIMT difference and the mutation status.,Not significantly different (implied by 'nearly identical'),Statistically significantly higher in cases (P<0.05),True,no,"No, the study indicates that carotid intima-media thickness was nearly identical between cases with mutations and controls.","The abstract reports that despite significantly lower HDL cholesterol in cases with mutations, cIMT measurements were nearly identical between cases and controls.",yes,"Yes, the study found significantly higher carotid intima-media thickness in cases with mutations causing low HDL compared to controls.","The results section states that cIMT was significantly higher in cases comprising mutations in LCAT, ABCA1, and APOA1 (0.75 cm) compared to controls (0.65 cm) despite lower HDL cholesterol levels.",True,True,"The description of cIMT comparison was changed from 'nearly identical' (implying no significant difference) to 'significantly higher in cases' (implying a statistically significant difference, P<0.05), and the case mean value was minimally adjusted to reflect this difference.",cIMT was nearly identical between cases (0.66+/-0.17 cm) and controls (0.65+/-0.18 cm),cIMT was significantly higher in cases (0.75+/-0.17 cm) compared to controls (0.65+/-0.18 cm),[]
target_qwen3_5_27b__aux_gemma4_e4b,17,17096624,Do patterns of knowledge and attitudes exist among unvaccinated seniors?,yes,True,0,existence_of_patterns,measured outcome,Whether distinct patterns or clusters of knowledge and attitudes were identified in the study population.,Patterns exist (4 clusters identified),No distinct patterns exist (uniform distribution),True,yes,"Yes, patterns of knowledge and attitudes exist among unvaccinated seniors.",The abstract states that the study examined these patterns and identified 4 distinct clusters among unvaccinated seniors based on their immunization-related knowledge and attitudes.,no,"No, the analysis suggested no distinct patterns were present.","The abstract results state that analysis revealed a uniform distribution of knowledge and attitudes among unvaccinated seniors, suggesting no distinct patterns were present.",True,True,"The results section was changed from reporting the identification of 4 distinct clusters (Potentials, Fearful Uninformeds, Doubters, Misinformeds) to stating that no distinct patterns were found, instead reporting a uniform distribution.",[RESULTS] Identified 4 clusters: Potentials (45%) would receive influenza vaccine to prevent disease; Fearful Uninformeds (9%) were unsure if influenza vaccine causes illness; Doubters (27%) were unsure if vaccine is efficacious; Misinformeds (19%) believed influenza vaccine causes illness. More Potentials (75%) and Misinformeds (70%) ever received influenza vaccine than did Fearful Uninformeds (18%) and Doubters (29%).,"[RESULTS] Analysis revealed a uniform distribution of knowledge and attitudes among unvaccinated seniors, suggesting no distinct patterns were present. Overall, the majority of seniors (75%) and a similar proportion (70%) had varying levels of prior vaccine exposure.",[]
target_qwen3_5_27b__aux_gemma4_e4b,17,17096624,Do patterns of knowledge and attitudes exist among unvaccinated seniors?,yes,True,1,study_population_status,comparison group,The vaccination status of the seniors surveyed.,Unvaccinated seniors,Vaccinated seniors,True,yes,"Yes, patterns of knowledge and attitudes exist among unvaccinated seniors.",The abstract states that the study examined these patterns and identified 4 distinct clusters among unvaccinated seniors based on their immunization-related knowledge and attitudes.,PARSE_ERROR,PARSE_ERROR,,True,True,The study population status was changed from 'unvaccinated seniors' to 'vaccinated seniors' in the objective and methods sections.,unvaccinated for influenza... unvaccinated seniors,vaccinated for influenza... vaccinated seniors,[]
target_qwen3_5_27b__aux_gemma4_e4b,17,17096624,Do patterns of knowledge and attitudes exist among unvaccinated seniors?,yes,True,2,measured_domain,measured outcome,The specific aspects of health behavior measured (knowledge and attitudes vs. practice).,Knowledge and attitudes,Practice (behavior),True,yes,"Yes, patterns of knowledge and attitudes exist among unvaccinated seniors.",The abstract states that the study examined these patterns and identified 4 distinct clusters among unvaccinated seniors based on their immunization-related knowledge and attitudes.,PARSE_ERROR,PARSE_ERROR,,True,True,"The measured domain was changed from 'Knowledge and attitudes' to 'Practice (behavior)' in the Objective, Methods, and MeSH terms.",knowledge and attitudes,practice,[]
target_qwen3_5_27b__aux_gemma4_e4b,29,28707539,Visceral adipose tissue area measurement at a single level: can it represent visceral adipose tissue volume?,yes,False,0,correlation_strength,statistical significance,The strength of the correlation (r value) between VAT area and VAT volume changes.,0.853,0.2,False,PARSE_ERROR,PARSE_ERROR,,PARSE_ERROR,PARSE_ERROR,,False,True,The correlation strength (r value) between VAT area and VAT volume was changed from 0.853 to 0.2.,0.853,0.2,[]
target_qwen3_5_27b__aux_gemma4_e4b,29,28707539,Visceral adipose tissue area measurement at a single level: can it represent visceral adipose tissue volume?,yes,False,1,ct_slice_location,other,The specific anatomical location of the CT slice used for measurement.,3 cm above the lower margin of L3,5 cm above the lower margin of L3,False,PARSE_ERROR,PARSE_ERROR,,yes,"Yes, the study identified a specific CT slice where VAT area strongly correlates with VAT volume.",The abstract states that the strongest correlations of VAT area with VAT volume were shown in a slice 5 cm above the lower margin of L3 with an r value of 0.853.,True,True,The specific anatomical location of the optimal CT slice for VAT measurement was changed from 3 cm to 5 cm above the lower margin of L3.,3 cm above the lower margin of L3,5 cm above the lower margin of L3,[]
target_qwen3_5_27b__aux_gemma4_e4b,29,28707539,Visceral adipose tissue area measurement at a single level: can it represent visceral adipose tissue volume?,yes,False,2,follow_up_interval,follow-up duration,The time period between the two workplace screenings.,1-year interval,6-month interval,False,PARSE_ERROR,PARSE_ERROR,,PARSE_ERROR,PARSE_ERROR,,False,True,The follow-up duration for the workplace screenings was changed from 1 year to 6 months.,1-year interval,6-month interval,[]
target_qwen3_5_27b__aux_gemma4_e4b,32,9645785,Is a mandatory general surgery rotation necessary in the surgical clerkship?,no,False,0,score_differences_between_groups,measured outcome,The finding that there were no differences in scores between the group with and without general surgery.,no differences in scores on any parameter,significant differences were found in scores on specific parameters,False,PARSE_ERROR,PARSE_ERROR,,PARSE_ERROR,PARSE_ERROR,,False,True,The finding regarding score differences between the two groups (with vs. without general surgery) was changed from 'no differences' to 'significant differences'.,no differences in scores between groups on any parameter,significant differences were found in scores on specific parameters,[]
target_qwen3_5_27b__aux_gemma4_e4b,32,9645785,Is a mandatory general surgery rotation necessary in the surgical clerkship?,no,False,1,identification_of_concerns,measured outcome,Whether specific concerns were identified regarding the absence of general surgery.,No specific concerns related to the absence of general surgery were identified,Specific concerns related to the absence of general surgery were identified,False,PARSE_ERROR,PARSE_ERROR,,PARSE_ERROR,PARSE_ERROR,,False,True,The finding regarding the identification of concerns related to the absence of general surgery was changed from 'No specific concerns... were identified' to 'Specific concerns... were identified'.,No specific concerns related to the absence of general surgery were identified.,Specific concerns related to the absence of general surgery were identified.,[]
target_qwen3_5_27b__aux_gemma4_e4b,32,9645785,Is a mandatory general surgery rotation necessary in the surgical clerkship?,no,False,2,assessment_parameters,other,The range of assessment methods used to measure mastery of objectives.,"written examination, objective structured clinical examination (OSCE), ward evaluations, self-assessment objectives questionnaire, and satisfaction survey",only written examination and OSCE were used,False,PARSE_ERROR,PARSE_ERROR,,no,"No, the study found that equal mastery of surgical clerkship objectives can be obtained without a mandatory general surgery rotation.",The results showed no differences in scores between groups on any parameter and no specific concerns were identified related to the absence of general surgery.,True,True,The assessment methods used in the study were narrowed from a comprehensive list to only written examination and OSCE.,"written examination, objective structured clinical examination (OSCE), ward evaluations, self-assessment objectives questionnaire, and satisfaction survey",only written examination and OSCE,[]
target_qwen3_5_27b__aux_gemma4_e4b,46,19504993,It's Fournier's gangrene still dangerous?,yes,True,0,mortality_count,numerical size,The number of patients who died in the study group.,5 out of 14,1 out of 14,True,yes,"Yes, Fournier's gangrene is still dangerous as the mortality rate remains high.","The abstract background states that despite antibiotics and aggressive debridement, the mortality rate remains high, and the results show that 5 out of 14 patients died.",yes,"Yes, the abstract states that the mortality rate remains high.","The background section explicitly mentions that despite antibiotics and aggressive debridement, the mortality rate remains high.",False,True,"The number of patients who died was changed from 5 to 1, and the number of survivors was adjusted from 9 to 13 to maintain the total study population of 14.","Of the 14 patients, 5 died and 9 survived.","Of the 14 patients, 1 died and 13 survived.",[]
target_qwen3_5_27b__aux_gemma4_e4b,46,19504993,It's Fournier's gangrene still dangerous?,yes,True,1,background_mortality_assessment,measured outcome,The qualitative assessment of the mortality rate for Fournier's gangrene.,mortality rate remains high,mortality rate is manageable,True,yes,"Yes, Fournier's gangrene is still dangerous as the mortality rate remains high.","The abstract background states that despite antibiotics and aggressive debridement, the mortality rate remains high, and the results show that 5 out of 14 patients died.",PARSE_ERROR,PARSE_ERROR,,True,True,The background assessment of the mortality rate for Fournier's gangrene was changed from 'remains high' to 'is manageable'.,the mortality rate remains high.,the mortality rate is manageable.,[]
target_qwen3_5_27b__aux_gemma4_e4b,46,19504993,It's Fournier's gangrene still dangerous?,yes,True,2,leukocyte_count_difference,statistical significance,Whether there is a significant difference in leukocyte count between survivors and deceased patients.,significant difference,no significant difference,False,yes,"Yes, Fournier's gangrene is still dangerous as the mortality rate remains high.","The abstract background states that despite antibiotics and aggressive debridement, the mortality rate remains high, and the results show that 5 out of 14 patients died.",PARSE_ERROR,PARSE_ERROR,,True,True,The finding regarding the statistical difference in leukocyte count between survivors and deceased patients was changed from 'significant difference' to 'no significant difference'.,significant difference,no significant difference,[]
target_qwen3_5_27b__aux_gemma4_e4b,54,25277731,Sternal fracture in growing children : A rare and often overlooked fracture?,maybe,True,0,rarity_of_fracture,other,The general incidence or frequency of sternal fractures in childhood.,Rare,Common,False,PARSE_ERROR,PARSE_ERROR,,PARSE_ERROR,PARSE_ERROR,,False,True,Changed the general incidence of sternal fractures in childhood from 'Rare' to 'Common'.,Sternal fractures in childhood are rare,Sternal fractures in childhood are common,[]
target_qwen3_5_27b__aux_gemma4_e4b,54,25277731,Sternal fracture in growing children : A rare and often overlooked fracture?,maybe,True,1,age_group,comparison group,The age range of the children studied.,5-14 years,"Adults (e.g., 18-30 years)",False,PARSE_ERROR,PARSE_ERROR,,PARSE_ERROR,PARSE_ERROR,,False,True,"The study population was changed from children (5-14 years) to adults (18-30 years). Corresponding changes were made in the background description, the age specification in the results, and the follow-up patient count in the results to maintain consistency.",childhood...5-14 years,adults...18-30 years,[]
target_qwen3_5_27b__aux_gemma4_e4b,54,25277731,Sternal fracture in growing children : A rare and often overlooked fracture?,maybe,True,2,study_population_scope,study design,The type of patients included in the study (inpatients and outpatients).,All inpatients and outpatients,Only inpatients,False,PARSE_ERROR,PARSE_ERROR,,PARSE_ERROR,PARSE_ERROR,,False,True,"The study population scope was narrowed from 'all inpatients and outpatients' to 'only inpatients' in the [METHOD] section. Consequently, the [RESULTS] section was minimally edited to reflect that all 4 recorded children were hospitalized, maintaining internal consistency with the restricted study scope.",all inpatients and outpatients,only inpatients,[]
target_qwen3_5_27b__aux_gemma4_e4b,59,27491658,Can predilatation in transcatheter aortic valve implantation be omitted?,yes,False,0,no_significant_differences,statistical significance,The finding that there were no significant differences in outcomes (hemodynamic results or complication rates) between the group with predilatation and the group without it.,No significant differences,"Significant differences were found (e.g., higher complication rates in the omission group)",False,PARSE_ERROR,PARSE_ERROR,,PARSE_ERROR,PARSE_ERROR,,False,True,"The finding of no significant differences in outcomes was changed to a finding of significant differences, specifically noting higher complication rates in the group where predilatation was omitted.",There were no significant differences between the groups regarding early hemodynamic results or complication rates.,"Significant differences were found between the groups regarding early hemodynamic results and complication rates, with the omission group showing higher complication rates.",[]
target_qwen3_5_27b__aux_gemma4_e4b,59,27491658,Can predilatation in transcatheter aortic valve implantation be omitted?,yes,False,1,early_hemodynamic_results,measured outcome,The measured outcome related to blood flow and heart function shortly after the procedure.,No significant differences,"Significant difference (e.g., lower cardiac output in the omission group)",False,PARSE_ERROR,PARSE_ERROR,,PARSE_ERROR,PARSE_ERROR,,False,True,The measured outcome for early hemodynamic results was changed from 'no significant differences' to 'significant difference (lower cardiac output in the omission group)'.,There were no significant differences between the groups regarding early hemodynamic results or complication rates.,"There was a significant difference between the groups regarding early hemodynamic results, with the omission group showing lower cardiac output compared to the standard procedure group, or complication rates.",[]
target_qwen3_5_27b__aux_gemma4_e4b,59,27491658,Can predilatation in transcatheter aortic valve implantation be omitted?,yes,False,2,aortic_stenosis_severity,disease or condition,The severity of the aortic stenosis in the patients undergoing TAVI.,Implied severe (requiring TAVI),Mild aortic stenosis,False,PARSE_ERROR,PARSE_ERROR,,PARSE_ERROR,PARSE_ERROR,,False,True,"The background section was minimally edited to specify that the study population has mild aortic stenosis, changing the implied severity from severe to mild.",The aim of the study was to see whether or not balloon predilatation is necessary in transcatheter aortic valve replacement (TAVI).,The aim of the study was to see whether or not balloon predilatation is necessary in transcatheter aortic valve replacement (TAVI) in patients with mild aortic stenosis.,[]
target_qwen3_5_27b__aux_gemma4_e4b,71,18049437,Is there any relationship between streptococcal infection and multiple sclerosis?,yes,True,0,adnase_b_levels,measured outcome,The measured level of antideoxyribonuclease B in MS patients compared to controls.,Significantly higher in MS patients than controls,Similar to controls,True,yes,"Yes, the study found significantly higher antideoxyribonuclease B levels in patients with multiple sclerosis compared to controls.","The abstract reports that ADNase B levels were significantly higher in MS patients than in healthy blood donors (p<0.001), indicating an association between streptococcal infection markers and the disease.",PARSE_ERROR,PARSE_ERROR,,True,True,The reported finding for ADNase B levels in MS patients was changed from being significantly higher than controls to being similar to controls.,ADNase B levels in the patients with MS were found to be significantly higher than in the controls (p<0.001),ADNase B levels in the patients with MS were found to be similar to the controls (p>0.05),[]
target_qwen3_5_27b__aux_gemma4_e4b,71,18049437,Is there any relationship between streptococcal infection and multiple sclerosis?,yes,True,1,statistical_significance,statistical significance,The statistical evidence supporting the difference in ADNase B levels between the two groups.,p < 0.001,p > 0.05,True,yes,"Yes, the study found significantly higher antideoxyribonuclease B levels in patients with multiple sclerosis compared to controls.","The abstract reports that ADNase B levels were significantly higher in MS patients than in healthy blood donors (p<0.001), indicating an association between streptococcal infection markers and the disease.",PARSE_ERROR,PARSE_ERROR,,True,True,The statistical significance of the difference in ADNase B levels between MS patients and controls was changed from highly significant (p < 0.001) to non-significant (p > 0.05). The descriptive text was minimally adjusted to reflect the loss of statistical significance.,significantly higher than in the controls (p<0.001),higher than in the controls (p>0.05),[]
target_qwen3_5_27b__aux_gemma4_e4b,71,18049437,Is there any relationship between streptococcal infection and multiple sclerosis?,yes,True,2,disease_condition,disease or condition,The specific disease being studied in the patient group.,Multiple sclerosis (MS),Healthy individuals,True,yes,"Yes, the study found significantly higher antideoxyribonuclease B levels in patients with multiple sclerosis compared to controls.","The abstract reports that ADNase B levels were significantly higher in MS patients than in healthy blood donors (p<0.001), indicating an association between streptococcal infection markers and the disease.",PARSE_ERROR,PARSE_ERROR,,True,True,The primary disease condition (Multiple sclerosis) was replaced with Healthy individuals throughout the abstract context.,"Multiple sclerosis (MS), MS, patients with relapsing-remitting MS, patients with MS, Multiple Sclerosis","Healthy individuals, Healthy individuals, 21 healthy individuals, healthy individuals, Healthy individuals",[]
target_qwen3_5_27b__aux_gemma4_e4b,86,11570976,Is it Crohn's disease?,maybe,True,0,underlying_autoimmune_condition,disease or condition,The primary autoimmune or inflammatory condition the patient was diagnosed with before the drug reaction.,rheumatoid arthritis,crohn's disease,False,PARSE_ERROR,PARSE_ERROR,,yes,"Yes, the patient described in the case presentation has Crohn's disease.",The Case Presentation section explicitly states that the severe systemic reaction developed in a '21-year old female with crohn's disease'.,True,True,The underlying autoimmune condition was changed from rheumatoid arthritis to crohn's disease.,rheumatoid arthritis,crohn's disease,[]
target_qwen3_5_27b__aux_gemma4_e4b,86,11570976,Is it Crohn's disease?,maybe,True,1,etiology_of_enteritis,other,"The cause of the observed enteritis/inflammation (i.e., drug-induced vs. primary disease).",severe systemic reaction to sulfasalazine,primary inflammatory bowel disease,False,PARSE_ERROR,PARSE_ERROR,,PARSE_ERROR,PARSE_ERROR,,False,True,The etiology of the enteritis was changed from a drug reaction (severe systemic reaction to sulfasalazine) to a primary disease (primary inflammatory bowel disease).,"A severe systemic reaction to sulfasalazine developed in a 21-year old female with rheumatoid arthritis characterized by eosinophilia, granulomatous enteritis and myelotoxicity, cholestatic hepatitis, and seizures. The clinical course and management of this patient are presented as well as a review of the incidence and outcome of severe systemic reactions to sulfasalazine.","Primary inflammatory bowel disease was diagnosed in a 21-year old female with rheumatoid arthritis characterized by eosinophilia, granulomatous enteritis and myelotoxicity, cholestatic hepatitis, and seizures. The clinical course and management of this patient are presented as well as a review of the incidence and outcome of primary inflammatory bowel disease.",[]
target_qwen3_5_27b__aux_gemma4_e4b,86,11570976,Is it Crohn's disease?,maybe,True,2,specific_gastrointestinal_finding,measured outcome,The specific type of inflammation observed in the enteritis.,granulomatous enteritis,non-granulomatous enteritis,False,PARSE_ERROR,PARSE_ERROR,,PARSE_ERROR,PARSE_ERROR,,False,True,The specific type of enteritis observed in the patient's systemic reaction was changed from granulomatous enteritis to non-granulomatous enteritis.,granulomatous enteritis,non-granulomatous enteritis,[]
target_qwen3_5_27b__aux_gemma4_e4b,95,23076787,Can increases in the cigarette tax rate be linked to cigarette retail prices?,no,False,0,excise_tax_increase_year,other,The specific year of the excise tax increase discussed in the context.,2009,2015,False,PARSE_ERROR,PARSE_ERROR,,PARSE_ERROR,PARSE_ERROR,,False,True,The year of the excise tax increase was changed from 2009 to 2015.,2009,2015,[]
target_qwen3_5_27b__aux_gemma4_e4b,95,23076787,Can increases in the cigarette tax rate be linked to cigarette retail prices?,no,False,1,stma_policy_authority,other,The ability of the Chinese STMA to intervene and control retail cigarette prices.,Used to ensure retail prices did not change.,"Not used, or limited.",False,PARSE_ERROR,PARSE_ERROR,,PARSE_ERROR,PARSE_ERROR,,False,True,"The explanation for why the STMA's intervention was effective (used its policy authority to ensure prices did not change) was changed to reflect that the authority was limited, making the mechanism less decisive in maintaining price stability.",used its policy authority to ensure that retail cigarette prices did not change.,policy authority was limited.,[]
target_qwen3_5_27b__aux_gemma4_e4b,95,23076787,Can increases in the cigarette tax rate be linked to cigarette retail prices?,no,False,2,retail_price_change,measured outcome,Whether the retail price of cigarettes increased following the tax hike.,No increase.,Increased.,False,PARSE_ERROR,PARSE_ERROR,,yes,"Yes, the abstract indicates that tax increases translate into higher retail prices.",The results state that the 2009 excise tax increase on cigarettes in China has translated into higher retail prices for consumers.,True,True,"The abstract was changed to state that the 2009 excise tax increase *did* result in higher retail prices, contradicting the original finding that the STMA successfully prevented any price change.",The 2009 excise tax increase on cigarettes in China has not translated into higher retail prices because the Chinese STMA used its policy authority to ensure that retail cigarette prices did not change. [...] with no increase in the retail price of cigarettes for consumers.,"The 2009 excise tax increase on cigarettes in China has translated into higher retail prices, suggesting that the Chinese STMA's policy authority was insufficient to prevent price hikes. [...] with an increase in the retail price of cigarettes for consumers.",[]
target_qwen3_5_27b__aux_gemma4_e4b,118,19106867,"The Main Gate Syndrome: a new format in mass-casualty victim ""surge"" management?",yes,False,0,incident_type,disease or condition,The nature of the mass casualty event.,Suicide bombings/wave of suicide bombings,"Single trauma event (e.g., car accident)",False,PARSE_ERROR,PARSE_ERROR,,PARSE_ERROR,PARSE_ERROR,,False,True,"The incident type was changed from 'Suicide bombings/wave of suicide bombings' to 'Single trauma event (e.g., car accident)' throughout the abstract (Introduction, Methods, and MeSH terms) to reflect a non-mass-casualty, non-blast trauma scenario.","Recent suicide bombings pose the novel problem for Trauma Centers of the massive simultaneous arrival of many gravely wounded patients. ... in Afghanistan during the wave of suicide bombings in February 2007. ... Blast Injuries, Bombs, Mass Casualty Incidents, Penetrating","A single trauma event (e.g., car accident) can pose a novel problem for Trauma Centers regarding the rapid arrival of gravely wounded patients. ... in Afghanistan following a single trauma event (e.g., car accident) in February 2007. ... Trauma, Mass Casualty Incidents, Penetrating",[]
target_qwen3_5_27b__aux_gemma4_e4b,118,19106867,"The Main Gate Syndrome: a new format in mass-casualty victim ""surge"" management?",yes,False,1,number_of_casualties,numerical size,The total number of casualties received.,Fourteen,Four,False,PARSE_ERROR,PARSE_ERROR,,PARSE_ERROR,PARSE_ERROR,,False,True,The total number of casualties received was changed from Fourteen to Four.,Fourteen,Four,[]
target_qwen3_5_27b__aux_gemma4_e4b,118,19106867,"The Main Gate Syndrome: a new format in mass-casualty victim ""surge"" management?",yes,False,2,high_trauma_severity_index,measured outcome,The minimum ISS score used for re-categorization.,>25,>15,False,PARSE_ERROR,PARSE_ERROR,,PARSE_ERROR,PARSE_ERROR,,False,True,The minimum ISS score used for re-categorization was changed from >25 to >15.,(ISS>25),(ISS>15),[]
target_qwen3_5_27b__aux_gemma4_e4b,124,18540901,Transient tachypnea of the newborn (TTN): a role for polymorphisms in the beta-adrenergic receptor (ADRB) encoding genes?,yes,True,0,beta1ser49gly_polymorphism_association,statistical significance,The statistical association between the beta1Ser49Gly polymorphism and increased risk of TTN.,Significant association (p = 0.023; OR 18.5),"No significant association (e.g., p > 0.05)",True,yes,"Yes, the study indicates a role for polymorphisms in beta-adrenergic receptor genes in TTN.",The abstract reports significant associations between the beta1Ser49Gly polymorphism and an ADRB2 gene haplotype with TTN risk compared to controls.,yes,"Yes, the abstract indicates a significant association between ADRB2 gene haplotypes and TTN.","The text reports a significant association of the TACC haplotype in the ADRB2 gene with TTN (p = 0.048), supporting a role for polymorphisms in beta-adrenergic receptor encoding genes.",False,True,"The statistical association between the beta1Ser49Gly polymorphism and TTN risk was changed from a significant association (OR 18.5, p = 0.023) to no significant association (OR 1.0, p = 0.15).",Multivariate analysis provided beta1Gly49 homozygotes with higher risk for TTN (OR 18.5; 95%CI 1.5-229; p = 0.023) than beta1Ser49 allele carrier.,Multivariate analysis did not find a significant association for beta1Gly49 homozygotes with TTN (OR 1.0; 95%CI 0.8-1.2; p = 0.15) compared to beta1Ser49 allele carrier.,[]
target_qwen3_5_27b__aux_gemma4_e4b,124,18540901,Transient tachypnea of the newborn (TTN): a role for polymorphisms in the beta-adrenergic receptor (ADRB) encoding genes?,yes,True,1,adrb2_haplotype_association,statistical significance,"The statistical association between the T-47C, A46G, C79G and C491T (TACC) haplotype and TTN risk.",Significant association (p = 0.048),"No significant association (e.g., p > 0.05)",True,yes,"Yes, the study indicates a role for polymorphisms in beta-adrenergic receptor genes in TTN.",The abstract reports significant associations between the beta1Ser49Gly polymorphism and an ADRB2 gene haplotype with TTN risk compared to controls.,PARSE_ERROR,PARSE_ERROR,,True,True,The statistical association of the TACC haplotype in ADRB2 gene with TTN risk was changed from significant (p = 0.048) to non-significant (p > 0.05).,"Further analysis showed significant association of T-47C, A46G, C79G and C491T (TACC) haplotype in ADRB2 gene with TTN (p = 0.048).","Further analysis showed no significant association of T-47C, A46G, C79G and C491T (TACC) haplotype in ADRB2 gene with TTN (p > 0.05).",[]
target_qwen3_5_27b__aux_gemma4_e4b,124,18540901,Transient tachypnea of the newborn (TTN): a role for polymorphisms in the beta-adrenergic receptor (ADRB) encoding genes?,yes,True,2,ttn_risk_outcome,measured outcome,The measured outcome of increased risk for TTN associated with the polymorphisms/haplotypes.,Higher risk for TTN (OR 18.5),Lower or no change in risk for TTN,True,yes,"Yes, the study indicates a role for polymorphisms in beta-adrenergic receptor genes in TTN.",The abstract reports significant associations between the beta1Ser49Gly polymorphism and an ADRB2 gene haplotype with TTN risk compared to controls.,yes,"Yes, the study found significant associations between polymorphisms in ADRB1 and ADRB2 genes and TTN.","The results state that the beta1Ser49Gly polymorphism differed significantly between cases and controls, and a haplotype in the ADRB2 gene showed a significant association with TTN.",False,True,The measured outcome of increased risk for TTN associated with the beta1Gly49 homozygotes was changed from 'higher risk for TTN (OR 18.5)' to 'lower risk for TTN (OR 0.6)' to reflect a protective or neutral association.,higher risk for TTN (OR 18.5; 95%CI 1.5-229; p = 0.023),lower risk for TTN (OR 0.6; 95%CI 0.3-1.2; p = 0.023),[]
target_qwen3_5_27b__aux_gemma4_e4b,135,12836106,Does the leukocyte count correlate with the severity of injury?,yes,True,0,wbc_iss_correlation,measured outcome,The statistical relationship found between the white blood cell count (WBC) and the Injury Severity Score (ISS).,Positive correlation,No correlation,True,yes,"Yes, the leukocyte count correlates with the severity of injury.","The abstract states that statistical analysis revealed WBC was correlated positively with ISS, which is described in the background as a method to evaluate the severity of injury.",PARSE_ERROR,PARSE_ERROR,,True,True,The correlation between WBC and ISS was changed from 'positive correlation' to 'no correlation'.,correlated positively with ISS,showed no correlation with ISS,[]
target_qwen3_5_27b__aux_gemma4_e4b,135,12836106,Does the leukocyte count correlate with the severity of injury?,yes,True,1,trauma_type,other,The type of trauma studied in the patient cohort.,Blunt trauma,Penetrating trauma,False,yes,"Yes, the leukocyte count correlates with the severity of injury.","The abstract states that statistical analysis revealed WBC was correlated positively with ISS, which is described in the background as a method to evaluate the severity of injury.",yes,"Yes, the leukocyte count correlates with the severity of injury.","The abstract states that statistical analysis revealed WBC was correlated positively with ISS, which is described in the background as a method to evaluate the severity of injury.",False,True,"The type of trauma studied was changed from 'Blunt trauma' to 'Penetrating trauma' throughout the abstract context, including the background, methods, and MeSH terms.","blunt trauma, blunt trauma, blunt trauma, Nonpenetrating","penetrating trauma, penetrating trauma, penetrating trauma, Penetrating",[]
target_qwen3_5_27b__aux_gemma4_e4b,135,12836106,Does the leukocyte count correlate with the severity of injury?,yes,True,2,wbc_gcs_rts_correlation,measured outcome,The statistical relationship found between the white blood cell count (WBC) and the Glasgow Coma Scale (GCS) and Revised Trauma Score (RTS).,Negative correlation,Positive correlation,False,yes,"Yes, the leukocyte count correlates with the severity of injury.","The abstract states that statistical analysis revealed WBC was correlated positively with ISS, which is described in the background as a method to evaluate the severity of injury.",yes,"Yes, the leukocyte count correlates with the severity of injury.","The abstract states that statistical analysis revealed that WBC was correlated positively with ISS, which is described in the background as a method to evaluate the severity of injury.",False,True,The correlation between WBC and GCS/RTS was changed from negative to positive.,but negatively with GCS and RTS.,but positively with GCS and RTS.,[]
target_qwen3_5_27b__aux_gemma4_e4b,141,22497340,Is horizontal semicircular canal ocular reflex influenced by otolith organs input?,yes,False,0,horizontal_semicircular_canal_reflex,other,The specific ocular reflex related to the horizontal semicircular canal.,horizontal semicircular canal,vertical semicircular canal,False,PARSE_ERROR,PARSE_ERROR,,maybe,The provided abstract does not contain information regarding the horizontal semicircular canal ocular reflex.,"The study objective specifically investigates the vertical canal ocular reflex, and the results do not mention the horizontal semicircular canal.",False,True,The specific ocular reflex tested was changed from the horizontal semicircular canal reflex to the vertical semicircular canal reflex.,horizontal canal ocular reflex,vertical canal ocular reflex,[]
target_qwen3_5_27b__aux_gemma4_e4b,141,22497340,Is horizontal semicircular canal ocular reflex influenced by otolith organs input?,yes,False,1,otolith_organs_input,other,The input signal originating from the otolith organs.,otolith organs input,semicircular canals input,False,PARSE_ERROR,PARSE_ERROR,,PARSE_ERROR,PARSE_ERROR,,False,True,The input source influencing the horizontal canal ocular reflex was changed from otolith organs input to semicircular canals input.,otolith organs input,semicircular canals input,[]
target_qwen3_5_27b__aux_gemma4_e4b,141,22497340,Is horizontal semicircular canal ocular reflex influenced by otolith organs input?,yes,False,2,asymmetry_due_to_gravity_shift,measured outcome,The observation that eye movements or nystagmus were not symmetric when changing head positions.,not in a symmetric fashion,symmetric,False,PARSE_ERROR,PARSE_ERROR,,no,"No, the horizontal canal ocular reflex is not influenced by otolith organs input.",The abstract results indicate that the axis of eyeball rotation was not affected by the shift of the direction of gravity exerted on the head.,True,True,"The observation of asymmetry due to gravity shift was changed to symmetric findings, requiring a minimal edit to the concluding sentence to reflect that the axis of rotation was not affected by gravity shift.",Eye movements in the supine position and the prone position were not in a symmetric fashion. Nystagmus in the left-ear-down position and the right-ear-down position were not symmetric either. These phenomena indicate that the axis of the eyeball rotation was affected by the shift of the direction of gravity exerted on the head.,Eye movements in the supine position and the prone position were symmetric. Nystagmus in the left-ear-down position and the right-ear-down position were symmetric either. These phenomena indicate that the axis of the eyeball rotation was not affected by the shift of the direction of gravity exerted on the head.,[]
target_qwen3_5_27b__aux_gemma4_e4b,143,8566975,Serovar specific immunity to Neisseria gonorrhoeae: does it exist?,no,True,0,statistical_significance,statistical significance,Whether the observed difference in serovar prevalence between repeat and non-repeat infections is statistically significant.,No significant difference,Significant difference,True,no,"No, the study found no significant difference in serovar prevalence following repeat infections.",The abstract results state that no significant difference was seen in the prevalence of serovars isolated following a repeat infection compared with those without repeat infections.,PARSE_ERROR,PARSE_ERROR,,True,True,The finding regarding the statistical significance of serovar prevalence between repeat and non-repeat infections was changed from 'No significant difference' to 'A significant difference'.,No significant difference,A significant difference,[]
target_qwen3_5_27b__aux_gemma4_e4b,143,8566975,Serovar specific immunity to Neisseria gonorrhoeae: does it exist?,no,True,1,recurrence_status,comparison group,"The status of the infection being analyzed (i.e., whether it is a repeat/recurrent infection or a primary infection).",Repeat infection (compared with non-repeat infections),Primary infection only,True,no,"No, the study found no significant difference in serovar prevalence following repeat infections.",The abstract results state that no significant difference was seen in the prevalence of serovars isolated following a repeat infection compared with those without repeat infections.,maybe,The provided abstract does not contain information to confirm or deny the existence of serovar specific immunity.,The study focuses on serovar distribution in primary infections and does not address immune responses or reinfection patterns.,True,True,The study focus was shifted from analyzing the comparison between repeat and non-repeat infections (recurrence status) to analyzing only primary infections.,To determine whether the host immune response to gonorrhoea provides limited serovar specific protection from reinfection. ... Patients with recurrent gonococcal infection were analysed with respect to the initial and subsequent serovars isolated. ... No significant difference was seen in the prevalence of serovars isolated following a repeat infection compared with those without repeat infections.,To determine the serovar specific distribution of gonorrhoea in primary infections. ... Patients with primary gonococcal infection were analysed with respect to the initial serovars isolated. ... The prevalence of serovars isolated in primary infections was consistent across different demographic groups.,[]
target_qwen3_5_27b__aux_gemma4_e4b,143,8566975,Serovar specific immunity to Neisseria gonorrhoeae: does it exist?,no,True,2,study_duration,follow-up duration,The total time period over which the gonorrhoea episodes were collected and analyzed.,4 year period,1 year period,False,no,"No, the study found no significant difference in serovar prevalence following repeat infections.",The abstract results state that no significant difference was seen in the prevalence of serovars isolated following a repeat infection compared with those without repeat infections.,no,"No, the study found no significant difference in serovar prevalence following repeat infections.",The abstract results state that no significant difference was seen in the prevalence of serovars isolated following a repeat infection compared with those without repeat infections.,False,True,The study duration was changed from 4 years to 1 year.,4 year period,1 year period,[]
target_qwen3_5_27b__aux_gemma4_e4b,157,18243752,Should chest wall irradiation be included after mastectomy and negative node breast cancer?,maybe,True,0,irradiation_target_area,comparison group,The specific anatomical area receiving external irradiation.,internal mammary chain only,including the chest wall,False,PARSE_ERROR,PARSE_ERROR,,PARSE_ERROR,PARSE_ERROR,,False,True,The primary target area for post-mastectomy radiotherapy was changed from 'internal mammary chain only' to 'including the chest wall' in both the Purpose and Patients and Methods sections.,internal mammary chain only... internal mammary chain,including the chest wall... chest wall,[]
target_qwen3_5_27b__aux_gemma4_e4b,157,18243752,Should chest wall irradiation be included after mastectomy and negative node breast cancer?,maybe,True,1,recurrence_site,measured outcome,The anatomical location where local recurrence was observed.,operative scare and chest wall,only operative scare,False,PARSE_ERROR,PARSE_ERROR,,PARSE_ERROR,PARSE_ERROR,,False,True,The recurrence site was changed from 'operative scare and chest wall' to 'only operative scare'.,operative scare and chest wall,only operative scare,[]
target_qwen3_5_27b__aux_gemma4_e4b,157,18243752,Should chest wall irradiation be included after mastectomy and negative node breast cancer?,maybe,True,2,statistical_significance_of_risk_factors,statistical significance,Whether the identified risk factors (age and tumor size) were statistically significant.,without statistical significance,with statistical significance,False,PARSE_ERROR,PARSE_ERROR,,PARSE_ERROR,PARSE_ERROR,,False,True,The statistical significance of the identified risk factors (age and tumor size) was changed from 'without statistical significance' to 'with statistical significance'.,without statistical significance,with statistical significance,[]
target_qwen3_5_27b__aux_gemma4_e4b,186,22211919,"Actinobaculum schaalii, a cause of urinary tract infections in children?",maybe,False,0,urinary_tract_infection_status,disease or condition,Whether the children had a urinary tract infection at the time of sampling.,Present,Absent,True,yes,"Yes, the abstract indicates Actinobaculum schaalii was found in children with urinary tract infections.",The results state that A. schaalii was found in quantities equivalent to ≥ 10^6 CFU/mL by both culture and PCR in two children with a urinary tract infection.,PARSE_ERROR,PARSE_ERROR,,True,True,The status of urinary tract infection for the two children was changed from 'Present' to 'Absent'.,with a urinary tract infection,with no urinary tract infection,[]
target_qwen3_5_27b__aux_gemma4_e4b,186,22211919,"Actinobaculum schaalii, a cause of urinary tract infections in children?",maybe,False,1,patient_age_group,comparison group,The age group of the patients studied.,Children,Adults,True,yes,"Yes, the abstract indicates Actinobaculum schaalii was found in children with urinary tract infections.",The results state that A. schaalii was found in quantities equivalent to ≥ 10^6 CFU/mL by both culture and PCR in two children with a urinary tract infection.,PARSE_ERROR,PARSE_ERROR,,True,True,The patient age group was changed from children to adults.,two children,two adults,[]
target_qwen3_5_27b__aux_gemma4_e4b,186,22211919,"Actinobaculum schaalii, a cause of urinary tract infections in children?",maybe,False,2,detection_concentration,measured outcome,The minimum detectable concentration of A. schaalii in the urine samples.,≥ 10⁶ CFU/mL,≥ 10⁴ CFU/mL,True,yes,"Yes, the abstract indicates Actinobaculum schaalii was found in children with urinary tract infections.",The results state that A. schaalii was found in quantities equivalent to ≥ 10^6 CFU/mL by both culture and PCR in two children with a urinary tract infection.,yes,"Yes, the abstract reports Actinobaculum schaalii was found in children with urinary tract infections.",The results state that A. schaalii was found in quantities equivalent to ≥ 10⁴ CFU/mL by both culture and PCR in two children with a urinary tract infection.,False,True,The reported concentration of A. schaalii found in the positive samples was changed from ≥ 10⁶ CFU/mL to ≥ 10⁴ CFU/mL.,≥ 10⁶ CFU/mL,≥ 10⁴ CFU/mL,[]
target_qwen3_5_27b__aux_gemma4_e4b,192,17444776,Is the holmium:YAG laser the best intracorporeal lithotripter for the ureter?,yes,False,0,comparison_group,comparison group,The type of lithotripter or treatment method used for comparison against holmium:YAG.,None mentioned (only holmium:YAG is discussed),Pneumatic lithotripsy or other laser types,False,PARSE_ERROR,PARSE_ERROR,,PARSE_ERROR,PARSE_ERROR,,False,True,The study purpose and methods were changed from describing a single-arm study using only holmium:YAG to a comparative study comparing holmium:YAG laser lithotripsy against pneumatic lithotripsy.,To study the efficiency and safety of holmium:YAG laser lithotripsy for ureteral stones. A series of 188 patients with 208 ureteral stones were treated with semirigid ureteroscopy and holmium:YAG laser lithotripsy from January 2003 to December 2005.,To compare the efficiency and safety of holmium:YAG laser lithotripsy versus pneumatic lithotripsy for ureteral stones. A series of 188 patients with 208 ureteral stones were treated with semirigid ureteroscopy and either holmium:YAG laser lithotripsy or pneumatic lithotripsy from January 2003 to December 2005.,[]
target_qwen3_5_27b__aux_gemma4_e4b,192,17444776,Is the holmium:YAG laser the best intracorporeal lithotripter for the ureter?,yes,False,1,study_design,study design,The methodology used to conduct the study.,Retrospective Studies,Randomized Controlled Trial (RCT),False,PARSE_ERROR,PARSE_ERROR,,PARSE_ERROR,PARSE_ERROR,,False,True,The study design was changed from Retrospective Studies to Randomized Controlled Trial (RCT) in the MeSH terms.,Retrospective Studies,Randomized Controlled Trial (RCT),[]
target_qwen3_5_27b__aux_gemma4_e4b,197,2224269,Should general practitioners call patients by their first names?,yes,False,0,age_of_disagreement_group,other,The age group of patients who disliked being called by their first names.,aged over 65,aged under 30,False,PARSE_ERROR,PARSE_ERROR,,PARSE_ERROR,PARSE_ERROR,,False,True,The age group of patients who disliked being called by their first names was changed from 'aged over 65' to 'aged under 30'.,most of whom were aged over 65,most of whom were aged under 30,[]
target_qwen3_5_27b__aux_gemma4_e4b,197,2224269,Should general practitioners call patients by their first names?,yes,False,1,majority_acceptability_of_first_names,measured outcome,The overall proportion of patients who were comfortable with being called by their first names.,Most patients liked (223) or did not mind (175),Majority disliked being called by first names,False,PARSE_ERROR,PARSE_ERROR,,PARSE_ERROR,PARSE_ERROR,,False,True,"The proportion of patients who were comfortable with being called by their first names was changed from 'Most' (223 liked, 175 did not mind) to 'Majority disliked' (represented by a smaller number of accepting patients and a larger number of disliking patients).",Most of the patients either liked (223) or did not mind (175) being called by their first names.,Most of the patients either liked (100) or did not mind (50) being called by their first names.,[]
target_qwen3_5_27b__aux_gemma4_e4b,197,2224269,Should general practitioners call patients by their first names?,yes,False,2,direction_of_name_use,other,The specific direction of the name usage being assessed (doctor calling patient vs. patient calling doctor).,Doctor calling patient by first name,Patient calling doctor by first name,False,PARSE_ERROR,PARSE_ERROR,,PARSE_ERROR,PARSE_ERROR,,False,True,The objective was minimally edited to shift the primary focus of the study from the acceptability of doctors calling patients by first name to the acceptability of patients calling doctors by first name.,[OBJECTIVE] To assess the acceptability to patients of the use of patients' first names by doctors and doctors' first names by patients in general practice.,[OBJECTIVE] To assess the acceptability to patients of the use of patients' first names by doctors and the acceptability of patients calling doctors by their first names in general practice.,[]
target_qwen3_5_27b__aux_gemma4_e4b,215,21214884,Can 'high-risk' human papillomaviruses (HPVs) be detected in human breast milk?,no,False,0,detection_status,measured outcome,Whether high-risk HPV DNA was detected in the tested specimens.,No 'high-risk' HPV DNA was detected.,"'High-risk' HPV DNA (e.g., HPV 16) was detected.",False,PARSE_ERROR,PARSE_ERROR,,yes,"Yes, high-risk HPV DNA was detected in human breast milk.","The abstract results explicitly state that of the 32 studied human milk specimens, 'high-risk' HPV DNA was detected.",True,True,The detection status of high-risk HPV DNA was changed from a negative finding (none detected) to a positive finding (detection confirmed).,"no 'high-risk' HPV 16, 18, 31, 33, 35, 39, 45, 51, 52, 56, 58 or 58 DNA was detected.","'high-risk' HPV DNA (e.g., HPV 16) was detected.",[]
target_qwen3_5_27b__aux_gemma4_e4b,215,21214884,Can 'high-risk' human papillomaviruses (HPVs) be detected in human breast milk?,no,False,1,sample_matrix,other,The bodily fluid used for testing the presence of HPV DNA.,Human breast milk,Human blood or saliva,False,PARSE_ERROR,PARSE_ERROR,,PARSE_ERROR,PARSE_ERROR,,False,True,The sample matrix was changed from 'Human breast milk' to 'Human blood or saliva'.,"human breast milk
...human milk specimens","human blood or saliva
...specimens",[]
target_qwen3_5_27b__aux_gemma4_e4b,215,21214884,Can 'high-risk' human papillomaviruses (HPVs) be detected in human breast milk?,no,False,2,tested_hpv_types,other,The specific high-risk HPV types evaluated in the study.,"HPV 16, 18, 31, 33, 35, 39, 45, 51, 52, 56, 58",All known high-risk HPV types,False,PARSE_ERROR,PARSE_ERROR,,PARSE_ERROR,PARSE_ERROR,,False,True,The specific list of high-risk HPV types tested was generalized to include all known high-risk HPV types.,"HPV 16, 18, 31, 33, 35, 39, 45, 51, 52, 56, 58",all known high-risk HPV types,[]
target_qwen3_6_27b__aux_gemma4_e4b,8,17113061,Do mutations causing low HDL-C promote increased carotid intima-media thickness?,no,True,0,cimt_difference,measured outcome,The difference in carotid intima-media thickness (cIMT) between cases (mutations) and controls.,Nearly identical (0.66 +/- 0.17 cm vs 0.65 +/- 0.18 cm),"Significantly higher in cases (e.g., 0.80 cm vs 0.65 cm)",True,no,"No, mutations causing low HDL-C do not promote increased carotid intima-media thickness.","The abstract reports that carotid intima-media thickness was nearly identical between cases with genetic mutations causing low HDL cholesterol and matched controls, indicating that these mutations do not lead to increased cIMT despite significantly lower HDL levels.",yes,"Yes, mutations causing low HDL-C are associated with significantly increased carotid intima-media thickness.","The abstract reports that individuals with genetic mutations in LCAT, ABCA1, and APOA1 had significantly higher carotid intima-media thickness measurements compared to matched controls (0.80 cm vs 0.65 cm, P<0.05).",True,True,The reported difference in cIMT between cases and controls was changed from 'nearly identical' to 'significantly higher in cases'.,cIMT was nearly identical between cases (0.66+/-0.17 cm) and controls (0.65+/-0.18 cm),"cIMT was significantly higher in cases (e.g., 0.80 cm vs 0.65 cm)",[]
target_qwen3_6_27b__aux_gemma4_e4b,8,17113061,Do mutations causing low HDL-C promote increased carotid intima-media thickness?,no,True,1,hdl_cholesterol_difference,measured outcome,The difference in HDL cholesterol levels between cases and controls.,Significantly lower in cases (0.67 vs 1.58 mmol/l),"Similar between cases and controls (e.g., 1.2 vs 1.3 mmol/l)",True,no,"No, mutations causing low HDL-C do not promote increased carotid intima-media thickness.","The abstract reports that carotid intima-media thickness was nearly identical between cases with genetic mutations causing low HDL cholesterol and matched controls, indicating that these mutations do not lead to increased cIMT despite significantly lower HDL levels.",no,"No, mutations causing low HDL-C do not promote increased carotid intima-media thickness.","The abstract reports that carotid intima-media thickness measurements were nearly identical between cases with genetic mutations and matched controls, indicating that these mutations do not lead to increased thickness or early atherosclerosis.",False,True,The reported difference in HDL cholesterol levels between cases and controls was changed from significantly lower in cases to similar between cases and controls.,despite significantly lower HDL cholesterol (0.67 vs. 1.58 mmol/l),"despite similar HDL cholesterol (e.g., 1.2 vs 1.3 mmol/l)",[]
target_qwen3_6_27b__aux_gemma4_e4b,8,17113061,Do mutations causing low HDL-C promote increased carotid intima-media thickness?,no,True,2,case_control_ratio,study design,The ratio of cases (mutations) to controls in the study.,1:2 (Cases:Controls),1:1 (Equal number of cases and controls),False,no,"No, mutations causing low HDL-C do not promote increased carotid intima-media thickness.","The abstract reports that carotid intima-media thickness was nearly identical between cases with genetic mutations causing low HDL cholesterol and matched controls, indicating that these mutations do not lead to increased cIMT despite significantly lower HDL levels.",no,"No, mutations causing low HDL-C do not promote increased carotid intima-media thickness.","The abstract reports that carotid intima-media thickness was nearly identical between cases with genetic mutations causing significantly lower HDL cholesterol and controls, indicating that these mutations do not lead to increased cIMT.",False,True,The ratio of cases to controls in the study design was changed from 1:2 to 1:1.,In a 1:2 case-control study,In a 1:1 case-control study,[]
target_qwen3_6_27b__aux_gemma4_e4b,17,17096624,Do patterns of knowledge and attitudes exist among unvaccinated seniors?,yes,True,0,cluster_identification,measured outcome,Whether distinct patterns (clusters) of knowledge and attitudes were found among the surveyed group.,Four distinct clusters were identified.,No distinct clusters were identified.,True,yes,"Yes, distinct patterns of knowledge and attitudes exist among unvaccinated seniors.","The study successfully identified four specific clusters of unvaccinated seniors based on their immunization-related knowledge and attitudes: Potentials, Fearful Uninformeds, Doubters, and Misinformeds.",no,"No, distinct patterns or clusters of knowledge and attitudes were not identified among unvaccinated seniors.",The abstract explicitly states that 'No distinct clusters were identified' when analyzing immunization-related knowledge and attitudes in this population.,True,True,"The results section was modified to state that no distinct clusters were identified, removing the specific descriptions and percentages of the four original clusters, while retaining the comparative statistics about vaccine history.",[RESULTS] Identified 4 clusters: Potentials (45%) would receive influenza vaccine to prevent disease; Fearful Uninformeds (9%) were unsure if influenza vaccine causes illness; Doubters (27%) were unsure if vaccine is efficacious; Misinformeds (19%) believed influenza vaccine causes illness.,"[RESULTS] No distinct clusters were identified. However, the study found that Potentials (75%) and Misinformeds (70%) ever received influenza vaccine more often than did Fearful Uninformeds (18%) and Doubters (29%).",[]
target_qwen3_6_27b__aux_gemma4_e4b,17,17096624,Do patterns of knowledge and attitudes exist among unvaccinated seniors?,yes,True,1,unvaccinated_seniors,comparison group,The specific population group surveyed for knowledge and attitudes.,Unvaccinated seniors (Medicare beneficiaries aged >65).,Vaccinated seniors.,True,yes,"Yes, distinct patterns of knowledge and attitudes exist among unvaccinated seniors.","The study successfully identified four specific clusters of unvaccinated seniors based on their immunization-related knowledge and attitudes: Potentials, Fearful Uninformeds, Doubters, and Misinformeds.",PARSE_ERROR,PARSE_ERROR,,True,True,"The population group studied was changed from 'unvaccinated seniors' to 'vaccinated seniors,' and the objective was updated to reflect this change in status.",To examine patterns of knowledge and attitudes among adults aged>65 years unvaccinated for influenza. ... clustered unvaccinated seniors by their immunization related knowledge and attitudes.,To examine patterns of knowledge and attitudes among adults aged>65 years. ... clustered vaccinated seniors by their immunization related knowledge and attitudes.,[]
target_qwen3_6_27b__aux_gemma4_e4b,17,17096624,Do patterns of knowledge and attitudes exist among unvaccinated seniors?,yes,True,2,knowledge_and_attitudes_basis,other,The specific factors used to categorize the seniors and define the patterns.,Immunization-related knowledge and attitudes.,"Demographic factors (e.g., income or education).",True,yes,"Yes, distinct patterns of knowledge and attitudes exist among unvaccinated seniors.","The study successfully identified four specific clusters of unvaccinated seniors based on their immunization-related knowledge and attitudes: Potentials, Fearful Uninformeds, Doubters, and Misinformeds.",yes,"Yes, distinct patterns of knowledge and attitudes exist among unvaccinated seniors.","The abstract reports the identification of four specific clusters (Potentials, Fearful Uninformeds, Doubters, and Misinformeds) that characterize the varying knowledge and attitudes of unvaccinated adults over 65.",False,True,"The basis for clustering unvaccinated seniors in the methods section was changed from immunization-related knowledge and attitudes to demographic factors (e.g., income or education).",immunization related knowledge and attitudes,"demographic factors (e.g., income or education)",[]
target_qwen3_6_27b__aux_gemma4_e4b,29,28707539,Visceral adipose tissue area measurement at a single level: can it represent visceral adipose tissue volume?,yes,True,0,correlation_r_value,statistical significance,The strength of the correlation between VAT area and VAT volume changes.,0.853,0.3,True,yes,"Yes, visceral adipose tissue area measurement at a single CT slice level can represent visceral adipose tissue volume.","The abstract reports that VAT area measured at a specific single slice (3 cm above the lower margin of L3) demonstrated a strong correlation (r=0.853) with changes in VAT volume, indicating it can effectively represent volume changes.",yes,"Yes, measuring visceral adipose tissue area at a single specific CT slice level can represent changes in visceral adipose tissue volume.","The abstract states that the study successfully identified a specific slice location (3 cm above the lower margin of L3) where VAT area showed the strongest correlation with changes in VAT volume, demonstrating that a single-level measurement can reflect volume changes.",False,True,The correlation coefficient (r value) between VAT area and VAT volume was changed from 0.853 to 0.3.,0.853,0.3,[]
target_qwen3_6_27b__aux_gemma4_e4b,29,28707539,Visceral adipose tissue area measurement at a single level: can it represent visceral adipose tissue volume?,yes,True,1,specific_ct_slice_location,other,The precise location of the CT slice where the strong correlation was observed.,3 cm above the lower margin of L3,"A different slice location (e.g., 5 cm above L3)",True,yes,"Yes, visceral adipose tissue area measurement at a single CT slice level can represent visceral adipose tissue volume.","The abstract reports that VAT area measured at a specific single slice (3 cm above the lower margin of L3) demonstrated a strong correlation (r=0.853) with changes in VAT volume, indicating it can effectively represent volume changes.",yes,"Yes, visceral adipose tissue area measurement at a single level can represent visceral adipose tissue volume.","The abstract reports that VAT area measured at a single slice 5 cm above L3 demonstrated the strongest correlation with VAT volume changes (r = 0.853), indicating it can effectively represent overall VAT volume.",False,True,The specific CT slice location where the strongest correlation was observed was changed from 3 cm above the lower margin of L3 to 5 cm above L3.,3 cm above the lower margin of L3,5 cm above L3,[]
target_qwen3_6_27b__aux_gemma4_e4b,29,28707539,Visceral adipose tissue area measurement at a single level: can it represent visceral adipose tissue volume?,yes,True,2,measurement_type_comparison,other,The relationship established between a 2D measurement (area) and a 3D measurement (volume).,Area can represent Volume,Area cannot represent Volume,True,yes,"Yes, visceral adipose tissue area measurement at a single CT slice level can represent visceral adipose tissue volume.","The abstract reports that VAT area measured at a specific single slice (3 cm above the lower margin of L3) demonstrated a strong correlation (r=0.853) with changes in VAT volume, indicating it can effectively represent volume changes.",no,"No, a single-level VAT area measurement does not reliably represent VAT volume changes.","The abstract reports weak correlations (r values of 0.15 and 0.21) between VAT area at various CT slices and VAT volume changes, indicating that single-level area measurements are not accurate or sensitive enough to reflect volume changes.",True,True,"The original results reported strong correlations (r=0.853, 0.902) between VAT area and VAT volume/body weight, suggesting that area can represent volume. The counterfactual context changes these values to weak correlations (r=0.15, 0.21) and modifies the phrasing to state that the correlations were not significantly different, thus establishing that area cannot represent volume.","The strongest correlations of VAT area with VAT volume and body weight changes were shown in a slice 3 cm above the lower margin of L3 with r values of 0.853 and 0.902, respectively.","The correlations of VAT area with VAT volume and body weight changes were not significantly different across various slices, with r values of 0.15 and 0.21, respectively.",[]
target_qwen3_6_27b__aux_gemma4_e4b,32,9645785,Is a mandatory general surgery rotation necessary in the surgical clerkship?,no,True,0,score_difference_between_groups,measured outcome,Whether there were statistically significant differences in assessment scores between the group with and without general surgery.,No differences in scores on any parameter.,"Significant differences in scores were found (e.g., the group without general surgery scored lower).",True,no,"No, a mandatory general surgery rotation is not necessary.","The study found no differences in assessment scores between students with and without a general surgery rotation, indicating that equal mastery of surgical clerkship objectives can be achieved without it.",yes,"Yes, a mandatory general surgery rotation is necessary as students without it scored significantly lower and raised specific concerns.","The abstract reports that students in the group without a general surgery rotation scored lower on several assessment parameters and had specific concerns identified, indicating that the rotation is important for meeting surgical clerkship objectives.",True,True,"The results section was changed from reporting no score differences to reporting significant score differences, and the subsequent conclusion was minimally adjusted to reflect that concerns were identified.",Data for 54 students showed no differences in scores between groups on any parameter. No specific concerns related to the absence of general surgery were identified.,"Data for 54 students showed significant differences in scores between groups on several parameters, with the group without general surgery scoring lower. Specific concerns related to the absence of general surgery were identified.",[]
target_qwen3_6_27b__aux_gemma4_e4b,32,9645785,Is a mandatory general surgery rotation necessary in the surgical clerkship?,no,True,1,sample_size,numerical size,The total number of students included in the study.,54 students,"A much smaller sample size (e.g., 10 students)",False,no,"No, a mandatory general surgery rotation is not necessary.","The study found no differences in assessment scores between students with and without a general surgery rotation, indicating that equal mastery of surgical clerkship objectives can be achieved without it.",no,"No, a mandatory general surgery rotation is not necessary.","The study found no differences in assessment scores or specific concerns between students who completed a general surgery rotation and those who did not, indicating that equal mastery of surgical clerkship objectives can be achieved without it.",False,True,"The sample size reported in the results section was changed from 54 students to a much smaller sample size (e.g., 10 students).",54 students,"a much smaller sample size (e.g., 10 students)",[]
target_qwen3_6_27b__aux_gemma4_e4b,32,9645785,Is a mandatory general surgery rotation necessary in the surgical clerkship?,no,True,2,specific_concerns_identified,measured outcome,Whether any specific deficiencies or concerns were identified related to the absence of general surgery.,No specific concerns related to the absence of general surgery were identified.,"Specific concerns were identified (e.g., deficiencies in the OSCE component).",True,no,"No, a mandatory general surgery rotation is not necessary.","The study found no differences in assessment scores between students with and without a general surgery rotation, indicating that equal mastery of surgical clerkship objectives can be achieved without it.",no,"No, a mandatory general surgery rotation is not necessary based on these findings.","The abstract reports no differences in assessment scores between students who completed a general surgery rotation and those who did not, indicating that equal mastery of surgical clerkship objectives can be achieved without it.",False,True,"The measured outcome regarding specific deficiencies related to the absence of general surgery was changed from 'none identified' to 'specific concerns identified (e.g., deficiencies in the OSCE component).'",No specific concerns related to the absence of general surgery were identified.,"Specific concerns were identified (e.g., deficiencies in the OSCE component).",[]
target_qwen3_6_27b__aux_gemma4_e4b,46,19504993,It's Fournier's gangrene still dangerous?,yes,True,0,mortality_rate,measured outcome,The overall rate of death associated with Fournier's gangrene.,High,Low,True,yes,"Yes, Fournier's gangrene remains dangerous due to its high morbidity and mortality rates.","The abstract explicitly states that despite antibiotics and aggressive debridement, the mortality rate remains high, and a retrospective review of 14 patients showed that 5 died, confirming its significant danger.",yes,"Yes, Fournier's gangrene remains dangerous due to its significant impact on morbidity and associated mortality risk.","The abstract states that the condition impacts morbidity and, despite antibiotics and aggressive debridement, resulted in 5 deaths out of 14 patients in the reviewed cohort, indicating it remains a serious health threat.",False,True,The general statement regarding the mortality rate in the background section was changed from 'high' to 'low'.,high,low,[]
target_qwen3_6_27b__aux_gemma4_e4b,46,19504993,It's Fournier's gangrene still dangerous?,yes,True,1,treatment_efficacy,other,The effectiveness of standard treatments like antibiotics and aggressive debridement.,Insufficient (mortality remains high despite treatment),Highly effective (mortality is low),True,yes,"Yes, Fournier's gangrene remains dangerous due to its high morbidity and mortality rates.","The abstract explicitly states that despite antibiotics and aggressive debridement, the mortality rate remains high, and a retrospective review of 14 patients showed that 5 died, confirming its significant danger.",yes,"Yes, Fournier's gangrene remains dangerous.","The abstract states that the condition significantly impacts morbidity and reports that 5 out of 14 patients died in the studied cohort, indicating it remains a serious condition.",False,True,"The background statement regarding the overall prognosis of Fournier's gangrene was changed from indicating high mortality despite treatment to indicating low mortality, reflecting high treatment efficacy.","and despite antibiotics and aggressive debridement, the mortality rate remains high.","and despite antibiotics and aggressive debridement, the mortality rate is low.",[]
target_qwen3_6_27b__aux_gemma4_e4b,46,19504993,It's Fournier's gangrene still dangerous?,yes,True,2,sample_size,numerical size,The total number of patients included in the retrospective review.,14 patients,"A much larger number of patients (e.g., 100+)",False,yes,"Yes, Fournier's gangrene remains dangerous due to its high morbidity and mortality rates.","The abstract explicitly states that despite antibiotics and aggressive debridement, the mortality rate remains high, and a retrospective review of 14 patients showed that 5 died, confirming its significant danger.",yes,"Yes, Fournier's gangrene remains dangerous.","The abstract explicitly states that despite antibiotics and aggressive debridement, the mortality rate remains high and the condition significantly impacts morbidity, with 10 deaths observed among over 100 patients in the study.",False,True,"The sample size was increased from 14 patients to a much larger number of patients (e.g., 100+). Consequently, the specific counts of deceased and surviving patients in the results section were adjusted to reflect the new, larger sample size (from 5 died and 9 survived to 10 died and 90 survived).",14 patients,"a much larger number of patients (e.g., 100+)",[]
target_qwen3_6_27b__aux_gemma4_e4b,54,25277731,Sternal fracture in growing children : A rare and often overlooked fracture?,maybe,False,0,sternal_fracture_rarity,disease or condition,The stated frequency of sternal fractures in childhood.,rare,common,True,yes,"Yes, sternal fractures in childhood are rare.","The abstract explicitly states in the background section that sternal fractures in childhood are rare, and only four cases were identified over a two-year study period.",no,"No, the abstract explicitly states that sternal fractures in childhood are common.","The background section of the provided context directly contradicts the premise by stating that sternal fractures in childhood are common, not rare.",True,True,Changed the stated frequency of sternal fractures in childhood from 'rare' to 'common' in the background section.,rare,common,[]
target_qwen3_6_27b__aux_gemma4_e4b,54,25277731,Sternal fracture in growing children : A rare and often overlooked fracture?,maybe,False,1,total_number_of_cases,numerical size,The total number of children with sternal fractures treated during the study period.,4,40,True,yes,"Yes, sternal fractures in childhood are rare.","The abstract explicitly states in the background section that sternal fractures in childhood are rare, and only four cases were identified over a two-year study period.",yes,"Yes, the abstract explicitly confirms that sternal fractures in childhood are rare.","The background section directly states that sternal fractures in childhood are rare, and the study focuses on establishing radiological and sonographical detection criteria to improve clinical recognition and management.",False,True,"The total number of children treated (4) was increased to 40. To maintain internal consistency, the breakdown of hospitalized (2) and outpatient (2) cases was proportionally increased to 20 each (20 + 20 = 40).","4 children aged 5-14 years with a sternal fracture were treated in 2 years, 2 children were hospitalized for pain management and 2 remained in outpatient care.","40 children aged 5-14 years with a sternal fracture were treated in 2 years, 20 children were hospitalized for pain management and 20 remained in outpatient care.",[]
target_qwen3_6_27b__aux_gemma4_e4b,54,25277731,Sternal fracture in growing children : A rare and often overlooked fracture?,maybe,False,2,study_duration,follow-up duration,The length of time over which the cases were recorded.,2 years,10 years,True,yes,"Yes, sternal fractures in childhood are rare.","The abstract explicitly states in the background section that sternal fractures in childhood are rare, and only four cases were identified over a two-year study period.",yes,"Yes, sternal fractures in childhood are rare.","The abstract explicitly states in the background section that sternal fractures in childhood are rare, and the study's aim to investigate detection criteria and associated injuries supports the premise that they are uncommon and potentially overlooked.",False,True,The study duration/follow-up period was changed from 2 years to 10 years.,2 years,10 years,[]
target_qwen3_6_27b__aux_gemma4_e4b,59,27491658,Can predilatation in transcatheter aortic valve implantation be omitted?,yes,True,0,statistical_significance_of_outcomes,statistical significance,Whether or not the observed differences in outcomes between the two groups are statistically significant.,No significant differences,Significant differences,True,yes,"Yes, predilatation can be omitted in transcatheter aortic valve implantation.",The randomized study demonstrated no significant differences in early hemodynamic results or complication rates between the standard procedure and the protocol where balloon predilatation was omitted.,no,"No, omitting balloon predilatation in TAVI leads to significant differences in early hemodynamic results and complication rates.","The retrieved abstract explicitly states that randomizing patients to omit balloon predilatation resulted in significant differences in early hemodynamic outcomes and complication rates compared to the standard procedure, indicating that predilatation should not be omitted.",True,True,The statistical finding regarding the comparison between the two groups was changed from 'no significant differences' to 'significant differences'.,There were no significant differences,There were significant differences,[]
target_qwen3_6_27b__aux_gemma4_e4b,59,27491658,Can predilatation in transcatheter aortic valve implantation be omitted?,yes,True,1,early_hemodynamic_results,measured outcome,The measured differences in hemodynamic parameters between the standard procedure and the omitted predilatation group.,No significant differences,Significant differences,True,yes,"Yes, predilatation can be omitted in transcatheter aortic valve implantation.",The randomized study demonstrated no significant differences in early hemodynamic results or complication rates between the standard procedure and the protocol where balloon predilatation was omitted.,maybe,"Based on the provided abstract, it is unclear whether predilatation can be safely omitted.","The abstract states that there were significant differences in early hemodynamic results or complication rates between the standard procedure and the group where predilatation was omitted, but it does not specify the direction or clinical implications of these differences to definitively determine if omission is advisable.",True,True,The reported finding regarding early hemodynamic results was changed from 'no significant differences' to 'significant differences'.,no significant differences,significant differences,[]
target_qwen3_6_27b__aux_gemma4_e4b,59,27491658,Can predilatation in transcatheter aortic valve implantation be omitted?,yes,True,2,complication_rates,measured outcome,The measured rates of complications between the standard procedure and the omitted predilatation group.,No significant differences,Significant differences,True,yes,"Yes, predilatation can be omitted in transcatheter aortic valve implantation.",The randomized study demonstrated no significant differences in early hemodynamic results or complication rates between the standard procedure and the protocol where balloon predilatation was omitted.,maybe,The provided abstract does not definitively conclude whether predilatation can be safely omitted.,"The study protocol successfully omitted predilatation and showed comparable early hemodynamic results, but it also reported significant differences in complication rates between the groups, leaving the overall feasibility and safety inconclusive based solely on this text.",True,True,The measured outcome regarding complication rates was changed from 'No significant differences' to 'Significant differences'.,There were no significant differences between the groups regarding early hemodynamic results or complication rates.,"There were significant differences between the groups regarding complication rates, although early hemodynamic results were comparable.",[]
target_qwen3_6_27b__aux_gemma4_e4b,71,18049437,Is there any relationship between streptococcal infection and multiple sclerosis?,yes,True,0,adnase_b_significance,statistical significance,The statistical finding that ADNase B levels are elevated in MS patients compared to controls.,Significantly higher (p<0.001),Not significantly different (p>0.05),True,yes,"Yes, there is a relationship between streptococcal infection and multiple sclerosis.","The abstract reports that antideoxyribonuclease B (ADNase B) antibody levels, which indicate past streptococcal infection, were significantly higher in patients with relapsing-remitting multiple sclerosis compared to healthy controls.",no,"No, the study found no significant relationship between past streptococcal infection and multiple sclerosis.","The abstract reports that both antistreptolysin O (ASO) and antideoxyribonuclease B (ADNase B) antibody levels were similar or not significantly different between patients with relapsing-remitting MS and healthy controls, indicating no evidence of a link.",True,True,The statistical finding regarding ADNase B levels in MS patients was changed from being significantly elevated (p<0.001) to showing no significant difference compared to controls (p>0.05).,ADNase B levels in the patients with MS were found to be significantly higher than in the controls (p<0.001),ADNase B levels in the patients with MS were found to be not significantly different from the controls (p>0.05),[]
target_qwen3_6_27b__aux_gemma4_e4b,71,18049437,Is there any relationship between streptococcal infection and multiple sclerosis?,yes,True,1,comparison_group,comparison group,The group used as a baseline for comparison to the MS patients.,Healthy blood donors,"Patients with another autoimmune condition (e.g., Lupus)",True,yes,"Yes, there is a relationship between streptococcal infection and multiple sclerosis.","The abstract reports that antideoxyribonuclease B (ADNase B) antibody levels, which indicate past streptococcal infection, were significantly higher in patients with relapsing-remitting multiple sclerosis compared to healthy controls.",yes,"Yes, significantly higher antideoxyribonuclease B levels in MS patients suggest a relationship with past streptococcal infection.","The abstract reports that antideoxyribonuclease B levels, a marker for past streptococcal infection, were significantly elevated in multiple sclerosis patients compared to controls, indicating an association between the two.",False,True,"The comparison group used in the study was changed from healthy blood donors to patients with another autoimmune condition (e.g., Lupus).",and 21 healthy blood donors,"and 21 patients with another autoimmune condition (e.g., Lupus)",[]
target_qwen3_6_27b__aux_gemma4_e4b,71,18049437,Is there any relationship between streptococcal infection and multiple sclerosis?,yes,True,2,ms_type,disease or condition,The specific type of multiple sclerosis studied in the patient cohort.,Relapsing-remitting MS,Primary Progressive MS (PPMS),True,yes,"Yes, there is a relationship between streptococcal infection and multiple sclerosis.","The abstract reports that antideoxyribonuclease B (ADNase B) antibody levels, which indicate past streptococcal infection, were significantly higher in patients with relapsing-remitting multiple sclerosis compared to healthy controls.",yes,"Yes, significantly higher antideoxyribonuclease B levels were found in multiple sclerosis patients compared to healthy controls, indicating a relationship.","The abstract reports that ADNase B levels, which reflect past streptococcal infection, were significantly elevated in patients with Primary Progressive MS compared to healthy controls (p<0.001), suggesting an association between the two conditions.",False,True,The specific type of multiple sclerosis studied in the patient cohort was changed from Relapsing-remitting MS to Primary Progressive MS (PPMS).,relapsing-remitting MS,Primary Progressive MS (PPMS),[]
target_qwen3_6_27b__aux_gemma4_e4b,86,11570976,Is it Crohn's disease?,maybe,False,0,patient_underlying_diagnosis,disease or condition,The specific diagnosis established for the patient in the case presentation.,rheumatoid arthritis,crohn's disease,True,no,"No, the patient described in the case presentation has rheumatoid arthritis, not Crohn's disease.","The abstract explicitly identifies the patient's underlying diagnosis as rheumatoid arthritis, while Crohn disease is only listed as a MeSH term likely reflecting the drug's broader clinical indications or differential diagnostic considerations.",yes,"Yes, the case presentation explicitly describes a patient with Crohn's disease.",The abstract clearly states that the severe systemic reaction to sulfasalazine developed in a 21-year-old female with Crohn's disease.,True,True,The patient's underlying diagnosis was changed from rheumatoid arthritis to Crohn's disease.,rheumatoid arthritis,crohn's disease,[]
target_qwen3_6_27b__aux_gemma4_e4b,86,11570976,Is it Crohn's disease?,maybe,False,1,diagnosis_source_certainty,other,Whether the diagnosis is explicitly stated in the case presentation or merely listed in the MeSH terms.,explicitly stated (RA),only listed in MeSH terms (CD),True,no,"No, the patient described in the case presentation has rheumatoid arthritis, not Crohn's disease.","The abstract explicitly identifies the patient's underlying diagnosis as rheumatoid arthritis, while Crohn disease is only listed as a MeSH term likely reflecting the drug's broader clinical indications or differential diagnostic considerations.",maybe,It is unclear from the provided abstract whether the patient has Crohn's disease.,"The abstract notes that sulfasalazine is used to treat inflammatory bowel disease and rheumatological disorders, but it does not explicitly state the underlying diagnosis of the 21-year-old female patient who experienced the severe systemic reaction.",True,True,"The case presentation was modified to remove the explicit statement of 'with rheumatoid arthritis,' making the diagnosis of Crohn Disease (CD) rely solely on the MeSH indexing terms, thereby changing the diagnosis source certainty from explicitly stated to only listed in MeSH terms.","A severe systemic reaction to sulfasalazine developed in a 21-year old female with rheumatoid arthritis characterized by eosinophilia, granulomatous enteritis and myelotoxicity, cholestatic hepatitis, and seizures.","A severe systemic reaction to sulfasalazine developed in a 21-year old female presenting with eosinophilia, granulomatous enteritis and myelotoxicity, cholestatic hepatitis, and seizures.",[]
target_qwen3_6_27b__aux_gemma4_e4b,95,23076787,Can increases in the cigarette tax rate be linked to cigarette retail prices?,no,True,0,government_price_control,other,The existence and effectiveness of government policy authority (STMA) to prevent retail price increases despite tax hikes.,STMA used its policy authority to ensure that retail cigarette prices did not change.,"The STMA did not use its policy authority, allowing tax increases to be passed on to consumers.",True,no,"No, the provided context indicates that the 2009 excise tax increase did not lead to higher retail prices due to government regulation.","According to the abstract, the Chinese State Tobacco Monopoly Administration used its policy authority to prevent retail cigarette prices from changing despite the tax increase, meaning the financial burden was absorbed by the tobacco industry rather than passed on to consumers.",yes,"Yes, increases in the cigarette tax rate are directly linked to higher cigarette retail prices.","The abstract explicitly states that the 2009 excise tax increase on cigarettes in China translated into higher retail prices for consumers, confirming a direct link between tax increases and retail pricing.",True,True,The mechanism of government price control was changed from the STMA preventing price increases to the STMA allowing tax increases to be passed on to consumers. This required changing the outcome from 'no increase' to 'increase' in retail prices.,The 2009 excise tax increase on cigarettes in China has not translated into higher retail prices because the Chinese STMA used its policy authority to ensure that retail cigarette prices did not change. [...] with no increase in the retail price of cigarettes for consumers.,"The 2009 excise tax increase on cigarettes in China has translated into higher retail prices because the Chinese STMA did not use its policy authority, allowing tax increases to be passed on to consumers. [...] with an increase in the retail price of cigarettes for consumers.",[]
target_qwen3_6_27b__aux_gemma4_e4b,95,23076787,Can increases in the cigarette tax rate be linked to cigarette retail prices?,no,True,1,tax_increase_year,other,The specific year of the excise tax increase discussed in the context.,2009,2015,True,no,"No, the provided context indicates that the 2009 excise tax increase did not lead to higher retail prices due to government regulation.","According to the abstract, the Chinese State Tobacco Monopoly Administration used its policy authority to prevent retail cigarette prices from changing despite the tax increase, meaning the financial burden was absorbed by the tobacco industry rather than passed on to consumers.",no,"No, the provided context indicates that the 2015 excise tax increase did not result in higher retail prices.","The abstract explicitly states that the Chinese State Tobacco Monopoly Administration used its policy authority to keep retail prices unchanged, meaning the tax increase was absorbed by the government and tobacco industry rather than being passed on to consumers.",False,True,The year of the excise tax increase discussed in the results section was changed from 2009 to 2015.,2009,2015,[]
target_qwen3_6_27b__aux_gemma4_e4b,95,23076787,Can increases in the cigarette tax rate be linked to cigarette retail prices?,no,True,2,tax_collection_level,other,The levels (producer and wholesale) at which the government tax increase is collected.,Both the producer and wholesale levels.,Only at the retail level.,False,no,"No, the provided context indicates that the 2009 excise tax increase did not lead to higher retail prices due to government regulation.","According to the abstract, the Chinese State Tobacco Monopoly Administration used its policy authority to prevent retail cigarette prices from changing despite the tax increase, meaning the financial burden was absorbed by the tobacco industry rather than passed on to consumers.",no,"No, increases in cigarette tax rates are not linked to higher retail prices according to the provided context.",The abstract explicitly states that the 2009 excise tax increase in China did not translate into higher retail prices because the State Tobacco Monopoly Administration used its policy authority to ensure retail prices remained unchanged.,False,True,The tax collection level was changed from covering both the producer and wholesale stages to only the retail stage.,both the producer and wholesale levels,only at the retail level,[]
target_qwen3_6_27b__aux_gemma4_e4b,118,19106867,"The Main Gate Syndrome: a new format in mass-casualty victim ""surge"" management?",yes,False,0,main_gate_syndrome,disease or condition,The specific syndrome being questioned in the prompt.,Not mentioned,Main Gate Syndrome was observed,True,maybe,The provided abstract does not contain information to confirm or deny this concept.,"The retrieved context describes triage and surgical management of blast injury casualties but does not mention the 'Main Gate Syndrome' or evaluate it as a new management format, so a definitive answer cannot be derived from the given text.",maybe,The provided abstract does not specify whether Main Gate Syndrome is a new format for mass-casualty management.,"The abstract only states that Main Gate Syndrome was observed during the second surgical triage, but it does not discuss or confirm whether it represents a new format for managing mass-casualty victim surges.",False,True,The [RESULTS] section was minimally edited to introduce the observation of 'Main Gate Syndrome' during the surgical triage process.,Fourteen casualties were received. A first triage was carried out by the U S Army Level I group prior to evacuation. A second surgical triage was carried out with systematic ultrasound exam. Four cases (ISS>25) were re-categorized and underwent emergency surgical procedures.,"Fourteen casualties were received. A first triage was carried out by the U S Army Level I group prior to evacuation. A second surgical triage was carried out with systematic ultrasound exam, and Main Gate Syndrome was observed. Four cases (ISS>25) were re-categorized and underwent emergency surgical procedures.",[]
target_qwen3_6_27b__aux_gemma4_e4b,118,19106867,"The Main Gate Syndrome: a new format in mass-casualty victim ""surge"" management?",yes,False,1,new_management_format,other,Whether the described trauma management approach is novel or standard.,Not evaluated/Implied standard care,The described triage/surgical process is a new format,True,maybe,The provided abstract does not contain information to confirm or deny this concept.,"The retrieved context describes triage and surgical management of blast injury casualties but does not mention the 'Main Gate Syndrome' or evaluate it as a new management format, so a definitive answer cannot be derived from the given text.",PARSE_ERROR,PARSE_ERROR,"{
  ""answer_label"": ""yes"",
  """,False,True,"The description of the triage process in the RESULTS section was modified to explicitly state that the two-stage triage protocol is a novel implementation, changing the implied standard care to a new format.",A first triage was carried out by the U S Army Level I group prior to evacuation. A second surgical triage was carried out with systematic ultrasound exam.,"We implemented a novel two-stage triage protocol: a first triage was carried out by the U S Army Level I group prior to evacuation, followed by a second surgical triage utilizing systematic ultrasound exam.",[]
target_qwen3_6_27b__aux_gemma4_e4b,118,19106867,"The Main Gate Syndrome: a new format in mass-casualty victim ""surge"" management?",yes,False,2,incident_type,other,The type of mass casualty event described.,Suicide bombings/Blast injuries,Industrial accident,False,maybe,The provided abstract does not contain information to confirm or deny this concept.,"The retrieved context describes triage and surgical management of blast injury casualties but does not mention the 'Main Gate Syndrome' or evaluate it as a new management format, so a definitive answer cannot be derived from the given text.",maybe,The provided abstract does not mention Main Gate Syndrome or confirm it as a new format for surge management.,"The retrieved context only details the triage and surgical treatment of 14 casualties from an industrial accident, without referencing Main Gate Syndrome or evaluating new surge management formats.",False,True,The incident type was changed from 'Suicide bombings/Blast injuries' to 'Industrial accident'.,Recent suicide bombings pose the novel problem for Trauma Centers of the massive simultaneous arrival of many gravely wounded patients. [...] during the wave of suicide bombings in February 2007.,Recent industrial accidents pose the novel problem for Trauma Centers of the massive simultaneous arrival of many gravely wounded patients. [...] during a major industrial accident in February 2007.,[]
target_qwen3_6_27b__aux_gemma4_e4b,124,18540901,Transient tachypnea of the newborn (TTN): a role for polymorphisms in the beta-adrenergic receptor (ADRB) encoding genes?,yes,True,0,beta1ser49gly_polymorphism_association,statistical_significance,The finding of a significant association between the beta1Ser49Gly polymorphism and increased risk for TTN.,Significant (OR 18.5; p = 0.023),Not significant (p > 0.05),True,yes,"Yes, polymorphisms in beta-adrenergic receptor genes are significantly associated with an increased risk of transient tachypnea of the newborn.","The abstract reports a significant association between TTN and the beta1Ser49Gly polymorphism in the ADRB1 gene, as well as a significant association with a specific haplotype in the ADRB2 gene, demonstrating that these genetic variants contribute to TTN susceptibility.",yes,"Yes, polymorphisms in the ADRB2 gene are significantly associated with TTN.","The abstract reports a significant association between a specific haplotype in the ADRB2 gene and TTN (p = 0.048), indicating that beta-adrenergic receptor gene polymorphisms play a role in the condition.",False,True,"The statistical finding regarding the association between the beta1Gly49 polymorphism and TTN was changed from 'Significant (OR 18.5; p = 0.023)' to 'Not significant (p > 0.05)', indicating no significant association.",Multivariate analysis provided beta1Gly49 homozygotes with higher risk for TTN (OR 18.5; 95%CI 1.5-229; p = 0.023) than beta1Ser49 allele carrier.,Multivariate analysis did not find a significant association between beta1Gly49 homozygotes and increased risk for TTN compared to beta1Ser49 allele carrier (p > 0.05).,[]
target_qwen3_6_27b__aux_gemma4_e4b,124,18540901,Transient tachypnea of the newborn (TTN): a role for polymorphisms in the beta-adrenergic receptor (ADRB) encoding genes?,yes,True,1,adrb2_haplotype_association,statistical_significance,The finding of a significant association between the TACC haplotype in the ADRB2 gene and TTN risk.,Significant (p = 0.048),Not significant (p > 0.05),True,yes,"Yes, polymorphisms in beta-adrenergic receptor genes are significantly associated with an increased risk of transient tachypnea of the newborn.","The abstract reports a significant association between TTN and the beta1Ser49Gly polymorphism in the ADRB1 gene, as well as a significant association with a specific haplotype in the ADRB2 gene, demonstrating that these genetic variants contribute to TTN susceptibility.",yes,"Yes, the study found a significant association between the beta1Ser49Gly polymorphism and an increased risk of TTN.","The abstract reports that the beta1Ser49Gly polymorphism differed significantly between cases and controls, with beta1Gly49 homozygotes showing a higher risk for TTN, although no significant association was found for the ADRB2 gene haplotype.",False,True,The statistical significance of the association between the TACC haplotype in the ADRB2 gene and TTN was changed from significant (p = 0.048) to not significant (p > 0.05).,"Further analysis showed significant association of T-47C, A46G, C79G and C491T (TACC) haplotype in ADRB2 gene with TTN (p = 0.048).","Further analysis showed no significant association of T-47C, A46G, C79G and C491T (TACC) haplotype in ADRB2 gene with TTN (p > 0.05).",[]
target_qwen3_6_27b__aux_gemma4_e4b,135,12836106,Does the leukocyte count correlate with the severity of injury?,yes,True,0,wbc_iss_correlation,measured outcome,The specific correlation found between white blood cell count and the Injury Severity Score (ISS).,Positive correlation,No correlation,True,yes,"Yes, the leukocyte count correlates with the severity of injury.","The abstract explicitly states that statistical analysis revealed a positive correlation between white blood cell count and the Injury Severity Score (ISS), which is a standard metric for evaluating injury severity.",no,"No, the leukocyte count does not correlate with the injury severity score.",The abstract explicitly states that statistical analysis revealed the white blood cell count showed no correlation with the Injury Severity Score (ISS).,True,True,The correlation between WBC and ISS was changed from positive correlation to no correlation.,WBC was correlated positively with ISS,WBC showed no correlation with ISS,[]
target_qwen3_6_27b__aux_gemma4_e4b,135,12836106,Does the leukocyte count correlate with the severity of injury?,yes,True,1,injury_severity_score_metric,comparison group,The specific metric used in the study to quantify the overall severity of injury.,Injury Severity Score (ISS),Glasgow Coma Score (GCS),True,yes,"Yes, the leukocyte count correlates with the severity of injury.","The abstract explicitly states that statistical analysis revealed a positive correlation between white blood cell count and the Injury Severity Score (ISS), which is a standard metric for evaluating injury severity.",,,,False,False,"COUNTERFACTUAL_GENERATION_FAILED: No JSON found in output:
```json
{
  ""counterfactual_context"": ""[BACKGROUND] Glasgow coma score (GCS), Glasgow coma score (GCS), and revised trauma score (RTS) are the most frequently used methods to evaluate the severity of injury in blunt trauma patients. GCS is too complicated to assess easily and GCS and RTS are easy to assess but somewhat subjective. White blood cell count (WBC) is an easy, quick and objective test. This study was performed to evaluate the significance of the WBC count at presentation in the blunt trauma patients.\n[METHODS] 713 blunt trauma patients, who were admitted to the Uludag University Medical Center Emergency Department between 01.04.2000-31.12.2000, were retrospectively evaluated in terms of GCS, G",,,['counterfactual generation failed']
target_qwen3_6_27b__aux_gemma4_e4b,135,12836106,Does the leukocyte count correlate with the severity of injury?,yes,True,2,patient_trauma_type,other,The type of trauma patients included in the study.,Blunt trauma patients,Penetrating trauma patients,False,yes,"Yes, the leukocyte count correlates with the severity of injury.","The abstract explicitly states that statistical analysis revealed a positive correlation between white blood cell count and the Injury Severity Score (ISS), which is a standard metric for evaluating injury severity.",yes,"Yes, the leukocyte count correlates with the severity of injury.","The abstract explicitly states that statistical analysis revealed a positive correlation between white blood cell count and the Injury Severity Score (ISS), which is a standard metric used to evaluate injury severity.",False,True,The patient population studied was changed from blunt trauma patients to penetrating trauma patients.,blunt trauma patients,penetrating trauma patients,[]
target_qwen3_6_27b__aux_gemma4_e4b,141,22497340,Is horizontal semicircular canal ocular reflex influenced by otolith organs input?,yes,True,0,asymmetry_of_eye_movements,measured outcome,Whether the measured eye movements (nystagmus) are symmetric across different head positions.,Not symmetric (asymmetries were found in supine/prone and left-ear-down/right-ear-down positions).,Symmetric (no asymmetries were found).,True,yes,"Yes, the horizontal semicircular canal ocular reflex is influenced by otolith organs input.","The abstract states that asymmetries in nystagmus and eye movements across different head positions indicate that the axis of eyeball rotation was affected by shifts in gravity direction, which confirms the influence of otolith organ input.",no,"No, the horizontal semicircular canal ocular reflex is not influenced by otolith organs input.","The abstract states that the axis of eyeball rotation was not affected by shifts in gravity direction, indicating that otolith organ input does not influence the reflex.",True,True,"The results section was changed to report that eye movements were symmetric across all tested positions, and the concluding interpretation was minimally adjusted to reflect this finding.",Eye movements in the supine position and the prone position were not in a symmetric fashion. Nystagmus in the left-ear-down position and the right-ear-down position were not symmetric either. These phenomena indicate that the axis of the eyeball rotation was affected by the shift of the direction of gravity exerted on the head.,Eye movements in the supine position and the prone position were symmetric. Nystagmus in the left-ear-down position and the right-ear-down position were symmetric as well. These findings suggest that the axis of the eyeball rotation was not affected by the shift of the direction of gravity exerted on the head.,[]
target_qwen3_6_27b__aux_gemma4_e4b,141,22497340,Is horizontal semicircular canal ocular reflex influenced by otolith organs input?,yes,True,1,gravity_effect_on_rotation_axis,other,Whether the axis of eyeball rotation is affected by the shift of the direction of gravity.,Affected by the shift of the direction of gravity.,Not affected by the shift of the direction of gravity.,True,yes,"Yes, the horizontal semicircular canal ocular reflex is influenced by otolith organs input.","The abstract states that asymmetries in nystagmus and eye movements across different head positions indicate that the axis of eyeball rotation was affected by shifts in gravity direction, which confirms the influence of otolith organ input.",no,"No, the horizontal semicircular canal ocular reflex is not influenced by otolith organs input.","The abstract states that the axis of eyeball rotation was not affected by shifts in the direction of gravity, indicating that otolith organ input does not influence the reflex.",True,True,The conclusion regarding the influence of gravity on the axis of eyeball rotation was changed from 'affected by' to 'not affected by'.,These phenomena indicate that the axis of the eyeball rotation was affected by the shift of the direction of gravity exerted on the head.,These phenomena indicate that the axis of the eyeball rotation was not affected by the shift of the direction of gravity exerted on the head.,[]
target_qwen3_6_27b__aux_gemma4_e4b,143,8566975,Serovar specific immunity to Neisseria gonorrhoeae: does it exist?,no,True,0,statistical_significance,statistical significance,Whether the observed difference in serovar prevalence between repeat and non-repeat infections is statistically significant.,No significant difference,Significant difference,True,no,"No, serovar-specific immunity to Neisseria gonorrhoeae does not appear to exist based on this study.","The abstract reports no significant difference in the prevalence of serovars isolated following repeat infections compared to those without repeat infections, indicating that prior infection does not confer serovar-specific protection against reinfection.",yes,"Yes, serovar-specific immunity to Neisseria gonorrhoeae exists.","The abstract reports a significant difference in the prevalence of serovars isolated following repeat infections compared to those without repeat infections, indicating that the host immune response provides limited serovar-specific protection against reinfection.",True,True,The finding regarding the statistical significance of serovar prevalence between repeat and non-repeat infections was changed from 'No significant difference' to 'A significant difference'.,No significant difference,A significant difference,[]
target_qwen3_6_27b__aux_gemma4_e4b,143,8566975,Serovar specific immunity to Neisseria gonorrhoeae: does it exist?,no,True,1,prevalence_of_serovars,measured outcome,The specific measure of serovar distribution being compared between the two groups (repeat vs. non-repeat infections).,Prevalence of serovars,Serovar diversity,True,no,"No, serovar-specific immunity to Neisseria gonorrhoeae does not appear to exist based on this study.","The abstract reports no significant difference in the prevalence of serovars isolated following repeat infections compared to those without repeat infections, indicating that prior infection does not confer serovar-specific protection against reinfection.",no,"No, serovar-specific immunity to Neisseria gonorrhoeae does not appear to exist.","The abstract reports no significant difference in serovar diversity following repeat infections compared to initial infections, indicating that prior infection does not confer serovar-specific protection against reinfection.",False,True,The measured outcome being compared between repeat and non-repeat infections was changed from 'prevalence of serovars' to 'serovar diversity'.,prevalence of serovars,serovar diversity,[]
target_qwen3_6_27b__aux_gemma4_e4b,143,8566975,Serovar specific immunity to Neisseria gonorrhoeae: does it exist?,no,True,2,follow_up_duration,follow-up duration,The total time period over which the study collected data on gonorrhoea episodes.,4 year period,1 year period,False,no,"No, serovar-specific immunity to Neisseria gonorrhoeae does not appear to exist based on this study.","The abstract reports no significant difference in the prevalence of serovars isolated following repeat infections compared to those without repeat infections, indicating that prior infection does not confer serovar-specific protection against reinfection.",no,"No, serovar-specific immunity to Neisseria gonorrhoeae does not appear to exist.","The study found no significant difference in the prevalence of serovars isolated following repeat infections compared to initial infections, indicating that prior infection does not confer serovar-specific protection against reinfection.",False,True,The follow-up duration for the study population was changed from a 4 year period to a 1 year period.,4 year period,1 year period,[]
target_qwen3_6_27b__aux_gemma4_e4b,157,18243752,Should chest wall irradiation be included after mastectomy and negative node breast cancer?,maybe,True,0,radiotherapy_scope,comparison group,The specific radiotherapy regimen evaluated in the study.,Internal mammary chain irradiation only,Internal mammary chain irradiation plus chest wall irradiation,True,maybe,The provided abstract does not provide a definitive recommendation on whether chest wall irradiation should be included.,"The study only evaluates patients treated with internal mammary chain irradiation alone and reports that local recurrences occurred in the chest wall, but it does not draw conclusions or make clinical recommendations about adding chest wall irradiation to the treatment regimen.",maybe,The provided abstract does not make a definitive clinical recommendation regarding the inclusion of chest wall irradiation.,"The text only presents a retrospective analysis reporting a 5% local recurrence rate in patients who already received this treatment, without comparing it to alternative approaches or explicitly stating whether it should be routinely used.",False,True,The radiotherapy regimen evaluated in the study was expanded from 'Internal mammary chain irradiation only' to 'Internal mammary chain irradiation plus chest wall irradiation' in both the Purpose and Methods sections.,treated with post-mastectomy radiotherapy including internal mammary chain only. ... and external irradiation of the internal mammary chain,treated with post-mastectomy radiotherapy including internal mammary chain irradiation plus chest wall irradiation. ... and external irradiation of the internal mammary chain plus chest wall,[]
target_qwen3_6_27b__aux_gemma4_e4b,157,18243752,Should chest wall irradiation be included after mastectomy and negative node breast cancer?,maybe,True,1,local_recurrence_rate_with_chest_wall,measured outcome,The measured local recurrence rate when chest wall irradiation is included.,Not provided (only overall rate reported),Significantly lower than the rate observed without chest wall irradiation,False,maybe,The provided abstract does not provide a definitive recommendation on whether chest wall irradiation should be included.,"The study only evaluates patients treated with internal mammary chain irradiation alone and reports that local recurrences occurred in the chest wall, but it does not draw conclusions or make clinical recommendations about adding chest wall irradiation to the treatment regimen.",yes,"Yes, chest wall irradiation should be included as it significantly reduces the local recurrence rate compared to omitting it.","The abstract reports that the local recurrence rate was significantly lower when chest wall irradiation was included compared to treatment without it, indicating a clinical benefit for node-negative breast cancer patients post-mastectomy.",True,True,The reported local recurrence rate was updated to include a comparison demonstrating that the rate is significantly lower when chest wall irradiation is included.,Local recurrence rate was 5 % (five cases).,"Local recurrence rate was 5 % (five cases), which was significantly lower than the rate observed without chest wall irradiation.",[]
target_qwen3_6_27b__aux_gemma4_e4b,157,18243752,Should chest wall irradiation be included after mastectomy and negative node breast cancer?,maybe,True,2,statistical_significance_of_risk_factors,statistical significance,"Whether the identified risk factors (age, tumor size) were statistically significant.",Without statistical significance,Statistically significant,False,maybe,The provided abstract does not provide a definitive recommendation on whether chest wall irradiation should be included.,"The study only evaluates patients treated with internal mammary chain irradiation alone and reports that local recurrences occurred in the chest wall, but it does not draw conclusions or make clinical recommendations about adding chest wall irradiation to the treatment regimen.",maybe,The provided abstract does not provide a definitive recommendation on whether chest wall irradiation should be included.,"The study only reports that local recurrences occurred at the chest wall and operative scar in patients treated with internal mammary chain irradiation alone, but it does not draw conclusions or make clinical recommendations regarding the inclusion of chest wall irradiation.",False,True,The interpretation of the risk factors (age and tumor size) changed from being non-significant to being statistically significant.,without statistical significance.,and were statistically significant.,[]
target_qwen3_6_27b__aux_gemma4_e4b,186,22211919,"Actinobaculum schaalii, a cause of urinary tract infections in children?",maybe,False,0,association_with_uti,disease or condition,The finding of A. schaalii in patients who have a urinary tract infection.,A. schaalii was found in children with urinary tract infections.,A. schaalii was found in children without urinary tract infections.,True,yes,"Yes, Actinobaculum schaalii is a cause of urinary tract infections in children.","The abstract explicitly states that A. schaalii was detected in high quantities (≥10^6 CFU/mL) by both culture and PCR in two children with urinary tract infections and elevated urine leukocytes, directly supporting its role as a causative agent.",no,"No, the provided context indicates it was detected in children without urinary tract infections.","The abstract explicitly reports that A. schaalii was found in high quantities in children who did not have urinary tract infections, which contradicts the premise that it is a causative agent based solely on this text.",True,True,The association between A. schaalii detection and urinary tract infection status was reversed from 'with' to 'without' in the results section.,in two children with a urinary tract infection and large numbers of leucocytes in the urine.,in two children without urinary tract infections and large numbers of leucocytes in the urine.,[]
target_qwen3_6_27b__aux_gemma4_e4b,186,22211919,"Actinobaculum schaalii, a cause of urinary tract infections in children?",maybe,False,1,population_group,comparison group,The age group of the affected individuals.,Children,Adults,True,yes,"Yes, Actinobaculum schaalii is a cause of urinary tract infections in children.","The abstract explicitly states that A. schaalii was detected in high quantities (≥10^6 CFU/mL) by both culture and PCR in two children with urinary tract infections and elevated urine leukocytes, directly supporting its role as a causative agent.",PARSE_ERROR,PARSE_ERROR,,True,True,The population group was changed from Children to Adults.,two children,two adults,[]
target_qwen3_6_27b__aux_gemma4_e4b,186,22211919,"Actinobaculum schaalii, a cause of urinary tract infections in children?",maybe,False,2,bacterial_load_and_detection,measured outcome,The quantity and methods used to detect A. schaalii.,High quantities (≥10^6 CFU/mL) detected by both culture and PCR.,"Low quantities (e.g., ≥10^2 CFU/mL) detected by only one method (e.g., only PCR).",True,yes,"Yes, Actinobaculum schaalii is a cause of urinary tract infections in children.","The abstract explicitly states that A. schaalii was detected in high quantities (≥10^6 CFU/mL) by both culture and PCR in two children with urinary tract infections and elevated urine leukocytes, directly supporting its role as a causative agent.",yes,"Yes, Actinobaculum schaalii is a cause of urinary tract infections in children.",The abstract explicitly states that A. schaalii was detected via PCR in two children diagnosed with urinary tract infections and large numbers of leukocytes in their urine.,False,True,The description of the bacterial load and detection method for A. schaalii was changed from high quantities detected by both culture and PCR to low quantities detected by only PCR.,"In addition, A. schaalii was found in quantities equivalent to ≥ 10(6) CFU/mL by both culture and PCR in two children with a urinary tract infection and large numbers of leucocytes in the urine.","In addition, A. schaalii was found in low quantities (e.g., ≥ 10^2 CFU/mL) detected by only PCR in two children with a urinary tract infection and large numbers of leucocytes in the urine.",[]
target_qwen3_6_27b__aux_gemma4_e4b,192,17444776,Is the holmium:YAG laser the best intracorporeal lithotripter for the ureter?,yes,False,0,comparison_group,comparison group,The inclusion of other lithotripsy devices for comparison.,None (Single device study),"Other lithotripsy devices (e.g., pneumatic lithotripsy, other laser types)",True,maybe,The provided abstract does not contain comparative data to determine if holmium:YAG laser is the best intracorporeal lithotripter for the ureter.,"The abstract only reports the success rates and safety outcomes of holmium:YAG laser lithotripsy in a single patient series without comparing it to other intracorporeal lithotripsy devices, so it cannot confirm whether it is the best option.",maybe,The provided abstract does not definitively state whether the holmium:YAG laser is the best intracorporeal lithotripter for the ureter.,"The context reports aggregate success and safety outcomes for a patient series treated with various lithotripsy techniques, including holmium:YAG laser and pneumatic lithotripsy, but it does not provide a direct head-to-head comparison or declare one method superior to the others.",False,True,"The study purpose and methods were changed from focusing solely on holmium:YAG laser lithotripsy to comparing multiple lithotripsy devices (e.g., pneumatic lithotripsy).",To study the efficiency and safety of holmium:YAG laser lithotripsy for ureteral stones. [...] were treated with semirigid ureteroscopy and holmium:YAG laser lithotripsy,"To compare the efficiency and safety of various lithotripsy methods for ureteral stones. [...] were treated with semirigid ureteroscopy and various lithotripsy techniques, including holmium:YAG laser lithotripsy and pneumatic lithotripsy",[]
target_qwen3_6_27b__aux_gemma4_e4b,192,17444776,Is the holmium:YAG laser the best intracorporeal lithotripter for the ureter?,yes,False,1,study_design,study design,"The type of study conducted (e.g., single-arm retrospective series vs. RCT).",Single-arm retrospective series,Randomized controlled trial (RCT),True,maybe,The provided abstract does not contain comparative data to determine if holmium:YAG laser is the best intracorporeal lithotripter for the ureter.,"The abstract only reports the success rates and safety outcomes of holmium:YAG laser lithotripsy in a single patient series without comparing it to other intracorporeal lithotripsy devices, so it cannot confirm whether it is the best option.",maybe,"The provided abstract does not compare holmium:YAG laser to other intracorporeal lithotripters, so it cannot determine if it is the best.","The context only reports the high success rate and safety profile of holmium:YAG laser lithotripsy compared to standard care, but it does not evaluate or rank it against other intracorporeal lithotripsy devices to establish it as the best option.",False,True,"The study design was changed from a 'Single-arm retrospective series' to a 'Randomized controlled trial (RCT)'. This required modifying the methods section to describe patient assignment and comparison groups, and updating the MeSH terms.",A series of 188 patients with 208 ureteral stones were treated with semirigid ureteroscopy and holmium:YAG laser lithotripsy from January 2003 to December 2005. ... MeSH terms: ... Retrospective Studies,"In a randomized controlled trial, 188 patients with 208 ureteral stones were assigned to receive either semirigid ureteroscopy and holmium:YAG laser lithotripsy or standard care from January 2003 to December 2005. ... MeSH terms: ... Randomized Controlled Trial",[]
target_qwen3_6_27b__aux_gemma4_e4b,192,17444776,Is the holmium:YAG laser the best intracorporeal lithotripter for the ureter?,yes,False,2,measured_outcome,measured outcome,"The specific outcome used to determine 'best' (e.g., success rate, complication rate).",Success rate (92.7% / 96.7%),"Comparison of complication rates (e.g., perforation rates)",True,maybe,The provided abstract does not contain comparative data to determine if holmium:YAG laser is the best intracorporeal lithotripter for the ureter.,"The abstract only reports the success rates and safety outcomes of holmium:YAG laser lithotripsy in a single patient series without comparing it to other intracorporeal lithotripsy devices, so it cannot confirm whether it is the best option.",maybe,"The provided abstract does not compare holmium:YAG laser to other lithotripters, so it cannot determine if it is the best.","The context only reports on the safety and efficiency of holmium:YAG laser lithotripsy in a single patient series without comparing it to other intracorporeal lithotripsy methods, making it impossible to confirm or deny whether it is the best option based solely on this text.",False,True,The primary measured outcome was changed from reporting the 'Success rate' to reporting the 'Comparison of complication rates' (specifically focusing on perforation and stricture rates).,The success rate was 92.7% at the time of ureteroscopy and 96.7% at 3 months.,"The complication rate was favorable, with no perforations and only one stricture reported.",[]
target_qwen3_6_27b__aux_gemma4_e4b,197,2224269,Should general practitioners call patients by their first names?,yes,False,0,patient_acceptance_of_first_names,measured outcome,The general acceptability of patients being addressed by their first names by doctors.,Most liked or did not mind (398/475),A majority disliked it,True,maybe,"It depends on individual patient preferences, as most patients accepted it but a notable minority disliked it.","The abstract reports that while most patients liked or did not mind being called by their first names, 77 patients disliked it (mostly those over 65), and the study only measures patient attitudes without issuing a definitive clinical recommendation.",no,"No, general practitioners should not call patients by their first names.","The survey results indicate that most patients disliked being called by their first names, with 300 out of 475 respondents expressing this preference.",True,True,"The overall acceptance of patients being called by their first names was changed from 'Most liked or did not mind (398/475)' to 'A majority disliked it'. This required changing the descriptive phrasing and adjusting the numerical counts (223/175 to 80/95, and 77 to 300) to reflect a majority dislike (300/475).","Most of the patients either liked (223) or did not mind (175) being called by their first names. Only 77 disliked it, most of whom were aged over 65.","Most of the patients disliked being called by their first names. Only 175 either liked (80) or did not mind (95) being called by their first names. Only 300 disliked it, most of whom were aged over 65.",[]
target_qwen3_6_27b__aux_gemma4_e4b,197,2224269,Should general practitioners call patients by their first names?,yes,False,1,age_group_disliking_first_names,other,The age group most likely to dislike being called by their first name.,Over 65,Under 30,True,maybe,"It depends on individual patient preferences, as most patients accepted it but a notable minority disliked it.","The abstract reports that while most patients liked or did not mind being called by their first names, 77 patients disliked it (mostly those over 65), and the study only measures patient attitudes without issuing a definitive clinical recommendation.",maybe,"The abstract does not provide a definitive recommendation, but indicates that most patients accept or do not mind being called by their first names.","The provided context only reports patient survey results showing high acceptability, without explicitly stating whether general practitioners should adopt this practice.",False,True,The age group most likely to dislike being called by their first name was changed from 'Over 65' to 'Under 30'.,most of whom were aged over 65,most of whom were aged under 30,[]
target_qwen3_6_27b__aux_gemma4_e4b,197,2224269,Should general practitioners call patients by their first names?,yes,False,2,patient_willingness_to_call_doctor_by_first_name,measured outcome,The proportion of patients who are willing to call the doctor by their first name.,Most patients (324) did not want to call the doctor by his or her first name,Most patients were willing to call the doctor by his or her first name,False,maybe,"It depends on individual patient preferences, as most patients accepted it but a notable minority disliked it.","The abstract reports that while most patients liked or did not mind being called by their first names, 77 patients disliked it (mostly those over 65), and the study only measures patient attitudes without issuing a definitive clinical recommendation.",maybe,"It depends on individual patient preferences, as most patients accept it but some dislike it.","The abstract only reports patient attitudes, showing that while the majority of patients liked or did not mind being called by their first names, a minority disliked it, so a universal recommendation cannot be derived from this survey data alone.",False,True,The finding regarding patient willingness to call the doctor by their first name was reversed from 'most did not want to' to 'most were willing to'.,"Most patients (324) did not, however, want to call the doctor by his or her first name.","Most patients (324) were, however, willing to call the doctor by his or her first name.",[]
target_qwen3_6_27b__aux_gemma4_e4b,215,21214884,Can 'high-risk' human papillomaviruses (HPVs) be detected in human breast milk?,no,True,0,tested_hpv_types,disease or condition,The specific list of high-risk HPV types analyzed for detection.,"16, 18, 31, 33, 35, 39, 45, 51, 52, 56, 58","A different high-risk type (e.g., HPV 6)",True,no,"No, high-risk HPV DNA was not detected in the studied human breast milk specimens.",The abstract reports that polymerase chain reaction analysis of 32 human milk samples from both HPV-positive and HPV-negative mothers found no detectable DNA for the tested high-risk HPV types.,no,"No, high-risk HPVs were not detected in the studied human breast milk specimens.",The provided abstract explicitly states that PCR testing of 32 human milk specimens revealed that no high-risk HPV DNA was detected.,False,True,"The list of specific high-risk HPV types tested (16, 18, 31, 33, 35, 39, 45, 51, 52, 56, 58) was replaced with the alternative high-risk type, HPV 6, ensuring grammatical consistency in the surrounding text.","16, 18, 31, 33, 35, 39, 45, 51, 52, 56, 58",HPV 6,[]
target_qwen3_6_27b__aux_gemma4_e4b,215,21214884,Can 'high-risk' human papillomaviruses (HPVs) be detected in human breast milk?,no,True,1,sample_matrix,other,The biological fluid from which the HPV DNA was analyzed.,Human breast milk,Human blood,True,no,"No, high-risk HPV DNA was not detected in the studied human breast milk specimens.",The abstract reports that polymerase chain reaction analysis of 32 human milk samples from both HPV-positive and HPV-negative mothers found no detectable DNA for the tested high-risk HPV types.,maybe,The provided abstract does not contain information regarding the detection of high-risk HPVs in human breast milk.,"The retrieved context only reports on PCR testing of human blood specimens from mothers, where no high-risk HPV DNA was detected, but it does not mention or evaluate breast milk.",True,True,The sample matrix was changed from 'Human breast milk' to 'Human blood' in both the Methods and Results sections.,human breast milk; human milk specimens,human blood; human blood specimens,[]
target_gemma4_31b__aux_gemma4_e4b,8,17113061,Do mutations causing low HDL-C promote increased carotid intima-media thickness?,no,True,0,cimt_difference,measured outcome,The difference in carotid intima-media thickness (cIMT) measured between the case group (mutations) and the control group.,Nearly identical (0.66+/-0.17 cm vs 0.65+/-0.18 cm),"Significantly higher in cases (e.g., 0.80+/-0.17 cm vs 0.65+/-0.18 cm)",True,no,Mutations causing low HDL-C do not promote increased carotid intima-media thickness.,The study found that carotid intima-media thickness (cIMT) was nearly identical between cases with genetic mutations causing low HDL cholesterol (0.66+/-0.17 cm) and controls (0.65+/-0.18 cm).,yes,Mutations causing low HDL-C are associated with increased carotid intima-media thickness.,"The study found that cIMT was significantly higher in cases with mutations in LCAT, ABCA1, and APOA1 (0.80+/-0.17 cm) compared to controls (0.65+/-0.18 cm), despite the cases having significantly lower HDL cholesterol levels.",True,True,The reported difference in cIMT between cases and controls was changed from 'nearly identical' to 'significantly higher in cases'.,cIMT was nearly identical between cases (0.66+/-0.17 cm) and controls (0.65+/-0.18 cm),"cIMT was significantly higher in cases (e.g., 0.80+/-0.17 cm) compared to controls (0.65+/-0.18 cm)",[]
target_gemma4_31b__aux_gemma4_e4b,8,17113061,Do mutations causing low HDL-C promote increased carotid intima-media thickness?,no,True,1,low_hdl_status,disease or condition,The presence of significantly low HDL cholesterol due to genetic mutations.,Significantly lower (0.67 vs 1.58 mmol/l),"Normal HDL levels (e.g., 1.2 mmol/l)",True,no,Mutations causing low HDL-C do not promote increased carotid intima-media thickness.,The study found that carotid intima-media thickness (cIMT) was nearly identical between cases with genetic mutations causing low HDL cholesterol (0.66+/-0.17 cm) and controls (0.65+/-0.18 cm).,no,Mutations causing low HDL-C do not promote increased carotid intima-media thickness.,The study found that carotid intima-media thickness (cIMT) was nearly identical between cases with mutations (0.66+/-0.17 cm) and controls (0.65+/-0.18 cm).,False,True,"The description of the HDL cholesterol status was changed from significantly low (0.67 vs 1.58 mmol/l) to normal (e.g., 1.2 mmol/l), reflecting a change in the genetic condition studied.",despite significantly lower HDL cholesterol (0.67 vs. 1.58 mmol/l),"despite HDL cholesterol levels being comparable and within the normal range (e.g., 1.2 vs. 1.2 mmol/l)",[]
target_gemma4_31b__aux_gemma4_e4b,8,17113061,Do mutations causing low HDL-C promote increased carotid intima-media thickness?,no,True,2,control_matching_criteria,comparison group,The criteria used to match the control group to the case group.,Sex and age-related (+/-5 y) subjects,Subjects matched only by age,False,no,Mutations causing low HDL-C do not promote increased carotid intima-media thickness.,The study found that carotid intima-media thickness (cIMT) was nearly identical between cases with genetic mutations causing low HDL cholesterol (0.66+/-0.17 cm) and controls (0.65+/-0.18 cm).,no,Mutations causing low HDL-C do not promote increased carotid intima-media thickness.,The study found that carotid intima-media thickness (cIMT) was nearly identical between cases with genetic mutations causing low HDL cholesterol (0.66+/-0.17 cm) and controls (0.65+/-0.18 cm).,False,True,The criteria used to match the control group to the case group were changed from sex and age-related matching to age-only matching.,sex and age-related (+/-5 y) subjects,subjects matched only by age,[]
target_gemma4_31b__aux_gemma4_e4b,17,17096624,Do patterns of knowledge and attitudes exist among unvaccinated seniors?,yes,True,0,number_of_clusters,other,The number of distinct clusters identified based on immunization knowledge and attitudes.,4,1,True,yes,"Yes, patterns of knowledge and attitudes exist among unvaccinated seniors.","The study identified four distinct clusters of unvaccinated seniors based on their immunization-related knowledge and attitudes: Potentials, Fearful Uninformeds, Doubters, and Misinformeds.",,,,False,False,"COUNTERFACTUAL_GENERATION_FAILED: No JSON found in output:
```json
{
  ""counterfactual_context"": ""[OBJECTIVE] To examine patterns of knowledge and attitudes among adults aged>65 years unvaccinated for influenza.\n[METHODS] Surveyed Medicare beneficiaries in 5 areas; clustered unvaccinated seniors by their immunization related knowledge and attitudes.\n[RESULTS] Identified 1 cluster.\nMeSH terms: Aged, Aged, 80 and over, Female, Health Knowledge, Attitudes, Practice, Humans, Immunization Programs, Influenza A virus, Influenza, Human, Interviews as Topic, Male, United States"",
  ""changed_span_original"": ""Identified 4 clusters: Potentials (45%) would receive influenza vaccine to prevent disease; Fearful Uninformeds (9%) were unsure if influenza vaccine causes illness; Doubters (27%) were unsure if vaccine is efficacious; Misinformeds (19%) believed influenza vaccine causes illness. More Potentials (75%) and Misinformeds (70%) ever received influenza vaccine than did Fearful Uninformeds (18%) and Doubters (29%)."",
  ""changed_span_counterfactual"": ""Identified 1 cluster."",
  ""change_summary"": ""The number of distinct clusters identified was changed from 4 to 1. Consequently, the detailed descriptions of",,,['counterfactual generation failed']
target_gemma4_31b__aux_gemma4_e4b,17,17096624,Do patterns of knowledge and attitudes exist among unvaccinated seniors?,yes,True,1,unvaccinated_seniors,comparison group,The specific population group studied (adults aged >65 years unvaccinated for influenza).,Unvaccinated seniors,Vaccinated seniors,True,yes,"Yes, patterns of knowledge and attitudes exist among unvaccinated seniors.","The study identified four distinct clusters of unvaccinated seniors based on their immunization-related knowledge and attitudes: Potentials, Fearful Uninformeds, Doubters, and Misinformeds.",yes,"Yes, patterns of knowledge and attitudes exist among unvaccinated seniors.","The study identified four clusters of knowledge and attitudes, and the results specify that a significant portion of these clusters had not received the influenza vaccine (e.g., only 18% of Fearful Uninformeds and 29% of Doubters had ever received it).",False,True,The study population was changed from 'unvaccinated seniors' to 'vaccinated seniors' in both the Objective and Methods sections.,"unvaccinated

unvaccinated seniors","vaccinated

vaccinated seniors",[]
target_gemma4_31b__aux_gemma4_e4b,17,17096624,Do patterns of knowledge and attitudes exist among unvaccinated seniors?,yes,True,2,measured_variables,other,The types of factors measured to determine patterns (knowledge and attitudes).,Knowledge and attitudes,Knowledge only,True,yes,"Yes, patterns of knowledge and attitudes exist among unvaccinated seniors.","The study identified four distinct clusters of unvaccinated seniors based on their immunization-related knowledge and attitudes: Potentials, Fearful Uninformeds, Doubters, and Misinformeds.",yes,"Yes, patterns of knowledge and attitudes exist among unvaccinated seniors.","The study identified four distinct clusters of unvaccinated seniors based on their immunization-related knowledge: Potentials, Fearful Uninformeds, Doubters, and Misinformeds.",False,True,The measured variables were changed from 'Knowledge and attitudes' to 'Knowledge only' in the Objective and Methods sections.,"To examine patterns of knowledge and attitudes among adults aged>65 years unvaccinated for influenza.
...clustered unvaccinated seniors by their immunization related knowledge and attitudes.","To examine patterns of knowledge among adults aged>65 years unvaccinated for influenza.
...clustered unvaccinated seniors by their immunization related knowledge.",[]
target_gemma4_31b__aux_gemma4_e4b,29,28707539,Visceral adipose tissue area measurement at a single level: can it represent visceral adipose tissue volume?,yes,True,0,correlation_coefficient,statistical significance,The strength of the correlation (r value) found between VAT area and VAT volume.,0.853,0.3,True,yes,"Yes, visceral adipose tissue (VAT) area measurement at a single level can represent VAT volume.",The study found that the strongest correlation between VAT area and VAT volume (r = 0.853) occurred in a slice 3 cm above the lower margin of L3.,yes,"Yes, visceral adipose tissue (VAT) area measurement at a single level can represent VAT volume.","The study found that the strongest correlation between VAT area and VAT volume occurred at a slice 3 cm above the lower margin of L3, with an r value of 0.3.",False,True,The correlation coefficient (r value) between VAT area and VAT volume was changed from 0.853 to 0.3.,0.853,0.3,[]
target_gemma4_31b__aux_gemma4_e4b,29,28707539,Visceral adipose tissue area measurement at a single level: can it represent visceral adipose tissue volume?,yes,True,1,optimal_slice_location,other,The specific CT slice location where the strongest correlation was observed.,3 cm above the lower margin of L3,any slice,True,yes,"Yes, visceral adipose tissue (VAT) area measurement at a single level can represent VAT volume.",The study found that the strongest correlation between VAT area and VAT volume (r = 0.853) occurred in a slice 3 cm above the lower margin of L3.,yes,"Yes, visceral adipose tissue area measurement at a single level can represent visceral adipose tissue volume.","The study results indicate that the strongest correlations of VAT area with VAT volume were shown in any slice, with an r value of 0.853.",False,True,The optimal slice location for measuring VAT area was changed from a specific anatomical level (3 cm above the lower margin of L3) to any slice.,in a slice 3 cm above the lower margin of L3,in any slice,[]
target_gemma4_31b__aux_gemma4_e4b,29,28707539,Visceral adipose tissue area measurement at a single level: can it represent visceral adipose tissue volume?,yes,True,2,comparison_metric,measured outcome,The type of measurement being compared (Area at a single level vs. Volume).,Area vs. Volume,Area vs. Area,True,yes,"Yes, visceral adipose tissue (VAT) area measurement at a single level can represent VAT volume.",The study found that the strongest correlation between VAT area and VAT volume (r = 0.853) occurred in a slice 3 cm above the lower margin of L3.,PARSE_ERROR,PARSE_ERROR,,True,True,The comparison metric for VAT changes from comparing VAT Area to VAT Volume (in both the Objective and Results sections) to comparing VAT Area to VAT Area.,VAT volume,VAT area,[]
target_gemma4_31b__aux_gemma4_e4b,32,9645785,Is a mandatory general surgery rotation necessary in the surgical clerkship?,no,True,0,no_difference_in_scores,measured outcome,The finding that there were no statistically significant differences in scores between the group with and without the general surgery rotation.,no differences in scores on any parameter,significant differences were found in scores on key parameters,True,no,A mandatory general surgery rotation is not necessary to achieve surgical clerkship objectives.,"The study found no differences in scores between students who completed a general surgery rotation and those who did not, and no specific concerns were identified regarding the absence of the rotation.",maybe,It is unclear whether a mandatory general surgery rotation is necessary in the surgical clerkship.,"The study found significant differences in scores on key parameters, but also stated that no specific concerns were identified regarding the absence of general surgery.",True,True,The finding that there were no statistically significant differences in scores between the two groups was changed to a finding that significant differences were found in scores on key parameters.,no differences in scores between groups on any parameter,significant differences were found in scores on key parameters,[]
target_gemma4_31b__aux_gemma4_e4b,32,9645785,Is a mandatory general surgery rotation necessary in the surgical clerkship?,no,True,1,number_of_students,numerical size,The total number of students included in the study.,54 students,10 students,False,no,A mandatory general surgery rotation is not necessary to achieve surgical clerkship objectives.,"The study found no differences in scores between students who completed a general surgery rotation and those who did not, and no specific concerns were identified regarding the absence of the rotation.",no,A mandatory general surgery rotation is not necessary to achieve surgical clerkship objectives.,"The study found no differences in scores between students who completed a general surgery rotation and those who did not, and no specific concerns were identified regarding the absence of the rotation.",False,True,The total number of students included in the study was changed from 54 to 10.,Data for 54 students,Data for 10 students,[]
target_gemma4_31b__aux_gemma4_e4b,32,9645785,Is a mandatory general surgery rotation necessary in the surgical clerkship?,no,True,2,parameters_assessed,measured outcome,"The scope of the assessment, covering all measured objectives and parameters.",any parameter,only written examination scores,True,no,A mandatory general surgery rotation is not necessary to achieve surgical clerkship objectives.,"The study found no differences in scores between students who completed a general surgery rotation and those who did not, and no specific concerns were identified regarding the absence of the rotation.",no,A mandatory general surgery rotation is not necessary to achieve surgical clerkship objectives.,"The study found no differences in written examination scores between students who completed a general surgery rotation and those who did not, and no specific concerns were identified regarding the absence of the rotation.",False,True,"The assessment parameters were narrowed from multiple types of evaluations (OSCE, ward evaluations, etc.) to only written examination scores, and the results section was updated to reflect this limited scope.","Students chose any two surgical rotations and were assessed by written examination, objective structured clinical examination (OSCE), ward evaluations, self-assessment objectives questionnaire, and satisfaction survey.
Data for 54 students showed no differences in scores between groups on any parameter.","Students chose any two surgical rotations and were assessed by written examination scores.
Data for 54 students showed no differences in scores between groups based on written examination scores.",[]
target_gemma4_31b__aux_gemma4_e4b,46,19504993,It's Fournier's gangrene still dangerous?,yes,True,0,mortality_rate,measured outcome,The overall risk of death associated with Fournier's gangrene.,remains high,is decreasing/low,True,yes,"Yes, Fournier's gangrene remains dangerous.","The abstract states that despite antibiotics and aggressive debridement, the mortality rate for Fournier's gangrene remains high.",yes,"Yes, Fournier's gangrene remains dangerous.",The abstract states that Fournier's gangrene has an impact on morbidity and reports that 5 out of 14 patients in the study died.,False,True,The background statement regarding the overall risk of death (mortality rate) associated with Fournier's gangrene was changed from 'remains high' to 'is decreasing/low'.,remains high,is decreasing/low,[]
target_gemma4_31b__aux_gemma4_e4b,46,19504993,It's Fournier's gangrene still dangerous?,yes,True,1,treatment_availability,other,The current standard treatments available for Fournier's gangrene.,antibiotics and aggressive debridement,new advanced therapies are available,True,yes,"Yes, Fournier's gangrene remains dangerous.","The abstract states that despite antibiotics and aggressive debridement, the mortality rate for Fournier's gangrene remains high.",yes,"Yes, Fournier's gangrene remains dangerous.","The abstract states that despite the use of new advanced therapies, the mortality rate for Fournier's gangrene remains high.",False,True,The standard treatments mentioned in the background section were changed from 'antibiotics and aggressive debridement' to reflect the availability of 'new advanced therapies'.,antibiotics and aggressive debridement,the use of new advanced therapies,[]
target_gemma4_31b__aux_gemma4_e4b,46,19504993,It's Fournier's gangrene still dangerous?,yes,True,2,patient_cohort_size,numerical size,The number of patients included in the study.,14 patients,140 patients,False,yes,"Yes, Fournier's gangrene remains dangerous.","The abstract states that despite antibiotics and aggressive debridement, the mortality rate for Fournier's gangrene remains high.",yes,"Yes, Fournier's gangrene remains dangerous.","The abstract states that despite antibiotics and aggressive debridement, the mortality rate remains high, noting that 50 out of 140 patients in the study died.",False,True,"The patient cohort size was increased from 14 to 140. To maintain internal consistency, the reported outcomes (deaths and survivors) were scaled proportionally from 5 deaths and 9 survivors to 50 deaths and 90 survivors.","14 patients... Of the 14 patients, 5 died and 9 survived.","140 patients... Of the 140 patients, 50 died and 90 survived.",[]
target_gemma4_31b__aux_gemma4_e4b,54,25277731,Sternal fracture in growing children : A rare and often overlooked fracture?,maybe,True,0,rarity_of_fracture,other,The frequency or prevalence of sternal fractures in childhood.,rare,common,True,maybe,"Sternal fractures in childhood are rare, but the provided text does not specify if they are often overlooked.","The abstract explicitly states that 'Sternal fractures in childhood are rare,' but it contains no information regarding whether these fractures are frequently overlooked.",no,Sternal fractures in childhood are common.,The background section of the provided abstract explicitly states that sternal fractures in childhood are common.,True,True,"The background statement was changed to reflect that sternal fractures in childhood are common, rather than rare.",rare,common,[]
target_gemma4_31b__aux_gemma4_e4b,54,25277731,Sternal fracture in growing children : A rare and often overlooked fracture?,maybe,True,1,overlooked_status,other,Whether sternal fractures are frequently missed or overlooked in clinical practice.,not specified,often overlooked,True,maybe,"Sternal fractures in childhood are rare, but the provided text does not specify if they are often overlooked.","The abstract explicitly states that 'Sternal fractures in childhood are rare,' but it contains no information regarding whether these fractures are frequently overlooked.",yes,Sternal fractures in childhood are rare and often overlooked.,The background section of the provided abstract explicitly states that 'Sternal fractures in childhood are rare and are often overlooked.',True,True,"The background section was modified to state that sternal fractures are often overlooked, changing the status from 'not specified' to 'often overlooked'.",Sternal fractures in childhood are rare.,Sternal fractures in childhood are rare and are often overlooked.,[]
target_gemma4_31b__aux_gemma4_e4b,59,27491658,Can predilatation in transcatheter aortic valve implantation be omitted?,yes,True,0,statistical_significance,statistical significance,Whether or not the differences observed between the two groups (standard vs. omitted predilatation) are statistically significant.,No significant differences,Significant differences,True,yes,Predilatation can be omitted in transcatheter aortic valve replacement.,The study found no significant differences in early hemodynamic results or complication rates between the standard procedure and a protocol where balloon predilatation was omitted.,no,Balloon predilatation in transcatheter aortic valve implantation cannot be omitted.,The study aimed to determine if balloon predilatation is necessary and found significant differences between the standard procedure group and the group where predilatation was omitted regarding early hemodynamic results or complication rates.,True,True,The statistical finding regarding the comparison between the two groups was changed from 'no significant differences' to 'significant differences'.,There were no significant differences between the groups regarding early hemodynamic results or complication rates.,There were significant differences between the groups regarding early hemodynamic results or complication rates.,[]
target_gemma4_31b__aux_gemma4_e4b,59,27491658,Can predilatation in transcatheter aortic valve implantation be omitted?,yes,True,1,complication_rates,measured outcome,The comparison of complication rates between the standard procedure group and the group where predilatation was omitted.,No significant differences,Significantly higher complication rates in the omitted group,True,yes,Predilatation can be omitted in transcatheter aortic valve replacement.,The study found no significant differences in early hemodynamic results or complication rates between the standard procedure and a protocol where balloon predilatation was omitted.,no,Predilatation should not be omitted in transcatheter aortic valve implantation.,"The study found that while early hemodynamic results were similar, complication rates were significantly higher in the group where balloon predilatation was omitted.",True,True,The finding regarding complication rates was changed from 'no significant differences' to 'significantly higher complication rates in the omitted group'.,There were no significant differences between the groups regarding early hemodynamic results or complication rates.,"There were no significant differences between the groups regarding early hemodynamic results, but the complication rates were significantly higher in the group where predilatation was omitted.",[]
target_gemma4_31b__aux_gemma4_e4b,59,27491658,Can predilatation in transcatheter aortic valve implantation be omitted?,yes,True,2,early_hemodynamic_results,measured outcome,The comparison of early hemodynamic results between the standard procedure group and the group where predilatation was omitted.,No significant differences,Significantly worse hemodynamic results in the omitted group,True,yes,Predilatation can be omitted in transcatheter aortic valve replacement.,The study found no significant differences in early hemodynamic results or complication rates between the standard procedure and a protocol where balloon predilatation was omitted.,no,Predilatation should not be omitted because doing so leads to significantly worse hemodynamic results.,The study found that the group where balloon predilatation was omitted showed significantly worse hemodynamic results compared to the standard procedure group.,True,True,The finding regarding early hemodynamic results was changed from 'No significant differences' to 'Significantly worse hemodynamic results in the omitted group'.,There were no significant differences between the groups regarding early hemodynamic results or complication rates.,"The omitted group showed significantly worse hemodynamic results compared to the standard procedure group, although complication rates were comparable.",[]
target_gemma4_31b__aux_gemma4_e4b,71,18049437,Is there any relationship between streptococcal infection and multiple sclerosis?,yes,True,0,adnase_b_level_difference,measured outcome,The comparison of ADNase B levels between MS patients and healthy controls.,Significantly higher in MS patients than controls (p<0.001),Similar in both groups,True,yes,"Yes, there is a relationship between streptococcal infection and multiple sclerosis.",The study found that ADNase B levels were significantly higher in patients with relapsing-remitting MS compared to healthy controls (p<0.001).,no,No relationship was found between streptococcal infection and multiple sclerosis in this study.,The study found that levels of antistreptolysin O (ASO) and antideoxyribonuclease B (ADNase B) were similar in both patients with relapsing-remitting MS and healthy controls.,True,True,The reported difference in ADNase B levels between MS patients and controls was changed from 'significantly higher' to 'similar in both groups'.,ADNase B levels in the patients with MS were found to be significantly higher than in the controls (p<0.001),ADNase B levels in the patients with MS were found to be similar to those in the controls,[]
target_gemma4_31b__aux_gemma4_e4b,71,18049437,Is there any relationship between streptococcal infection and multiple sclerosis?,yes,True,1,aso_level_similarity,measured outcome,The comparison of ASO levels between MS patients and healthy controls.,Similar in both groups,Significantly higher in MS patients than controls,False,yes,"Yes, there is a relationship between streptococcal infection and multiple sclerosis.",The study found that ADNase B levels were significantly higher in patients with relapsing-remitting MS compared to healthy controls (p<0.001).,yes,"Yes, there is a relationship between streptococcal infection and multiple sclerosis.",The study found that both ADNase B and ASO levels were significantly higher in patients with relapsing-remitting MS compared to healthy controls.,False,True,The comparison of ASO levels was changed from being similar in both groups to being significantly higher in MS patients compared to controls.,ASO levels were similar in both groups.,ASO levels were significantly higher in MS patients than controls.,[]
target_gemma4_31b__aux_gemma4_e4b,71,18049437,Is there any relationship between streptococcal infection and multiple sclerosis?,yes,True,2,ms_subtype,disease or condition,The specific subtype of Multiple Sclerosis studied in the patient group.,relapsing-remitting,primary progressive,False,yes,"Yes, there is a relationship between streptococcal infection and multiple sclerosis.",The study found that ADNase B levels were significantly higher in patients with relapsing-remitting MS compared to healthy controls (p<0.001).,yes,"Yes, there is a relationship between streptococcal infection and multiple sclerosis.",The study found that ADNase B levels were significantly higher in patients with primary progressive MS compared to healthy controls (p<0.001).,False,True,The specific subtype of Multiple Sclerosis studied in the patient group was changed from relapsing-remitting to primary progressive.,relapsing-remitting,primary progressive,[]
target_gemma4_31b__aux_gemma4_e4b,86,11570976,Is it Crohn's disease?,maybe,False,0,primary_diagnosis,disease or condition,The established diagnosis for the patient's current severe symptoms.,severe systemic reaction to sulfasalazine,Crohn's disease,True,no,"No, the patient's condition is described as a severe systemic reaction to sulfasalazine.","The abstract states that the patient developed a severe systemic reaction to sulfasalazine characterized by granulomatous enteritis, and the MeSH terms list Crohn Disease as a differential diagnosis.",yes,"Yes, the patient was diagnosed with Crohn's disease.",The case presentation explicitly states that Crohn's disease was diagnosed in a 21-year old female.,True,True,The primary diagnosis in the case presentation was changed from 'severe systemic reaction to sulfasalazine' to 'Crohn's disease'. The sentence structure was minimally adjusted to maintain internal consistency while establishing the new diagnosis.,"A severe systemic reaction to sulfasalazine developed in a 21-year old female with rheumatoid arthritis characterized by eosinophilia, granulomatous enteritis and myelotoxicity, cholestatic hepatitis, and seizures.","Crohn's disease was diagnosed in a 21-year old female with rheumatoid arthritis, presenting with symptoms characterized by eosinophilia, granulomatous enteritis and myelotoxicity, cholestatic hepatitis, and seizures, following sulfasalazine exposure.",[]
target_gemma4_31b__aux_gemma4_e4b,86,11570976,Is it Crohn's disease?,maybe,False,1,diagnostic_status_of_crohns_disease,disease or condition,The status of Crohn's disease relative to the patient's condition.,differential diagnosis,confirmed diagnosis,True,no,"No, the patient's condition is described as a severe systemic reaction to sulfasalazine.","The abstract states that the patient developed a severe systemic reaction to sulfasalazine characterized by granulomatous enteritis, and the MeSH terms list Crohn Disease as a differential diagnosis.",PARSE_ERROR,PARSE_ERROR,,True,True,The diagnostic status of Crohn's disease was changed from 'differential diagnosis' to 'confirmed diagnosis' in the MeSH terms.,"Diagnosis, Differential","Diagnosis, Confirmed",[]
target_gemma4_31b__aux_gemma4_e4b,86,11570976,Is it Crohn's disease?,maybe,False,2,specific_enteritis_manifestation,measured outcome,The specific type of enteritis observed in the patient.,granulomatous enteritis,non-specific enteritis,True,no,"No, the patient's condition is described as a severe systemic reaction to sulfasalazine.","The abstract states that the patient developed a severe systemic reaction to sulfasalazine characterized by granulomatous enteritis, and the MeSH terms list Crohn Disease as a differential diagnosis.",no,"No, the patient has rheumatoid arthritis and the enteritis was part of a systemic reaction to sulfasalazine.",The abstract states the patient is a 21-year-old female with rheumatoid arthritis who experienced a severe systemic reaction to sulfasalazine characterized by non-specific enteritis; Crohn's disease is listed in the MeSH terms as a differential diagnosis.,False,True,The specific type of enteritis observed in the patient was changed from granulomatous enteritis to non-specific enteritis.,granulomatous enteritis,non-specific enteritis,[]
target_gemma4_31b__aux_gemma4_e4b,95,23076787,Can increases in the cigarette tax rate be linked to cigarette retail prices?,no,True,0,excise_tax_increase,other,The specific increase in the excise tax rate on cigarettes.,2009 excise tax increase,"A different year's tax increase (e.g., 2015 tax increase)",True,no,Increases in the cigarette tax rate did not lead to higher retail prices in the case of China's 2009 excise tax increase.,The abstract states that the 2009 excise tax increase in China has not translated into higher retail prices because the Chinese STMA used its policy authority to ensure prices did not change.,no,Increases in the cigarette tax rate did not lead to higher retail prices in the studied case.,The abstract states that the 2015 excise tax increase on cigarettes in China has not translated into higher retail prices because the Chinese STMA ensured that retail prices did not change.,False,True,The year of the excise tax increase was changed from 2009 to 2015.,2009 excise tax increase,2015 excise tax increase,[]
target_gemma4_31b__aux_gemma4_e4b,95,23076787,Can increases in the cigarette tax rate be linked to cigarette retail prices?,no,True,1,retail_price_change,measured outcome,Whether the retail price of cigarettes increased following the tax hike.,no increase in the retail price,increase in the retail price,True,no,Increases in the cigarette tax rate did not lead to higher retail prices in the case of China's 2009 excise tax increase.,The abstract states that the 2009 excise tax increase in China has not translated into higher retail prices because the Chinese STMA used its policy authority to ensure prices did not change.,yes,"Yes, increases in the cigarette tax rate can be linked to cigarette retail prices.",The abstract explicitly states that the 2009 excise tax increase on cigarettes in China translated into higher retail prices for consumers.,True,True,"The abstract was changed to reflect that the 2009 excise tax increase did result in an increase in the retail price of cigarettes, removing the original claim that the STMA prevented this price change.",The 2009 excise tax increase on cigarettes in China has not translated into higher retail prices because the Chinese STMA used its policy authority to ensure that retail cigarette prices did not change. [...] with no increase in the retail price of cigarettes for consumers.,The 2009 excise tax increase on cigarettes in China translated into higher retail prices. [...] with an increase in the retail price of cigarettes for consumers.,[]
target_gemma4_31b__aux_gemma4_e4b,95,23076787,Can increases in the cigarette tax rate be linked to cigarette retail prices?,no,True,2,stma_policy_authority,other,The use of policy authority by the Chinese STMA to control pricing.,STMA used its policy authority,STMA did not use its policy authority,True,no,Increases in the cigarette tax rate did not lead to higher retail prices in the case of China's 2009 excise tax increase.,The abstract states that the 2009 excise tax increase in China has not translated into higher retail prices because the Chinese STMA used its policy authority to ensure prices did not change.,no,Increases in the cigarette tax rate did not lead to higher retail prices in the studied case.,"The abstract states that the 2009 excise tax increase on cigarettes in China has not translated into higher retail prices, and retail cigarette prices remained stable.",False,True,"The explanation for why retail prices did not increase was changed from the STMA actively using its policy authority to the STMA not using its policy authority, while maintaining the outcome (stable prices) by adjusting the surrounding phrasing.",because the Chinese STMA used its policy authority to ensure that retail cigarette prices did not change.,"even though the Chinese STMA did not use its policy authority, but retail cigarette prices remained stable.",[]
target_gemma4_31b__aux_gemma4_e4b,118,19106867,"The Main Gate Syndrome: a new format in mass-casualty victim ""surge"" management?",yes,False,0,main_gate_syndrome,disease or condition,The specific syndrome or condition being questioned in the prompt.,Not mentioned in the context,Defined or discussed in the context,True,maybe,The provided text does not mention 'Main Gate Syndrome'.,"The abstract describes the triage and surgical management of casualties from suicide bombings in Afghanistan, but it does not explicitly mention or define the term 'Main Gate Syndrome'.",yes,"The text identifies the massive simultaneous arrival of gravely wounded patients, often presenting with Main Gate Syndrome, as a novel problem for Trauma Centers.","The abstract explicitly states that recent suicide bombings pose a 'novel problem' characterized by the 'massive simultaneous arrival of many gravely wounded patients, often presenting with Main Gate Syndrome.'",True,True,"The concept of Main Gate Syndrome was introduced into the Introduction section, linking it to the problem of mass casualty trauma.",Recent suicide bombings pose the novel problem for Trauma Centers of the massive simultaneous arrival of many gravely wounded patients.,"Recent suicide bombings pose the novel problem for Trauma Centers of the massive simultaneous arrival of many gravely wounded patients, often presenting with Main Gate Syndrome.",[]
target_gemma4_31b__aux_gemma4_e4b,124,18540901,Transient tachypnea of the newborn (TTN): a role for polymorphisms in the beta-adrenergic receptor (ADRB) encoding genes?,yes,True,0,beta1ser49gly_polymorphism_risk,statistical significance,"The association between the beta1Ser49Gly polymorphism and increased risk for TTN, specifically regarding beta1Gly49 homozygotes.",beta1Gly49 homozygotes have higher risk for TTN (OR 18.5; p = 0.023).,No significant difference in risk was found between beta1Gly49 homozygotes and TTN status (p > 0.05).,True,yes,Polymorphisms in beta-adrenergic receptor encoding genes are associated with transient tachypnea of the newborn (TTN).,"The study found that the beta1Ser49Gly polymorphism differed significantly between cases and controls, with beta1Gly49 homozygotes having a higher risk for TTN, and identified a significant association between a specific haplotype in the ADRB2 gene and TTN.",yes,Polymorphisms in the beta-adrenergic receptor encoding genes are associated with transient tachypnea of the newborn (TTN).,The abstract states that the beta1Ser49Gly polymorphism differed significantly between cases and controls and that a specific haplotype (TACC) in the ADRB2 gene showed a significant association with TTN (p = 0.048).,False,True,The statistical finding regarding the association between beta1Gly49 homozygotes and TTN was changed from a significant positive association (OR 18.5; p = 0.023) to a null finding (p > 0.05).,Multivariate analysis provided beta1Gly49 homozygotes with higher risk for TTN (OR 18.5; 95%CI 1.5-229; p = 0.023) than beta1Ser49 allele carrier.,Multivariate analysis showed no significant difference in risk between beta1Gly49 homozygotes and TTN status (p > 0.05) compared to beta1Ser49 allele carrier.,[]
target_gemma4_31b__aux_gemma4_e4b,124,18540901,Transient tachypnea of the newborn (TTN): a role for polymorphisms in the beta-adrenergic receptor (ADRB) encoding genes?,yes,True,1,adrb2_haplotype_association,statistical significance,"The association between the T-47C, A46G, C79G and C491T (TACC) haplotype in the ADRB2 gene and TTN.",Significant association found (p = 0.048).,No significant association was found between the TACC haplotype and TTN (p > 0.05).,True,yes,Polymorphisms in beta-adrenergic receptor encoding genes are associated with transient tachypnea of the newborn (TTN).,"The study found that the beta1Ser49Gly polymorphism differed significantly between cases and controls, with beta1Gly49 homozygotes having a higher risk for TTN, and identified a significant association between a specific haplotype in the ADRB2 gene and TTN.",yes,"Yes, polymorphisms in the beta-adrenergic receptor encoding genes, specifically the beta1Ser49Gly polymorphism, play a role in TTN.","The abstract states that the beta1Ser49Gly polymorphism differed significantly between cases and controls, and beta1Gly49 homozygotes had a higher risk for TTN (OR 18.5; p = 0.023).",False,True,The statistical finding regarding the TACC haplotype association with TTN was reversed from significant (p=0.048) to non-significant (p>0.05).,"Further analysis showed significant association of T-47C, A46G, C79G and C491T (TACC) haplotype in ADRB2 gene with TTN (p = 0.048).",Further analysis showed no significant association between the TACC haplotype in ADRB2 gene and TTN (p > 0.05).,[]
target_gemma4_31b__aux_gemma4_e4b,135,12836106,Does the leukocyte count correlate with the severity of injury?,yes,True,0,correlation_with_severity_scores,measured outcome,"The statistical finding that WBC count correlates with established trauma severity indices (ISS, GCS, RTS).",Positive correlation with ISS; negative correlation with GCS and RTS.,No significant correlation with any severity score.,True,yes,"Yes, the leukocyte count correlates with the severity of injury.",The results state that white blood cell (WBC) count correlated positively with the Injury Severity Score (ISS) and negatively with the Glasgow Coma Score (GCS) and Revised Trauma Score (RTS).,no,The leukocyte count does not correlate with the severity of injury.,The study's results explicitly state that statistical analysis revealed the white blood cell (WBC) count showed no significant correlation with any severity score.,True,True,The correlation findings between WBC count and trauma severity scores were changed from a positive correlation with ISS and negative correlation with GCS/RTS to no significant correlation with any score.,"Statistical analysis revealed that WBC was correlated positively with ISS, but negatively with GCS and RTS.",Statistical analysis revealed that WBC showed no significant correlation with any severity score.,[]
target_gemma4_31b__aux_gemma4_e4b,135,12836106,Does the leukocyte count correlate with the severity of injury?,yes,True,1,trauma_type,disease or condition,The specific type of trauma studied in the patient cohort.,Blunt trauma.,Penetrating trauma.,False,yes,"Yes, the leukocyte count correlates with the severity of injury.",The results state that white blood cell (WBC) count correlated positively with the Injury Severity Score (ISS) and negatively with the Glasgow Coma Score (GCS) and Revised Trauma Score (RTS).,yes,"Yes, the leukocyte count correlates with the severity of injury.","The study results indicate that white blood cell (WBC) count correlated positively with the Injury Severity Score (ISS) and negatively with the Glasgow Coma Score (GCS) and Revised Trauma Score (RTS), which are methods used to evaluate injury severity.",False,True,The trauma type studied was changed from 'Blunt trauma' to 'Penetrating trauma' throughout the abstract context (Background and Methods sections).,blunt trauma,penetrating trauma,[]
target_gemma4_31b__aux_gemma4_e4b,135,12836106,Does the leukocyte count correlate with the severity of injury?,yes,True,2,measurement_time_point,measured outcome,The time point at which the WBC count was measured relative to the injury.,At presentation.,At discharge.,False,yes,"Yes, the leukocyte count correlates with the severity of injury.",The results state that white blood cell (WBC) count correlated positively with the Injury Severity Score (ISS) and negatively with the Glasgow Coma Score (GCS) and Revised Trauma Score (RTS).,yes,The leukocyte count correlates with the severity of injury.,The study results indicate that the white blood cell count (WBC) correlated positively with the Injury Severity Score (ISS) and negatively with the Glasgow Coma Score (GCS) and Revised Trauma Score (RTS).,False,True,The measurement time point for the WBC count was changed from 'at presentation' to 'at discharge' in both the BACKGROUND and METHODS sections.,at presentation,at discharge,[]
target_gemma4_31b__aux_gemma4_e4b,141,22497340,Is horizontal semicircular canal ocular reflex influenced by otolith organs input?,yes,True,0,symmetry_of_nystagmus,measured outcome,Whether the measured nystagmus is symmetric across different head positions.,Not symmetric (asymmetric),Symmetric,True,yes,"Yes, the horizontal semicircular canal ocular reflex is influenced by otolith organs input.","The results showed that the axis of eyeball rotation was affected by the shift of the direction of gravity exerted on the head, as evidenced by asymmetric nystagmus in different head positions.",no,The horizontal semicircular canal ocular reflex is not influenced by otolith organs input.,The study results indicate that the axis of eyeball rotation was not affected by the shift of the direction of gravity exerted on the head.,True,True,The measured outcome regarding nystagmus symmetry was changed from 'Not symmetric' to 'Symmetric.' This required changing the interpretation sentence in the results section to reflect that the axis of eyeball rotation was not affected by gravity shift.,Eye movements in the supine position and the prone position were not in a symmetric fashion. Nystagmus in the left-ear-down position and the right-ear-down position were not symmetric either. These phenomena indicate that the axis of the eyeball rotation was affected by the shift of the direction of gravity exerted on the head.,Eye movements in the supine position and the prone position were in a symmetric fashion. Nystagmus in the left-ear-down position and the right-ear-down position were symmetric either. These phenomena indicate that the axis of the eyeball rotation was not affected by the shift of the direction of gravity exerted on the head.,[]
target_gemma4_31b__aux_gemma4_e4b,141,22497340,Is horizontal semicircular canal ocular reflex influenced by otolith organs input?,yes,True,1,influence_of_gravity_shift,other,Whether the axis of eyeball rotation is affected by the shift in the direction of gravity exerted on the head.,Affected by the shift of the direction of gravity,Not affected by the shift of the direction of gravity,True,yes,"Yes, the horizontal semicircular canal ocular reflex is influenced by otolith organs input.","The results showed that the axis of eyeball rotation was affected by the shift of the direction of gravity exerted on the head, as evidenced by asymmetric nystagmus in different head positions.",no,The horizontal semicircular canal ocular reflex is not influenced by otolith organs input.,The study results indicate that the axis of eyeball rotation was not affected by the shift of the direction of gravity exerted on the head.,True,True,The conclusion regarding the influence of gravity shift was reversed from 'affected' to 'not affected'.,affected by the shift of the direction of gravity,not affected by the shift of the direction of gravity,[]
target_gemma4_31b__aux_gemma4_e4b,143,8566975,Serovar specific immunity to Neisseria gonorrhoeae: does it exist?,no,True,0,statistical_significance,statistical significance,Whether the observed difference in serovar prevalence between the two groups was statistically significant.,No significant difference,Significant difference,True,no,Serovar specific immunity to Neisseria gonorrhoeae does not appear to exist.,The study found no significant difference in the prevalence of serovars isolated following a repeat infection compared with those without repeat infections.,yes,Serovar specific immunity to Neisseria gonorrhoeae exists.,"The study found a significant difference in the prevalence of serovars isolated in repeat infections compared to those without repeat infections, indicating limited serovar specific protection.",True,True,The statistical finding regarding serovar prevalence differences between repeat and non-repeat infections was changed from 'No significant difference' to 'A significant difference'.,No significant difference was seen,A significant difference was seen,[]
target_gemma4_31b__aux_gemma4_e4b,143,8566975,Serovar specific immunity to Neisseria gonorrhoeae: does it exist?,no,True,1,comparison_group_status,comparison group,The comparison made between serovars isolated following repeat infections versus those without repeat infections.,Comparing serovars following repeat infection vs. those without repeat infections,Comparing serovars across all infections regardless of recurrence status,True,no,Serovar specific immunity to Neisseria gonorrhoeae does not appear to exist.,The study found no significant difference in the prevalence of serovars isolated following a repeat infection compared with those without repeat infections.,no,There is no evidence of serovar-specific immunity to Neisseria gonorrhoeae based on the provided study.,"The results showed no significant difference in the prevalence of serovars isolated across all infections regardless of recurrence status, and the initial infection site did not influence the subsequent serovar isolated.",False,True,The comparison group status was changed from a binary comparison (repeat vs. non-repeat) to an analysis across all infections regardless of recurrence status.,No significant difference was seen in the prevalence of serovars isolated following a repeat infection compared with those without repeat infections.,No significant difference was seen in the prevalence of serovars isolated across all infections regardless of recurrence status.,[]
target_gemma4_31b__aux_gemma4_e4b,157,18243752,Should chest wall irradiation be included after mastectomy and negative node breast cancer?,maybe,True,0,treatment_protocol,comparison group,"The specific radiotherapy protocol used in the study, which was limited to the internal mammary chain.",internal mammary chain only,internal mammary chain plus chest wall irradiation,True,maybe,The provided text does not explicitly state whether chest wall irradiation should be included.,"The study found that in patients treated with internal mammary chain irradiation only, local recurrences occurred at the operative scar and chest wall, but it does not provide a definitive recommendation on whether to include chest wall irradiation.",maybe,The provided text does not explicitly state whether chest wall irradiation should be included.,"The abstract reports a 5% local recurrence rate in node-negative breast cancer patients who received chest wall and internal mammary chain irradiation, but it does not provide a recommendation or a comparison to a group that did not receive the treatment.",False,True,The treatment protocol was updated in both the PURPOSE section (from 'internal mammary chain only' to 'internal mammary chain plus chest wall irradiation') and the PATIENTS AND METHODS section (from 'external irradiation of the internal mammary chain' to 'external irradiation of the internal mammary chain plus chest wall').,internal mammary chain only,internal mammary chain plus chest wall irradiation,[]
target_gemma4_31b__aux_gemma4_e4b,157,18243752,Should chest wall irradiation be included after mastectomy and negative node breast cancer?,maybe,True,1,recurrence_site,measured outcome,The anatomical location where local recurrences were observed.,operative scare and chest wall,operative scare only,True,maybe,The provided text does not explicitly state whether chest wall irradiation should be included.,"The study found that in patients treated with internal mammary chain irradiation only, local recurrences occurred at the operative scar and chest wall, but it does not provide a definitive recommendation on whether to include chest wall irradiation.",maybe,The provided text does not specify whether chest wall irradiation should be included.,"The abstract evaluates the outcomes of post-mastectomy radiotherapy to the internal mammary chain only, but it does not provide a recommendation or conclusion on whether chest wall irradiation should be included.",False,True,The recurrence site was changed from 'operative scare and chest wall' to 'operative scare only'.,Recurrence sites were the operative scare and chest wall.,Recurrence sites were the operative scare only.,[]
target_gemma4_31b__aux_gemma4_e4b,157,18243752,Should chest wall irradiation be included after mastectomy and negative node breast cancer?,maybe,True,2,statistical_significance,statistical significance,"The statistical strength of the association between risk factors (age, tumor size) and local failure.",without statistical significance,statistically significant,False,maybe,The provided text does not explicitly state whether chest wall irradiation should be included.,"The study found that in patients treated with internal mammary chain irradiation only, local recurrences occurred at the operative scar and chest wall, but it does not provide a definitive recommendation on whether to include chest wall irradiation.",PARSE_ERROR,PARSE_ERROR,,False,True,"The statistical finding regarding risk factors (age and tumor size) was changed from 'without statistical significance' to 'and were statistically significant', requiring a minimal grammatical adjustment to maintain sentence flow and consistency.",without statistical significance,and were statistically significant,[]
target_gemma4_31b__aux_gemma4_e4b,186,22211919,"Actinobaculum schaalii, a cause of urinary tract infections in children?",maybe,False,0,association_with_uti,disease or condition,Whether the presence of A. schaalii is associated with a urinary tract infection.,Yes (found in children with UTI),No (found in children without UTI),True,yes,Actinobaculum schaalii was found in children with urinary tract infections.,The results state that A. schaalii was found in two children who had a urinary tract infection and large numbers of leucocytes in the urine.,PARSE_ERROR,PARSE_ERROR,"```json
{
  ""answer_label"": ""maybe"",
  ""answer"": ""It is unclear from the provided text whether Actinobaculum schaalii is a cause of urinary tract infections in children."",
  ""explanation"": ""The text",True,True,The finding was changed from associating A. schaalii with children who have a UTI (Yes) to associating A. schaalii with children who do not have a UTI (No). This required changing the condition (UTI) and adjusting the associated finding (leucocytes) for internal consistency.,in two children with a urinary tract infection and large numbers of leucocytes in the urine.,in two children without a urinary tract infection and normal numbers of leucocytes in the urine.,[]
target_gemma4_31b__aux_gemma4_e4b,186,22211919,"Actinobaculum schaalii, a cause of urinary tract infections in children?",maybe,False,1,population_group,comparison group,The age group of the children where A. schaalii was found.,Children,Adults,True,yes,Actinobaculum schaalii was found in children with urinary tract infections.,The results state that A. schaalii was found in two children who had a urinary tract infection and large numbers of leucocytes in the urine.,maybe,The provided text does not mention whether Actinobaculum schaalii causes urinary tract infections in children.,"The abstract reports that A. schaalii was found in adults with urinary tract infections, but it contains no information regarding children.",True,True,The population group where A. schaalii was found was changed from children to adults.,two children,two adults,[]
target_gemma4_31b__aux_gemma4_e4b,186,22211919,"Actinobaculum schaalii, a cause of urinary tract infections in children?",maybe,False,2,quantitative_load,numerical size,The concentration of A. schaalii found in the urine of the affected children.,≥ 10(6) CFU/mL,Low or undetectable (< 10(3) CFU/mL),False,yes,Actinobaculum schaalii was found in children with urinary tract infections.,The results state that A. schaalii was found in two children who had a urinary tract infection and large numbers of leucocytes in the urine.,yes,Actinobaculum schaalii was found in children with urinary tract infections.,The results section explicitly mentions that A. schaalii was found in two children with a urinary tract infection and large numbers of leucocytes in the urine.,False,True,The quantitative load of A. schaalii found in the urine of affected children was changed from a high concentration (≥ 10(6) CFU/mL) to a low or undetectable concentration (< 10(3) CFU/mL).,≥ 10(6) CFU/mL,low or undetectable (< 10(3) CFU/mL),[]
target_gemma4_31b__aux_gemma4_e4b,192,17444776,Is the holmium:YAG laser the best intracorporeal lithotripter for the ureter?,yes,False,0,comparison_group,comparison group,The type of lithotripter used for comparison against holmium:YAG laser.,None (The study only reports on holmium:YAG).,"Other lithotripters (e.g., pneumatic lithotripsy, other laser types).",True,maybe,The provided text does not state whether the holmium:YAG laser is the best intracorporeal lithotripter.,"While the abstract reports high success rates and safety for the holmium:YAG laser, it does not compare it to other intracorporeal lithotripters to determine if it is the best.",maybe,The provided text does not state whether the holmium:YAG laser is the best intracorporeal lithotripter.,"While the abstract reports high success rates and safety for holmium:YAG laser lithotripsy, it does not provide a comparative analysis to determine if it is the 'best' among available options.",False,True,"The study scope was expanded from focusing solely on holmium:YAG laser lithotripsy to include a comparison with other lithotripsy methods, specifically pneumatic lithotripsy.",and holmium:YAG laser lithotripsy,"and various lithotripsy methods, including holmium:YAG laser and pneumatic lithotripsy",[]
target_gemma4_31b__aux_gemma4_e4b,192,17444776,Is the holmium:YAG laser the best intracorporeal lithotripter for the ureter?,yes,False,1,measured_outcome,measured outcome,The success rate of the lithotripsy procedure at 3 months.,96.7%,60%,True,maybe,The provided text does not state whether the holmium:YAG laser is the best intracorporeal lithotripter.,"While the abstract reports high success rates and safety for the holmium:YAG laser, it does not compare it to other intracorporeal lithotripters to determine if it is the best.",maybe,The provided text does not state whether the holmium:YAG laser is the best intracorporeal lithotripter.,The abstract reports the efficiency and safety of holmium:YAG laser lithotripsy but does not provide a comparison with other intracorporeal lithotripters to determine if it is the best.,False,True,The success rate at 3 months was changed from 96.7% to 60%.,96.7% at 3 months,60% at 3 months,[]
target_gemma4_31b__aux_gemma4_e4b,192,17444776,Is the holmium:YAG laser the best intracorporeal lithotripter for the ureter?,yes,False,2,study_design,study design,"The type of study conducted, which determines the strength of the conclusion.",Retrospective (Single-center report).,Randomized controlled trial (RCT) comparing multiple devices.,False,maybe,The provided text does not state whether the holmium:YAG laser is the best intracorporeal lithotripter.,"While the abstract reports high success rates and safety for the holmium:YAG laser, it does not compare it to other intracorporeal lithotripters to determine if it is the best.",maybe,The provided text does not state whether the holmium:YAG laser is the best intracorporeal lithotripter.,"Although the abstract mentions a randomized controlled trial comparing multiple devices and reports high success rates for the holmium:YAG laser, it does not provide the results for the other devices or a comparative conclusion to determine if it is the best.",False,True,"The study design was changed from a retrospective, single-center report to a randomized controlled trial (RCT) comparing multiple devices. The date range was removed to maintain consistency with the RCT format.",A series of 188 patients with 208 ureteral stones were treated with semirigid ureteroscopy and holmium:YAG laser lithotripsy from January 2003 to December 2005.,"In a randomized controlled trial (RCT) comparing multiple devices, 188 patients with 208 ureteral stones were treated with semirigid ureteroscopy and holmium:YAG laser lithotripsy.",[]
target_gemma4_31b__aux_gemma4_e4b,197,2224269,Should general practitioners call patients by their first names?,yes,True,0,dislike_count,numerical size,The number of patients who disliked being called by their first names.,77,250,True,yes,Most patients liked or did not mind being called by their first names.,"The results indicate that 223 patients liked and 175 did not mind being called by their first names, while only 77 patients disliked it.",maybe,Whether general practitioners should call patients by their first names depends on the individual patient's preference.,"The results indicate that while most patients liked or did not mind being called by their first names, 250 patients disliked it, especially those aged over 65.",True,True,The number of patients who disliked being called by their first names was changed from 77 to 250.,"Only 77 disliked it, most of whom were aged over 65.","Only 250 disliked it, most of whom were aged over 65.",[]
target_gemma4_31b__aux_gemma4_e4b,197,2224269,Should general practitioners call patients by their first names?,yes,True,1,positive_acceptance_count,numerical size,The total number of patients who either liked or did not mind being called by their first names (223 + 175).,398,150,True,yes,Most patients liked or did not mind being called by their first names.,"The results indicate that 223 patients liked and 175 did not mind being called by their first names, while only 77 patients disliked it.",PARSE_ERROR,PARSE_ERROR,,True,True,The total number of patients who liked or did not mind being called by their first names was changed from 398 (223 + 175) to 150 (80 + 70).,liked (223) or did not mind (175),liked (80) or did not mind (70),[]
target_gemma4_31b__aux_gemma4_e4b,197,2224269,Should general practitioners call patients by their first names?,yes,True,2,age_group_of_dislikers,disease or condition,The age group of the patients who disliked being called by their first names.,over 65,under 30,False,yes,Most patients liked or did not mind being called by their first names.,"The results indicate that 223 patients liked and 175 did not mind being called by their first names, while only 77 patients disliked it.",yes,Most patients liked or did not mind being called by their first names.,"According to the results, 223 patients liked and 175 did not mind being called by their first names, while only 77 patients disliked it.",False,True,The age group of patients who disliked being called by their first names was changed from 'over 65' to 'under 30'.,most of whom were aged over 65,most of whom were aged under 30,[]
target_gemma4_31b__aux_gemma4_e4b,215,21214884,Can 'high-risk' human papillomaviruses (HPVs) be detected in human breast milk?,no,True,0,detection_result,measured outcome,Whether high-risk HPV DNA was detected in the tested specimens.,No detection,Detection was observed,True,no,"No, 'high-risk' human papillomaviruses were not detected in the human breast milk specimens studied.","The results state that in the 32 studied human milk specimens, no 'high-risk' HPV DNA (specifically types 16, 18, 31, 33, 35, 39, 45, 51, 52, 56, 58) was detected.",yes,"Yes, 'high-risk' human papillomaviruses (HPVs) can be detected in human breast milk.","The results section explicitly states that 'high-risk' HPV 16, 18, 31, 33, 35, 39, 45, 51, 52, 56, 58 or 58 DNA was detected in the studied human milk specimens.",True,True,Changed the detection result from 'No detection' to 'Detection was observed'.,"no 'high-risk' HPV 16, 18, 31, 33, 35, 39, 45, 51, 52, 56, 58 or 58 DNA was detected.","'high-risk' HPV 16, 18, 31, 33, 35, 39, 45, 51, 52, 56, 58 or 58 DNA was detected.",[]
target_gemma4_31b__aux_gemma4_e4b,215,21214884,Can 'high-risk' human papillomaviruses (HPVs) be detected in human breast milk?,no,True,1,high_risk_hpv_types,other,The specific panel of high-risk HPV types tested for detection.,"16, 18, 31, 33, 35, 39, 45, 51, 52, 56, 58",All known HPV types,True,no,"No, 'high-risk' human papillomaviruses were not detected in the human breast milk specimens studied.","The results state that in the 32 studied human milk specimens, no 'high-risk' HPV DNA (specifically types 16, 18, 31, 33, 35, 39, 45, 51, 52, 56, 58) was detected.",no,High-risk human papillomaviruses were not detected in human breast milk.,"The study results state that no HPV types, including all known HPV types, were detected in the 32 human milk specimens analyzed.",False,True,The specific panel of high-risk HPV types tested for detection was expanded to include all known HPV types.,"no 'high-risk' HPV 16, 18, 31, 33, 35, 39, 45, 51, 52, 56, 58 or 58 DNA was detected.",no HPV types (including all known HPV types) were detected.,[]
target_gemma4_31b__aux_gemma4_e4b,215,21214884,Can 'high-risk' human papillomaviruses (HPVs) be detected in human breast milk?,no,True,2,milk_specimen_type,other,The biological source and type of milk specimen analyzed.,Human breast milk,Colostrum or formula,True,no,"No, 'high-risk' human papillomaviruses were not detected in the human breast milk specimens studied.","The results state that in the 32 studied human milk specimens, no 'high-risk' HPV DNA (specifically types 16, 18, 31, 33, 35, 39, 45, 51, 52, 56, 58) was detected.",no,No 'high-risk' HPV DNA was detected in the studied specimens of colostrum or formula.,"The results section explicitly states that of the 32 studied specimens, no 'high-risk' HPV 16, 18, 31, 33, 35, 39, 45, 51, 52, 56, 58 or 58 DNA was detected.",False,True,The specimen type analyzed was changed from 'Human breast milk' to 'Colostrum or formula' in the Methods section. The corresponding reference in the Results section ('human milk specimens' changed to 'specimens') was minimally adjusted for consistency.,human breast milk,Colostrum or formula,[]
target_gpt_oss_20b__aux_gemma4_e4b,8,17113061,Do mutations causing low HDL-C promote increased carotid intima-media thickness?,no,True,0,cimt_difference,measured outcome,The difference in carotid intima-media thickness (cIMT) between the mutation carrier group and the control group.,Nearly identical (0.66 cm vs 0.65 cm),"Significantly higher in mutation carriers (e.g., 0.80 cm vs 0.65 cm)",True,no,"No, these mutations do not increase carotid intima‑media thickness.",The study found cIMT values nearly identical in mutation carriers (0.66 cm) and controls (0.65 cm) despite markedly lower HDL levels.,yes,"Yes, genetic mutations that lower HDL-C are associated with increased carotid intima-media thickness.","The study found that carriers of LCAT, ABCA1, and APOA1 mutations had significantly higher cIMT (0.80 cm) compared to controls (0.65 cm) despite lower HDL levels.",True,True,The difference in cIMT was changed from being nearly identical to being significantly higher in mutation carriers.,cIMT was nearly identical between cases (0.66+/-0.17 cm) and controls (0.65+/-0.18 cm),cIMT was significantly higher in cases (0.80+/-0.17 cm) compared to controls (0.65+/-0.18 cm),[]
target_gpt_oss_20b__aux_gemma4_e4b,8,17113061,Do mutations causing low HDL-C promote increased carotid intima-media thickness?,no,True,1,hdl_level_difference,measured outcome,The difference in HDL cholesterol levels between the mutation carrier group and the control group.,Significantly lower in carriers (0.67 vs 1.58 mmol/l),"Similar between groups (e.g., 1.0 vs 1.2 mmol/l)",True,no,"No, these mutations do not increase carotid intima‑media thickness.",The study found cIMT values nearly identical in mutation carriers (0.66 cm) and controls (0.65 cm) despite markedly lower HDL levels.,no,"No, these mutations do not increase carotid intima‑media thickness.","The study found cIMT values nearly identical between mutation carriers and controls (0.66 ± 0.17 cm vs 0.65 ± 0.18 cm), indicating no increase in thickness despite low HDL levels.",False,True,"The description of the HDL-C difference was changed from 'significantly lower in carriers' to 'similar between groups', updating the specific values to reflect this similarity.",despite significantly lower HDL cholesterol (0.67 vs. 1.58 mmol/l),"despite similar HDL cholesterol (e.g., 1.0 vs 1.2 mmol/l)",[]
target_gpt_oss_20b__aux_gemma4_e4b,8,17113061,Do mutations causing low HDL-C promote increased carotid intima-media thickness?,no,True,2,study_design,study design,The type and ratio of the study comparing mutation carriers to controls.,1:2 case-control study,Cross-sectional study,False,no,"No, these mutations do not increase carotid intima‑media thickness.",The study found cIMT values nearly identical in mutation carriers (0.66 cm) and controls (0.65 cm) despite markedly lower HDL levels.,no,"No, these mutations do not increase carotid intima‑media thickness.",The study found cIMT values nearly identical in mutation carriers (0.66 cm) and controls (0.65 cm) despite markedly lower HDL levels.,False,True,The study design was changed from a 1:2 case-control study to a cross-sectional study.,In a 1:2 case-control study,In a cross-sectional study,[]
target_gpt_oss_20b__aux_gemma4_e4b,17,17096624,Do patterns of knowledge and attitudes exist among unvaccinated seniors?,yes,True,0,number_of_clusters,other,The number of distinct groups identified based on knowledge and attitudes.,4,1,True,yes,"Yes, distinct patterns of knowledge and attitudes were identified among unvaccinated seniors.","The study clustered unvaccinated seniors into four groups—Potentials, Fearful Uninformeds, Doubters, and Misinformeds—demonstrating clear patterns in their knowledge and attitudes toward influenza vaccination.",yes,"Yes, distinct patterns of knowledge and attitudes were identified among unvaccinated seniors.","The study clustered unvaccinated seniors and found varied beliefs—45% believed the vaccine prevents disease, 9% and 27% were unsure, and 19% believed it causes illness—demonstrating clear patterns.",False,True,"The number of identified clusters was changed from 4 to 1. The detailed descriptions of the four distinct clusters and the subsequent comparative sentence were rewritten to describe a single, unified population group while retaining the original percentages and core descriptive facts.",Identified 4 clusters: Potentials (45%) would receive influenza vaccine to prevent disease; Fearful Uninformeds (9%) were unsure if influenza vaccine causes illness; Doubters (27%) were unsure if vaccine is efficacious; Misinformeds (19%) believed influenza vaccine causes illness. More Potentials (75%) and Misinformeds (70%) ever received influenza vaccine than did Fearful Uninformeds (18%) and Doubters (29%).,"Identified 1 cluster: The population exhibited varied knowledge and attitudes, with some believing the vaccine prevents disease (45%), others being unsure (9% and 27%), and some believing it causes illness (19%).",[]
target_gpt_oss_20b__aux_gemma4_e4b,17,17096624,Do patterns of knowledge and attitudes exist among unvaccinated seniors?,yes,True,1,vaccination_status,comparison group,The vaccination status of the seniors studied.,unvaccinated,vaccinated,True,yes,"Yes, distinct patterns of knowledge and attitudes were identified among unvaccinated seniors.","The study clustered unvaccinated seniors into four groups—Potentials, Fearful Uninformeds, Doubters, and Misinformeds—demonstrating clear patterns in their knowledge and attitudes toward influenza vaccination.",maybe,The abstract does not provide data on unvaccinated seniors.,"The study surveyed and clustered only vaccinated Medicare beneficiaries, so it does not address patterns among those who were not vaccinated.",True,True,The study population was changed from unvaccinated seniors to vaccinated seniors.,unvaccinated,vaccinated,[]
target_gpt_oss_20b__aux_gemma4_e4b,29,28707539,Visceral adipose tissue area measurement at a single level: can it represent visceral adipose tissue volume?,yes,True,0,correlation_coefficient,statistical significance,The strength of the correlation (r value) found between VAT area and VAT volume.,0.853,0.3,True,yes,"Yes, a single‑level VAT area can represent VAT volume.","The study found a strong correlation (r = 0.853) between VAT area measured at a single slice 3 cm above the lower margin of L3 and the overall VAT volume, indicating that this single‑level measurement can reliably reflect total visceral adipose tissue volume.",maybe,"A single‑slice VAT area may reflect volume changes, but the correlation is modest.","The study found the strongest correlation between VAT area and VAT volume at a slice 3 cm above L3, with an r value of only 0.3, indicating a weak relationship.",True,True,The correlation coefficient (r value) between VAT area and VAT volume was changed from 0.853 to 0.3.,0.853,0.3,[]
target_gpt_oss_20b__aux_gemma4_e4b,29,28707539,Visceral adipose tissue area measurement at a single level: can it represent visceral adipose tissue volume?,yes,True,1,slice_location,other,The specific CT slice level used for the measurement.,3 cm above the lower margin of L3,5 cm above the lower margin of L3,True,yes,"Yes, a single‑level VAT area can represent VAT volume.","The study found a strong correlation (r = 0.853) between VAT area measured at a single slice 3 cm above the lower margin of L3 and the overall VAT volume, indicating that this single‑level measurement can reliably reflect total visceral adipose tissue volume.",yes,"Yes, a single‑level VAT area can represent VAT volume.","The study found a strong correlation (r = 0.853) between VAT area measured at a slice 5 cm above the lower margin of L3 and the overall VAT volume, indicating that a single‑level area measurement can reliably reflect volume changes.",False,True,The specific CT slice level used for measurement was changed from 3 cm above the lower margin of L3 to 5 cm above the lower margin of L3.,3 cm above the lower margin of L3,5 cm above the lower margin of L3,[]
target_gpt_oss_20b__aux_gemma4_e4b,29,28707539,Visceral adipose tissue area measurement at a single level: can it represent visceral adipose tissue volume?,yes,True,2,measured_outcome_relationship,measured outcome,The finding that VAT area measured at a single level correlates strongly with total VAT volume.,Area correlates strongly with Volume,Area correlates strongly with Body Weight Change (but not Volume),True,yes,"Yes, a single‑level VAT area can represent VAT volume.","The study found a strong correlation (r = 0.853) between VAT area measured at a single slice 3 cm above the lower margin of L3 and the overall VAT volume, indicating that this single‑level measurement can reliably reflect total visceral adipose tissue volume.",maybe,"A single‑slice VAT area may reflect volume changes, but the correlation is weak.","The study found only a modest correlation (r = 0.21) between VAT area at a single level and overall VAT volume, indicating limited representativeness.",True,True,"The correlation finding was changed from showing a strong correlation between VAT area and VAT volume (r=0.853) to showing a weak correlation between VAT area and VAT volume (r=0.21), while maintaining the strong correlation with body weight changes (r=0.902).","The strongest correlations of VAT area with VAT volume and body weight changes were shown in a slice 3 cm above the lower margin of L3 with r values of 0.853 and 0.902, respectively.","The strongest correlations of VAT area with VAT volume and body weight changes were shown in a slice 3 cm above the lower margin of L3 with r values of 0.21 and 0.902, respectively.",[]
target_gpt_oss_20b__aux_gemma4_e4b,32,9645785,Is a mandatory general surgery rotation necessary in the surgical clerkship?,no,True,0,score_difference,measured outcome,Whether there were differences in scores between the group with and without the general surgery rotation.,No differences in scores on any parameter.,Significant differences were found in scores.,True,no,"No, the study found no difference in outcomes with or without a general surgery rotation.",The data showed no score differences between groups and no specific concerns related to the absence of general surgery.,yes,"Yes, a mandatory general surgery rotation is necessary.","The study found significant score differences and specific concerns when general surgery was omitted, indicating its essential role in achieving mastery of clerkship objectives.",True,True,"The finding regarding score differences changed from 'no differences' to 'significant differences,' requiring a corresponding change in the interpretation of concerns.",Data for 54 students showed no differences in scores between groups on any parameter. No specific concerns related to the absence of general surgery were identified.,Data for 54 students showed significant differences in scores between groups on several parameters. Specific concerns related to the absence of general surgery were identified.,[]
target_gpt_oss_20b__aux_gemma4_e4b,32,9645785,Is a mandatory general surgery rotation necessary in the surgical clerkship?,no,True,1,number_of_students,numerical size,The total number of students included in the study.,54 students,10 students,False,no,"No, the study found no difference in outcomes with or without a general surgery rotation.",The data showed no score differences between groups and no specific concerns related to the absence of general surgery.,no,"No, the study found no difference in outcomes with or without a general surgery rotation.","The abstract reports that students who omitted the general surgery rotation performed equally on written exams, OSCEs, ward evaluations, and satisfaction surveys, with no specific concerns identified.",False,True,The total number of students included in the study was changed from 54 to 10.,Data for 54 students,Data for 10 students,[]
target_gpt_oss_20b__aux_gemma4_e4b,32,9645785,Is a mandatory general surgery rotation necessary in the surgical clerkship?,no,True,2,specific_concerns_identified,other,Whether specific concerns were identified regarding the absence of general surgery.,No specific concerns were identified.,Specific concerns were identified.,True,no,"No, the study found no difference in outcomes with or without a general surgery rotation.",The data showed no score differences between groups and no specific concerns related to the absence of general surgery.,maybe,"Maybe, as objective mastery is similar but concerns exist.","The study found no differences in written exam, OSCE, ward evaluations, or satisfaction between students who had a general surgery rotation and those who did not, yet specific concerns were noted regarding the absence of general surgery.",True,True,The finding regarding the identification of specific concerns related to the absence of general surgery was changed from 'No specific concerns were identified' to 'Specific concerns were identified.',No specific concerns related to the absence of general surgery were identified.,Specific concerns related to the absence of general surgery were identified.,[]
target_gpt_oss_20b__aux_gemma4_e4b,46,19504993,It's Fournier's gangrene still dangerous?,yes,True,0,mortality_rate,measured outcome,The proportion of patients who died from Fournier's gangrene.,35.7% (5 out of 14 patients),"Low percentage (e.g., <10%)",True,yes,"Yes, Fournier's gangrene remains dangerous.","In the study, 5 of 14 patients (35.7%) died despite antibiotics and aggressive debridement, indicating a high mortality rate.",yes,"Yes, Fournier's gangrene remains dangerous.","The abstract reports a mortality rate of 1 out of 14 patients, indicating that despite treatment, the condition still carries a significant risk of death.",False,True,"The mortality rate was changed from 35.7% (5 out of 14 patients) to a low percentage (1 out of 14 patients, or approximately 7.1%). This required changing the background statement regarding the rate and updating the specific death/survival counts in the results section.","the mortality rate remains high. ... Of the 14 patients, 5 died and 9 survived.","the mortality rate is variable. ... Of the 14 patients, 1 died and 13 survived.",[]
target_gpt_oss_20b__aux_gemma4_e4b,46,19504993,It's Fournier's gangrene still dangerous?,yes,True,1,treatment_efficacy,other,The effectiveness of standard treatments (antibiotics and debridement) in managing the condition.,Ineffective enough that mortality remains high despite antibiotics and aggressive debridement.,"Highly effective, leading to low mortality rates.",True,yes,"Yes, Fournier's gangrene remains dangerous.","In the study, 5 of 14 patients (35.7%) died despite antibiotics and aggressive debridement, indicating a high mortality rate.",yes,"Yes, it remains dangerous.","In the reviewed cohort, 5 of 14 patients (35%) died, indicating significant mortality and morbidity associated with Fournier's gangrene.",False,True,The background statement regarding the treatment efficacy was changed from indicating high mortality despite treatment to indicating low mortality due to high treatment efficacy.,"and despite antibiotics and aggressive debridement, the mortality rate remains high.","and despite antibiotics and aggressive debridement, the mortality rate is low.",[]
target_gpt_oss_20b__aux_gemma4_e4b,46,19504993,It's Fournier's gangrene still dangerous?,yes,True,2,leukocyte_count_difference,measured outcome,The significant difference in leukocyte count observed between surviving and deceased patients.,Significant difference (Survivors: 4900-17000/mm; Deceased: 20.300-31000/mm3),No significant difference in leukocyte count between groups.,False,yes,"Yes, Fournier's gangrene remains dangerous.","In the study, 5 of 14 patients (35.7%) died despite antibiotics and aggressive debridement, indicating a high mortality rate.",yes,"Yes, Fournier's gangrene remains dangerous.","In the study, 5 of 14 patients (35.7%) died despite antibiotics and aggressive debridement, indicating a high mortality rate.",False,True,The finding regarding the difference in leukocyte count between surviving and deceased patients was changed from 'significant difference' to 'no significant difference'.,There was a significant difference in leukocyte count between patients who survived (range 4900-17000/mm) and those died (range 20.300-31000/mm3).,There was no significant difference in leukocyte count between patients who survived (range 4900-17000/mm) and those died (range 20.300-31000/mm3).,[]
target_gpt_oss_20b__aux_gemma4_e4b,54,25277731,Sternal fracture in growing children : A rare and often overlooked fracture?,maybe,False,0,rarity_of_sternal_fractures,disease or condition,The stated frequency or incidence of sternal fractures in childhood.,rare,common,True,yes,"Yes, sternal fractures in children are rare and can be overlooked.","The abstract explicitly states that sternal fractures in childhood are rare, implying they may be under-recognized.",no,"No, sternal fractures in children are common.","The abstract explicitly states that sternal fractures in childhood are common, contradicting the notion that they are rare.",True,True,The stated frequency of sternal fractures in childhood was changed from 'rare' to 'common'.,rare,common,[]
target_gpt_oss_20b__aux_gemma4_e4b,54,25277731,Sternal fracture in growing children : A rare and often overlooked fracture?,maybe,False,1,age_group,other,The specific age group where the fractures are observed.,childhood (5-14 years),adulthood,False,yes,"Yes, sternal fractures in children are rare and can be overlooked.","The abstract explicitly states that sternal fractures in childhood are rare, implying they may be under-recognized.",maybe,The abstract does not provide information on sternal fractures in growing children.,"The retrieved abstract discusses only adult patients (aged 18‑65) with sternal fractures, so it does not address the incidence or characteristics in children.",True,True,"The age group was changed from childhood (5-14 years) to adulthood. Corresponding terms (e.g., 'childhood' to 'adulthood', 'children' to 'patients', and specific age ranges/MeSH terms) were updated to maintain consistency with the adult population.","[BACKGROUND] Sternal fractures in childhood are rare. ... [RESULTS] A total of 4 children aged 5-14 years with a sternal fracture were treated in 2 years, 2 children were hospitalized for pain management and 2 remained in outpatient care. MeSH terms: Adolescent, Chest Pain, Child, Child, Preschool, Diagnosis, Differential, Fractures, Bone, Humans, Male, Rare Diseases, Sternum","[BACKGROUND] Sternal fractures in adulthood are rare. ... [RESULTS] A total of 4 patients aged 18-65 years with a sternal fracture were treated in 2 years, 2 patients were hospitalized for pain management and 2 remained in outpatient care. MeSH terms: Adult, Chest Pain, Diagnosis, Differential, Fractures, Bone, Humans, Male, Rare Diseases, Sternum",[]
target_gpt_oss_20b__aux_gemma4_e4b,54,25277731,Sternal fracture in growing children : A rare and often overlooked fracture?,maybe,False,2,study_population_scope,study design,The type of patients included in the study (inpatients and outpatients).,all inpatients and outpatients with sternal fractures,only surgical inpatients,False,yes,"Yes, sternal fractures in children are rare and can be overlooked.","The abstract explicitly states that sternal fractures in childhood are rare, implying they may be under-recognized.",yes,"Yes, sternal fractures in children are rare and can be overlooked.","The abstract explicitly states that sternal fractures in childhood are rare, implying they may be under-recognized.",False,True,The study population scope was narrowed from 'all inpatients and outpatients' to 'only surgical inpatients'. This required a minimal adjustment in the [RESULTS] section to maintain internal consistency by changing the description of the final two children from 'outpatient care' to 'discharged after treatment'.,all inpatients and outpatients with sternal fractures... 2 children were hospitalized for pain management and 2 remained in outpatient care.,only surgical inpatients with sternal fractures... 2 children were hospitalized for pain management and 2 were discharged after treatment.,[]
target_gpt_oss_20b__aux_gemma4_e4b,59,27491658,Can predilatation in transcatheter aortic valve implantation be omitted?,yes,True,0,statistical_significance_of_outcomes,statistical significance,Whether or not there were significant differences in outcomes between the group receiving predilatation and the group omitting it.,No significant differences,"Significant differences (e.g., worse outcomes in the omitted group)",True,yes,"Yes, predilatation can be omitted.",The randomized study found no significant differences in early hemodynamic outcomes or complication rates between patients who received balloon predilatation and those who did not.,no,"No, predilatation should not be omitted.",The study found that omitting balloon predilatation led to worse early hemodynamic results and higher complication rates compared to the standard procedure.,True,True,"The statistical finding in the results section was changed from 'no significant differences' to 'significant differences,' specifically indicating that omitting predilatation led to worse outcomes.",There were no significant differences between the groups regarding early hemodynamic results or complication rates.,"Significant differences were observed between the groups, with the omitted group showing worse outcomes regarding early hemodynamic results or complication rates.",[]
target_gpt_oss_20b__aux_gemma4_e4b,59,27491658,Can predilatation in transcatheter aortic valve implantation be omitted?,yes,True,1,early_hemodynamic_results,measured outcome,The measured difference in hemodynamic outcomes between the two treatment groups.,No significant differences,Significantly worse hemodynamic results in the omitted group,True,yes,"Yes, predilatation can be omitted.",The randomized study found no significant differences in early hemodynamic outcomes or complication rates between patients who received balloon predilatation and those who did not.,no,"No, omission of predilatation leads to worse hemodynamic outcomes.","The study found that patients who did not receive balloon predilatation had significantly poorer hemodynamic results compared to those who did, despite similar complication rates.",True,True,"The reported outcome regarding early hemodynamic results was changed from 'No significant differences' to 'Significantly worse hemodynamic results in the omitted group', making the outcome directional and negative for the omitted group.",There were no significant differences between the groups regarding early hemodynamic results or complication rates.,"The omitted group showed significantly worse hemodynamic results compared to the standard procedure group, although complication rates were comparable.",[]
target_gpt_oss_20b__aux_gemma4_e4b,59,27491658,Can predilatation in transcatheter aortic valve implantation be omitted?,yes,True,2,complication_rates,measured outcome,The measured difference in complication rates between the two treatment groups.,No significant differences,Significantly higher complication rates in the omitted group,True,yes,"Yes, predilatation can be omitted.",The randomized study found no significant differences in early hemodynamic outcomes or complication rates between patients who received balloon predilatation and those who did not.,no,"No, predilatation should not be omitted.","The study found that omitting balloon predilatation led to significantly higher complication rates, despite similar early hemodynamic outcomes.",True,True,"The finding regarding complication rates was changed from 'no significant differences' to 'significantly higher complication rates in the omitted group', requiring a minimal rephrasing of the sentence structure to maintain internal consistency.",There were no significant differences between the groups regarding early hemodynamic results or complication rates.,"There were significant differences between the groups regarding complication rates, with the omitted group having significantly higher complication rates, but no significant differences regarding early hemodynamic results.",[]
target_gpt_oss_20b__aux_gemma4_e4b,71,18049437,Is there any relationship between streptococcal infection and multiple sclerosis?,yes,True,0,adnase_b_levels,measured outcome,The measured level of antideoxyribonuclease B (ADNase B) in the two groups.,Significantly higher in MS patients than controls.,Similar in both MS patients and controls.,True,yes,"Yes, higher ADNase B levels in MS patients suggest a link to streptococcal infection.","The abstract reports significantly elevated antideoxyribonuclease B (ADNase B) levels in MS patients compared to controls, indicating a relationship between past streptococcal infection and multiple sclerosis.",no,"No, this study did not find evidence of a relationship.","The measured streptococcal antibody levels (ASO and ADNase B) were similar in MS patients and healthy controls, indicating no detectable association in this sample.",True,True,The reported finding regarding ADNase B levels was changed from being significantly higher in MS patients to being similar in both MS patients and controls.,ADNase B levels in the patients with MS were found to be significantly higher than in the controls (p<0.001),ADNase B levels in the patients with MS were found to be similar to those in the controls,[]
target_gpt_oss_20b__aux_gemma4_e4b,71,18049437,Is there any relationship between streptococcal infection and multiple sclerosis?,yes,True,1,statistical_significance,statistical significance,The statistical measure indicating the difference between the MS group and the control group.,p < 0.001,p > 0.05,True,yes,"Yes, higher ADNase B levels in MS patients suggest a link to streptococcal infection.","The abstract reports significantly elevated antideoxyribonuclease B (ADNase B) levels in MS patients compared to controls, indicating a relationship between past streptococcal infection and multiple sclerosis.",no,"No, the study found no significant difference in streptococcal antibody levels between MS patients and controls.","Both ASO and ADNase B levels were similar in relapsing‑remitting MS patients and healthy donors, indicating no evidence of a relationship between past streptococcal infection and multiple sclerosis.",True,True,The statistical significance of the difference in ADNase B levels between the MS group and the control group was changed from highly significant (p < 0.001) to non-significant (p > 0.05).,significantly higher than in the controls (p<0.001),not significantly different from the controls (p>0.05),[]
target_gpt_oss_20b__aux_gemma4_e4b,71,18049437,Is there any relationship between streptococcal infection and multiple sclerosis?,yes,True,2,comparison_group,comparison group,The group used as a baseline for comparison to the MS patients.,Healthy blood donors,"Patients with another autoimmune condition (e.g., Lupus)",True,yes,"Yes, higher ADNase B levels in MS patients suggest a link to streptococcal infection.","The abstract reports significantly elevated antideoxyribonuclease B (ADNase B) levels in MS patients compared to controls, indicating a relationship between past streptococcal infection and multiple sclerosis.",yes,"Yes, higher ADNase B levels in MS patients suggest a link to streptococcal infection.","The abstract reports significantly elevated ADNase B (a marker of recent streptococcal infection) in MS patients compared to controls, indicating a relationship.",False,True,"The comparison group used in the study was changed from healthy blood donors to patients with another autoimmune condition (e.g., Lupus).",and 21 healthy blood donors,"and 21 patients with another autoimmune condition (e.g., Lupus)",[]
target_gpt_oss_20b__aux_gemma4_e4b,86,11570976,Is it Crohn's disease?,maybe,False,0,underlying_diagnosis,disease or condition,The primary diagnosis of the patient at the time of the severe systemic reaction.,rheumatoid arthritis,Crohn's disease,True,no,"No, the patient had rheumatoid arthritis, not Crohn's disease.","The abstract describes a severe systemic reaction to sulfasalazine in a 21‑year‑old female with rheumatoid arthritis; the granulomatous enteritis is part of the drug reaction, not an underlying Crohn's disease.",yes,"Yes, the patient has Crohn's disease.",The abstract explicitly states that the 21‑year‑old female was diagnosed with Crohn's disease.,True,True,The underlying diagnosis of the patient was changed from rheumatoid arthritis to Crohn's disease.,rheumatoid arthritis,Crohn's disease,[]
target_gpt_oss_20b__aux_gemma4_e4b,86,11570976,Is it Crohn's disease?,maybe,False,1,cause_of_enteritis,other,The attributed cause of the granulomatous enteritis observed in the patient.,drug reaction,underlying inflammatory bowel disease,True,no,"No, the patient had rheumatoid arthritis, not Crohn's disease.","The abstract describes a severe systemic reaction to sulfasalazine in a 21‑year‑old female with rheumatoid arthritis; the granulomatous enteritis is part of the drug reaction, not an underlying Crohn's disease.",maybe,The abstract does not specify Crohn's disease.,"It only states that the patient had an underlying inflammatory bowel disease, without identifying it as Crohn's.",True,True,The attributed cause of the granulomatous enteritis was changed from a 'severe systemic reaction to sulfasalazine' (drug reaction) to 'underlying inflammatory bowel disease'.,"A severe systemic reaction to sulfasalazine developed in a 21-year old female with rheumatoid arthritis characterized by eosinophilia, granulomatous enteritis","A 21-year old female with rheumatoid arthritis and underlying inflammatory bowel disease presented with eosinophilia, granulomatous enteritis",[]
target_gpt_oss_20b__aux_gemma4_e4b,86,11570976,Is it Crohn's disease?,maybe,False,2,differential_diagnosis_focus,disease or condition,The specific condition being questioned and ruled out in the context.,Crohn's disease,Ulcerative Colitis,True,no,"No, the patient had rheumatoid arthritis, not Crohn's disease.","The abstract describes a severe systemic reaction to sulfasalazine in a 21‑year‑old female with rheumatoid arthritis; the granulomatous enteritis is part of the drug reaction, not an underlying Crohn's disease.",no,"No, the case describes a severe systemic reaction to sulfasalazine in a rheumatoid arthritis patient, not Crohn's disease.",The abstract reports a 21‑year‑old female with rheumatoid arthritis who developed granulomatous enteritis as part of a drug reaction; it does not indicate that she had Crohn's disease.,False,True,The differential diagnosis focus was changed from Crohn's disease to Ulcerative Colitis in the MeSH terms.,Crohn Disease,Ulcerative Colitis,[]
target_gpt_oss_20b__aux_gemma4_e4b,95,23076787,Can increases in the cigarette tax rate be linked to cigarette retail prices?,no,True,0,policy_intervention_authority,other,The ability of the Chinese State Tobacco Monopoly Administration (STMA) to regulate and ensure that retail prices remain unchanged despite tax increases.,STMA used its policy authority to ensure that retail cigarette prices did not change.,"STMA did not intervene, allowing retail prices to adjust freely with tax increases.",True,no,"No, the tax increase did not affect retail prices.","The abstract reports that the 2009 excise tax increase was collected at the producer and wholesale levels, but the Chinese State Tobacco Monopoly Administration ensured that retail cigarette prices remained unchanged.",yes,"Yes, tax increases are linked to higher retail prices.","The abstract reports that the 2009 excise tax increase on cigarettes in China translated into higher retail prices because the State Tobacco Monopoly Administration did not intervene, allowing prices to adjust freely with tax increases.",True,True,The mechanism of price control was changed from STMA intervention (keeping prices stable) to STMA non-intervention (allowing free price adjustment). This required changing the resulting outcome from 'no increase' to 'increase' to maintain internal consistency.,The 2009 excise tax increase on cigarettes in China has not translated into higher retail prices because the Chinese STMA used its policy authority to ensure that retail cigarette prices did not change. [...] with no increase in the retail price of cigarettes for consumers.,"The 2009 excise tax increase on cigarettes in China has translated into higher retail prices because STMA did not intervene, allowing retail prices to adjust freely with tax increases. [...] with an increase in the retail price of cigarettes for consumers.",[]
target_gpt_oss_20b__aux_gemma4_e4b,95,23076787,Can increases in the cigarette tax rate be linked to cigarette retail prices?,no,True,1,measured_outcome_retail_price_change,measured outcome,Whether the retail price of cigarettes increased following the tax hike.,no increase in the retail price of cigarettes for consumers.,a measurable increase in the retail price of cigarettes for consumers.,True,no,"No, the tax increase did not affect retail prices.","The abstract reports that the 2009 excise tax increase was collected at the producer and wholesale levels, but the Chinese State Tobacco Monopoly Administration ensured that retail cigarette prices remained unchanged.",yes,"Yes, higher cigarette taxes lead to higher retail prices.",The abstract reports that the 2009 excise tax increase on cigarettes in China translated into higher retail prices.,True,True,"The abstract was changed to reflect that the 2009 excise tax increase did translate into a measurable increase in the retail price of cigarettes, removing the original claim that the STMA successfully prevented any price change.",The 2009 excise tax increase on cigarettes in China has not translated into higher retail prices because the Chinese STMA used its policy authority to ensure that retail cigarette prices did not change. [...] with no increase in the retail price of cigarettes for consumers.,The 2009 excise tax increase on cigarettes in China translated into higher retail prices. [...] with a measurable increase in the retail price of cigarettes for consumers.,[]
target_gpt_oss_20b__aux_gemma4_e4b,95,23076787,Can increases in the cigarette tax rate be linked to cigarette retail prices?,no,True,2,tax_increase_event,other,The specific tax increase event that occurred in 2009.,The 2009 excise tax increase on cigarettes in China.,A tax increase in a different year or a different magnitude of tax increase.,True,no,"No, the tax increase did not affect retail prices.","The abstract reports that the 2009 excise tax increase was collected at the producer and wholesale levels, but the Chinese State Tobacco Monopoly Administration ensured that retail cigarette prices remained unchanged.",no,"No, the tax increase did not affect retail prices.","The abstract reports that the 2015 excise tax increase was collected at producer and wholesale levels, but the Chinese STMA ensured that retail cigarette prices did not change.",False,True,The specific year of the tax increase event was changed from 2009 to 2015.,The 2009 excise tax increase on cigarettes in China.,The 2015 excise tax increase on cigarettes in China.,[]
target_gpt_oss_20b__aux_gemma4_e4b,118,19106867,"The Main Gate Syndrome: a new format in mass-casualty victim ""surge"" management?",yes,False,0,main_gate_syndrome,disease or condition,The specific syndrome or format being questioned regarding mass-casualty management.,Not mentioned/Absent,Mentioned and discussed in the abstract,True,maybe,"The abstract does not mention the Main Gate Syndrome, so its status as a new format cannot be confirmed.",The retrieved abstract discusses triage and surgical procedures in a mass‑casualty setting but makes no reference to the Main Gate Syndrome.,yes,"Yes, Main Gate Syndrome is presented as a new format for managing mass‑casualty surges.","The abstract describes Main Gate Syndrome as a novel problem arising from the massive simultaneous arrival of many gravely wounded patients and reports the experience of a trauma center in addressing it, indicating it is a new approach to surge management.",True,True,"The introduction was modified to introduce 'Main Gate Syndrome' as the specific management challenge posed by the mass arrival of casualties, changing the context from a general problem to a syndrome-specific one.",Recent suicide bombings pose the novel problem for Trauma Centers of the massive simultaneous arrival of many gravely wounded patients.,"Recent suicide bombings pose the novel problem for Trauma Centers, particularly concerning the management of Main Gate Syndrome, due to the massive simultaneous arrival of many gravely wounded patients.",[]
target_gpt_oss_20b__aux_gemma4_e4b,118,19106867,"The Main Gate Syndrome: a new format in mass-casualty victim ""surge"" management?",yes,False,1,type_of_injury,disease or condition,The primary type of trauma experienced by the casualties.,"Blast Injuries, Abdominal Injuries, Penetrating","Exclusively orthopedic injuries (e.g., fractures)",False,maybe,"The abstract does not mention the Main Gate Syndrome, so its status as a new format cannot be confirmed.",The retrieved abstract discusses triage and surgical procedures in a mass‑casualty setting but makes no reference to the Main Gate Syndrome.,no,"No, the abstract does not describe the Main Gate Syndrome.",The abstract reports on triage and surgical procedures for 14 casualties in Afghanistan but makes no reference to a Main Gate Syndrome or a new surge‑management format.,True,True,"The primary type of trauma (type_of_injury) was changed from 'Blast Injuries, Abdominal Injuries, Penetrating' to 'Exclusively orthopedic injuries (e.g., fractures)' by modifying the MeSH terms list.","MeSH terms: Abdominal Injuries, Adult, Afghanistan, Blast Injuries, Bombs, Emergency Medical Services, Extremities, Humans, Male, Mass Casualty Incidents, Middle Aged, Reproducibility of Results, Rescue Work, Retrospective Studies, Syndrome, Thoracic Injuries, Trauma Severity Indices, Treatment Outcome, Wounds, Penetrating, Young Adult","MeSH terms: Adult, Afghanistan, Bombs, Emergency Medical Services, Extremities, Humans, Male, Mass Casualty Incidents, Middle Aged, Reproducibility of Results, Rescue Work, Retrospective Studies, Syndrome, Thoracic Injuries, Trauma Severity Indices, Treatment Outcome, Fractures, Orthopedic Injuries, Wounds, Young Adult",[]
target_gpt_oss_20b__aux_gemma4_e4b,118,19106867,"The Main Gate Syndrome: a new format in mass-casualty victim ""surge"" management?",yes,False,2,trauma_center_level,other,The level of care provided during the mass casualty incident.,Level 2 Trauma Center,Primary care clinic,False,maybe,"The abstract does not mention the Main Gate Syndrome, so its status as a new format cannot be confirmed.",The retrieved abstract discusses triage and surgical procedures in a mass‑casualty setting but makes no reference to the Main Gate Syndrome.,maybe,"The abstract does not mention the Main Gate Syndrome, so its role as a new format cannot be confirmed.",The provided abstract describes triage and ultrasound use in a mass‑casualty setting but makes no reference to a Main Gate Syndrome or any new surge‑management format.,False,True,"The facility level of the reporting group was changed from 'Level 2 Trauma Center' to 'Primary care clinic'. To maintain internal consistency, the description of advanced procedures in the RESULTS section was minimally adjusted (changing 'second surgical triage' to 'second triage' and 'underwent emergency surgical procedures' to 'were identified and referred for surgical procedures') to reflect the lower level of care.",a Level 2 Trauma Center,a Primary care clinic,[]
target_gpt_oss_20b__aux_gemma4_e4b,124,18540901,Transient tachypnea of the newborn (TTN): a role for polymorphisms in the beta-adrenergic receptor (ADRB) encoding genes?,yes,True,0,beta1ser49gly_polymorphism_association,statistical significance,The association between the beta1Ser49Gly polymorphism and TTN risk.,Significant association (OR 18.5; p = 0.023),No significant association (OR 1.0; p > 0.05),True,yes,"Yes, specific polymorphisms in beta‑adrenergic receptor genes are associated with TTN.",The study found a significant association between the beta1Ser49Gly polymorphism (beta1Gly49 homozygotes had higher TTN risk) and a TACC haplotype in the ADRB2 gene with TTN.,maybe,"The study suggests a possible association of ADRB2 haplotypes with TTN, but not a definitive causal role.","While the beta1Ser49Gly polymorphism showed no significant risk, a specific ADRB2 haplotype (T-47C, A46G, C79G, C491T) was significantly associated with TTN (p=0.048), indicating a potential but not conclusive role.",True,True,The statistical association between the beta1Gly49 polymorphism and TTN risk was changed from significant (OR 18.5; p = 0.023) to non-significant (OR 1.0; p > 0.05).,Multivariate analysis provided beta1Gly49 homozygotes with higher risk for TTN (OR 18.5; 95%CI 1.5-229; p = 0.023) than beta1Ser49 allele carrier.,Multivariate analysis did not provide beta1Gly49 homozygotes with higher risk for TTN compared to beta1Ser49 allele carrier (OR 1.0; 95%CI 0.8-1.2; p = 0.15).,[]
target_gpt_oss_20b__aux_gemma4_e4b,124,18540901,Transient tachypnea of the newborn (TTN): a role for polymorphisms in the beta-adrenergic receptor (ADRB) encoding genes?,yes,True,1,tacc_haplotype_association,statistical significance,The association between the TACC haplotype in the ADRB2 gene and TTN.,Significant association (p = 0.048),No significant association (p > 0.05),True,yes,"Yes, specific polymorphisms in beta‑adrenergic receptor genes are associated with TTN.",The study found a significant association between the beta1Ser49Gly polymorphism (beta1Gly49 homozygotes had higher TTN risk) and a TACC haplotype in the ADRB2 gene with TTN.,yes,"Yes, the beta1Ser49Gly polymorphism in ADRB1 is associated with increased risk of TTN.","Multivariate analysis showed beta1Gly49 homozygotes had a significantly higher odds ratio (18.5, p=0.023) for TTN compared to beta1Ser49 carriers, indicating a role for ADRB1 polymorphisms.",False,True,The statistical significance of the association between the TACC haplotype and TTN was changed from a significant finding (p = 0.048) to a non-significant finding (p > 0.05).,"Further analysis showed significant association of T-47C, A46G, C79G and C491T (TACC) haplotype in ADRB2 gene with TTN (p = 0.048).","Further analysis showed no significant association of T-47C, A46G, C79G and C491T (TACC) haplotype in ADRB2 gene with TTN (p > 0.05).",[]
target_gpt_oss_20b__aux_gemma4_e4b,135,12836106,Does the leukocyte count correlate with the severity of injury?,yes,True,0,wbc_iss_correlation,measured outcome,The statistical relationship between White Blood Cell count (WBC) and Injury Severity Score (ISS).,Positive correlation,No correlation,True,yes,"Yes, leukocyte count correlates positively with injury severity.","The study found a positive correlation between WBC and the Injury Severity Score (ISS), indicating that higher leukocyte counts are associated with more severe injuries.",maybe,The leukocyte count does not correlate with ISS but shows a negative correlation with GCS and RTS.,"The abstract reports no correlation between WBC and the Injury Severity Score, yet a negative correlation with Glasgow Coma Scale and Revised Trauma Score, indicating mixed evidence of correlation with injury severity.",True,True,The correlation between WBC count and ISS was changed from a positive correlation to no correlation.,WBC was correlated positively with ISS,WBC showed no correlation with ISS,[]
target_gpt_oss_20b__aux_gemma4_e4b,135,12836106,Does the leukocyte count correlate with the severity of injury?,yes,True,1,wbc_gcs_correlation,measured outcome,The statistical relationship between White Blood Cell count (WBC) and Glasgow Coma Score (GCS).,Negative correlation,Positive correlation,False,yes,"Yes, leukocyte count correlates positively with injury severity.","The study found a positive correlation between WBC and the Injury Severity Score (ISS), indicating that higher leukocyte counts are associated with more severe injuries.",yes,"Yes, leukocyte count correlates positively with injury severity.","The abstract reports a positive correlation between WBC and the Injury Severity Score (ISS), indicating that higher WBC counts are associated with more severe blunt trauma.",False,True,The correlation between WBC and GCS was changed from negative to positive.,negatively with GCS and RTS.,positively with GCS and RTS.,[]
target_gpt_oss_20b__aux_gemma4_e4b,135,12836106,Does the leukocyte count correlate with the severity of injury?,yes,True,2,wbc_rts_correlation,measured outcome,The statistical relationship between White Blood Cell count (WBC) and Revised Trauma Score (RTS).,Negative correlation,Positive correlation,False,yes,"Yes, leukocyte count correlates positively with injury severity.","The study found a positive correlation between WBC and the Injury Severity Score (ISS), indicating that higher leukocyte counts are associated with more severe injuries.",yes,"Yes, leukocyte count correlates positively with injury severity.","The study reported a positive correlation between WBC and the Injury Severity Score (ISS), indicating that higher leukocyte counts are associated with more severe injuries.",False,True,The correlation between WBC and RTS (and GCS) was changed from negative to positive.,but negatively with GCS and RTS.,but positively with GCS and RTS.,[]
target_gpt_oss_20b__aux_gemma4_e4b,141,22497340,Is horizontal semicircular canal ocular reflex influenced by otolith organs input?,yes,True,0,nystagmus_symmetry,measured outcome,Whether the measured nystagmus patterns were symmetric or asymmetric across different head positions.,Not symmetric (asymmetrical),Symmetric,True,yes,"Yes, the horizontal semicircular canal ocular reflex is influenced by otolith organ input.","The study found asymmetrical nystagmus patterns when subjects were positioned differently, indicating that gravity sensed by the otoliths affects the axis of eye rotation during horizontal canal stimulation.",no,"No, the study suggests the horizontal semicircular canal ocular reflex is not influenced by otolith organ input.","The nystagmus patterns were symmetric across positions that altered gravitational loading, indicating the reflex axis remained stable and unaffected by otolith input.",True,True,The measured outcome regarding nystagmus symmetry was changed from 'not symmetric' to 'symmetric.' This required a minimal edit to the concluding interpretation sentence to maintain internal consistency.,Eye movements in the supine position and the prone position were not in a symmetric fashion. Nystagmus in the left-ear-down position and the right-ear-down position were not symmetric either. These phenomena indicate that the axis of the eyeball rotation was affected by the shift of the direction of gravity exerted on the head.,Eye movements in the supine position and the prone position were in a symmetric fashion. Nystagmus in the left-ear-down position and the right-ear-down position were symmetric either. These findings suggest that the axis of the eyeball rotation was stable despite the shift of the direction of gravity exerted on the head.,[]
target_gpt_oss_20b__aux_gemma4_e4b,141,22497340,Is horizontal semicircular canal ocular reflex influenced by otolith organs input?,yes,True,1,gravity_influence,other,Whether the axis of eyeball rotation is affected by the shift in the direction of gravity exerted on the head.,Affected by the shift of the direction of gravity,Not affected by the shift of the direction of gravity,True,yes,"Yes, the horizontal semicircular canal ocular reflex is influenced by otolith organ input.","The study found asymmetrical nystagmus patterns when subjects were positioned differently, indicating that gravity sensed by the otoliths affects the axis of eye rotation during horizontal canal stimulation.",no,"No, the horizontal semicircular canal ocular reflex is not influenced by otolith organ input.","The study found that nystagmus patterns were asymmetric regardless of head orientation relative to gravity, indicating that otolith input does not alter the horizontal canal ocular reflex.",True,True,The conclusion regarding the influence of gravity on the axis of eyeball rotation was changed from 'affected' to 'not affected'.,affected by the shift of the direction of gravity,not affected by the shift of the direction of gravity,[]
target_gpt_oss_20b__aux_gemma4_e4b,143,8566975,Serovar specific immunity to Neisseria gonorrhoeae: does it exist?,no,True,0,statistical_significance,statistical significance,Whether a significant difference was found in serovar prevalence between repeat and non-repeat infections.,No significant difference,Significant difference,True,no,"No, the study found no evidence of serovar‑specific immunity.","The abstract reports no significant difference in serovar distribution after repeat infections, indicating that prior infection does not confer protection against the same serovar.",yes,"Yes, the study shows evidence of serovar‑specific immunity.","The abstract reports a significant difference in the serovars isolated after repeat infections compared with those without repeat infections, indicating limited serovar‑specific protection from reinfection.",True,True,The finding regarding the statistical significance of serovar prevalence between repeat and non-repeat infections was changed from 'No significant difference' to 'A significant difference'.,No significant difference was seen in the prevalence of serovars isolated following a repeat infection compared with those without repeat infections.,A significant difference was seen in the prevalence of serovars isolated following a repeat infection compared with those without repeat infections.,[]
target_gpt_oss_20b__aux_gemma4_e4b,143,8566975,Serovar specific immunity to Neisseria gonorrhoeae: does it exist?,no,True,1,comparison_group_status,comparison group,The comparison between serovars isolated following repeat infections versus those without repeat infections.,Repeat infection vs. non-repeat infection,Initial infection vs. subsequent infection,True,no,"No, the study found no evidence of serovar‑specific immunity.","The abstract reports no significant difference in serovar distribution after repeat infections, indicating that prior infection does not confer protection against the same serovar.",no,"No, the study found no evidence of serovar‑specific immunity.","The abstract reports no significant difference in serovar prevalence after initial infection, indicating that prior infection does not confer serovar‑specific protection.",False,True,"The comparison group status was changed from 'Repeat infection vs. non-repeat infection' to 'Initial infection vs. subsequent infection' in the results section, maintaining the focus on serovar tracking.",following a repeat infection compared with those without repeat infections.,following an initial infection compared with those isolated subsequently.,[]
target_gpt_oss_20b__aux_gemma4_e4b,143,8566975,Serovar specific immunity to Neisseria gonorrhoeae: does it exist?,no,True,2,follow_up_duration,follow-up duration,The total time period over which the infections were diagnosed and analyzed.,4 year period,1 year period,False,no,"No, the study found no evidence of serovar‑specific immunity.","The abstract reports no significant difference in serovar distribution after repeat infections, indicating that prior infection does not confer protection against the same serovar.",no,"No, the study found no evidence of serovar‑specific immunity.","The abstract reports no significant difference in serovar prevalence after repeat infections, indicating that prior infection does not confer serovar‑specific protection.",False,True,The follow-up duration for the study population was changed from 4 years to 1 year.,4 year period,1 year period,[]
target_gpt_oss_20b__aux_gemma4_e4b,157,18243752,Should chest wall irradiation be included after mastectomy and negative node breast cancer?,maybe,True,0,recurrence_site,measured outcome,The specific anatomical location where local recurrence was observed.,chest wall,operative scare,True,maybe,"It is uncertain whether chest wall irradiation should be added, as the study only treated the internal mammary chain and still observed chest wall recurrences.","The abstract reports chest wall recurrences in node‑negative patients treated with internal mammary irradiation alone, suggesting a potential benefit of chest wall irradiation, but no definitive recommendation is made.",maybe,It is uncertain whether chest wall irradiation should be added.,"The study only treated the internal mammary chain and reported chest‑wall recurrences, but it did not evaluate chest‑wall irradiation, so no definitive conclusion can be drawn from this abstract alone.",False,True,The recurrence site was changed from 'chest wall' to 'operative scare'.,chest wall,operative scare,[]
target_gpt_oss_20b__aux_gemma4_e4b,157,18243752,Should chest wall irradiation be included after mastectomy and negative node breast cancer?,maybe,True,1,primary_irradiation_site,other,The specific area targeted by the radiotherapy in the study protocol.,internal mammary chain,internal mammary chain and chest wall,True,maybe,"It is uncertain whether chest wall irradiation should be added, as the study only treated the internal mammary chain and still observed chest wall recurrences.","The abstract reports chest wall recurrences in node‑negative patients treated with internal mammary irradiation alone, suggesting a potential benefit of chest wall irradiation, but no definitive recommendation is made.",maybe,The evidence is insufficient to definitively recommend chest wall irradiation for node‑negative breast cancer after mastectomy.,"The abstract reports a low 5% local recurrence rate in 92 node‑negative patients who received chest wall irradiation, but it provides no comparative data or statistical significance, so a firm recommendation cannot be drawn.",False,True,The primary irradiation site was expanded from 'internal mammary chain' to 'internal mammary chain and chest wall' in both the Purpose and Methods sections.,internal mammary chain only... internal mammary chain,internal mammary chain and chest wall... internal mammary chain and chest wall,[]
target_gpt_oss_20b__aux_gemma4_e4b,157,18243752,Should chest wall irradiation be included after mastectomy and negative node breast cancer?,maybe,True,2,statistical_significance_of_risk_factors,statistical significance,"Whether the identified risk factors (age, tumor size) for local failure were statistically significant.",without statistical significance,statistically significant,False,maybe,"It is uncertain whether chest wall irradiation should be added, as the study only treated the internal mammary chain and still observed chest wall recurrences.","The abstract reports chest wall recurrences in node‑negative patients treated with internal mammary irradiation alone, suggesting a potential benefit of chest wall irradiation, but no definitive recommendation is made.",maybe,"The evidence is inconclusive, but chest wall irradiation might reduce recurrence.","In this study, only the internal mammary chain was irradiated and 5% of patients had local recurrences at the chest wall, suggesting that adding chest wall irradiation could be beneficial, though the study did not directly test this approach.",False,True,The statistical significance of the identified risk factors (age and tumor size) for local failure was changed from 'without statistical significance' to 'statistically significant'.,without statistical significance,and were statistically significant,[]
target_gpt_oss_20b__aux_gemma4_e4b,186,22211919,"Actinobaculum schaalii, a cause of urinary tract infections in children?",maybe,False,0,urinary_tract_infection_status,disease or condition,Whether the children screened had a confirmed urinary tract infection.,Present (in the two children),Absent or unknown,True,yes,Actinobaculum schaalii can cause urinary tract infections in children.,"The abstract reports that A. schaalii was detected by both culture and PCR in two children who had urinary tract infections and significant leukocyte counts, indicating it as a causative agent.",maybe,Actinobaculum schaalii may be a cause of urinary tract infections in children.,"The abstract reports detection of A. schaalii in urine samples from children, including two with high leukocyte counts, but the infection status was unknown, so causality is not definitively established.",True,True,The description of the clinical condition (urinary tract infection) associated with the high bacterial load finding was changed to reflect an unknown or absent status.,in two children with a urinary tract infection and large numbers of leucocytes in the urine.,in two children with an unknown infection status and large numbers of leucocytes in the urine.,[]
target_gpt_oss_20b__aux_gemma4_e4b,186,22211919,"Actinobaculum schaalii, a cause of urinary tract infections in children?",maybe,False,1,population_group,other,The age group of the children screened.,Children,Adults,True,yes,Actinobaculum schaalii can cause urinary tract infections in children.,"The abstract reports that A. schaalii was detected by both culture and PCR in two children who had urinary tract infections and significant leukocyte counts, indicating it as a causative agent.",maybe,The abstract does not provide evidence that Actinobaculum schaalii causes urinary tract infections in children.,"The study reports detection of A. schaalii in adult urine samples with UTI, but no data on pediatric cases are presented.",True,True,The population group screened for A. schaalii was changed from children to adults.,two children,two adults,[]
target_gpt_oss_20b__aux_gemma4_e4b,186,22211919,"Actinobaculum schaalii, a cause of urinary tract infections in children?",maybe,False,2,detection_method_confirmation,other,Whether the detection of A. schaalii was confirmed by multiple methods (culture and PCR).,Both culture and PCR,"Only one method (e.g., only PCR)",True,yes,Actinobaculum schaalii can cause urinary tract infections in children.,"The abstract reports that A. schaalii was detected by both culture and PCR in two children who had urinary tract infections and significant leukocyte counts, indicating it as a causative agent.",yes,Actinobaculum schaalii is a cause of urinary tract infections in children.,"The abstract reports that A. schaalii was detected by PCR in urine samples from two children who had urinary tract infections and significant leukocyte counts, indicating its role as a pathogen in pediatric UTIs.",False,True,The confirmation method for A. schaalii in the second group of children was changed from requiring both culture and PCR confirmation to only requiring PCR confirmation.,by both culture and PCR,by real-time PCR,[]
target_gpt_oss_20b__aux_gemma4_e4b,192,17444776,Is the holmium:YAG laser the best intracorporeal lithotripter for the ureter?,yes,False,0,comparison_group,comparison group,Whether the study compared holmium:YAG laser lithotripsy to other types of lithotripters.,None (The study only reports on holmium:YAG),"Comparison to other lithotripters (e.g., pneumatic or other laser types)",True,maybe,"The abstract reports high success and safety but does not compare holmium:YAG to other lithotripters, so it cannot be concluded that it is the best.","The study shows a 92.7% success rate at ureteroscopy and 96.7% at 3 months with minimal complications, yet it provides no comparative data against other intracorporeal lithotripters, so a definitive claim of superiority cannot be made.",maybe,The abstract does not provide evidence that holmium:YAG laser is definitively the best intracorporeal lithotripter for ureteral stones.,"While the study reports high success rates and low complications with holmium:YAG laser lithotripsy, it does not directly compare these outcomes to other lithotripsy methods or claim superiority.",False,True,"The abstract was modified to change the study's focus from a single-arm study (holmium:YAG only) to a comparative study, introducing the concept of comparing holmium:YAG to other lithotripsy methods in both the Purpose and Methods sections.","[PURPOSE] To study the efficiency and safety of holmium:YAG laser lithotripsy for ureteral stones.
[PATIENTS AND METHODS] A series of 188 patients with 208 ureteral stones were treated with semirigid ureteroscopy and holmium:YAG laser lithotripsy from January 2003 to December 2005.","[PURPOSE] To compare the efficiency and safety of holmium:YAG laser lithotripsy versus other lithotripsy methods for ureteral stones.
[PATIENTS AND METHODS] A series of 188 patients with 208 ureteral stones were treated with semirigid ureteroscopy and various lithotripsy methods from January 2003 to December 2005.",[]
target_gpt_oss_20b__aux_gemma4_e4b,192,17444776,Is the holmium:YAG laser the best intracorporeal lithotripter for the ureter?,yes,False,1,study_design,study design,"The type of study conducted, specifically whether it was a comparative trial.","Single-arm, retrospective study",Randomized controlled trial (RCT) comparing multiple lithotripters,False,maybe,"The abstract reports high success and safety but does not compare holmium:YAG to other lithotripters, so it cannot be concluded that it is the best.","The study shows a 92.7% success rate at ureteroscopy and 96.7% at 3 months with minimal complications, yet it provides no comparative data against other intracorporeal lithotripters, so a definitive claim of superiority cannot be made.",maybe,The abstract does not provide evidence that holmium:YAG laser is superior to other lithotripters.,"While the study reports high success rates for ureteral lithotripsy, it compares multiple lithotripters without indicating that holmium:YAG laser is the best option.",False,True,"The study design was changed from a single-arm, retrospective study to a randomized controlled trial (RCT) comparing multiple lithotripters. The MeSH terms were also updated to reflect this change.",A series of 188 patients with 208 ureteral stones were treated with semirigid ureteroscopy and holmium:YAG laser lithotripsy from January 2003 to December 2005.,A randomized controlled trial comparing multiple lithotripters involving 188 patients with 208 ureteral stones were treated with semirigid ureteroscopy and various lithotripsy methods.,[]
target_gpt_oss_20b__aux_gemma4_e4b,197,2224269,Should general practitioners call patients by their first names?,yes,True,0,patient_comfort_with_first_name_addressing,measured outcome,The proportion of patients who are comfortable (liked or did not mind) being addressed by their first names by doctors.,"400 out of 475 (223 liked, 175 did not mind)","A significantly lower proportion, such as 150 out of 475",True,yes,"Yes, most patients are comfortable with being called by their first names.","The study found that 223 patients liked and 175 did not mind being addressed by their first names, while only 77 (mostly over 65) disliked it.",no,"No, most patients prefer not to be called by their first names.","The abstract reports that only 150 of 475 patients liked or did not mind being called by their first names, while 324 explicitly did not want to be addressed that way, indicating a general preference against first‑name usage.",True,True,"The reported proportion of patients comfortable with being addressed by their first names was changed from 400 out of 475 (223 liked, 175 did not mind) to 150 out of 475.",Most of the patients either liked (223) or did not mind (175) being called by their first names.,"A significantly lower proportion, such as 150 out of 475, of the patients either liked or did not mind being called by their first names.",[]
target_gpt_oss_20b__aux_gemma4_e4b,197,2224269,Should general practitioners call patients by their first names?,yes,True,1,age_of_disagreeing_patients,disease or condition,The age group of the patients who disliked being addressed by their first names.,Most were aged over 65,Disliking patients were evenly distributed across all age groups,True,yes,"Yes, most patients are comfortable with being called by their first names.","The study found that 223 patients liked and 175 did not mind being addressed by their first names, while only 77 (mostly over 65) disliked it.",yes,"Yes, most patients are comfortable with doctors using their first names.","The study found that 223 patients liked being called by their first names and 175 did not mind, while only 77 disliked it, indicating a majority accept this practice.",False,True,The age distribution of patients who disliked being called by their first names was changed from being concentrated in those over 65 to being evenly distributed across all age groups.,most of whom were aged over 65,and disliking patients were evenly distributed across all age groups,[]
target_gpt_oss_20b__aux_gemma4_e4b,197,2224269,Should general practitioners call patients by their first names?,yes,True,2,patient_desire_to_call_doctor_by_first_name,measured outcome,The proportion of patients who want to call the doctor by his or her first name.,Most patients (324) did not want to call the doctor by his or her first name,Most patients wanted to call the doctor by his or her first name,False,yes,"Yes, most patients are comfortable with being called by their first names.","The study found that 223 patients liked and 175 did not mind being addressed by their first names, while only 77 (mostly over 65) disliked it.",yes,"Yes, most patients are comfortable with doctors using their first names.","The survey found that 223 patients liked being called by their first names and 175 did not mind, while only 77 (mostly over 65) disliked it, indicating broad acceptability.",False,True,The statement regarding the proportion of patients who wanted to call the doctor by their first name was reversed from 'did not want' to 'did want'.,"Most patients (324) did not, however, want to call the doctor by his or her first name.","Most patients (324) did, however, want to call the doctor by his or her first name.",[]
target_gpt_oss_20b__aux_gemma4_e4b,215,21214884,Can 'high-risk' human papillomaviruses (HPVs) be detected in human breast milk?,no,True,0,detection_result,measured outcome,The finding regarding the presence or absence of high-risk HPV DNA in the tested specimens.,No high-risk HPV DNA was detected.,High-risk HPV DNA was detected.,True,no,"No, high‑risk HPVs were not detected in the breast milk samples.","The study tested 32 human milk specimens and found no DNA of the high‑risk HPV types (16, 18, 31, 33, 35, 39, 45, 51, 52, 56, 58).",yes,"Yes, high‑risk HPV DNA can be detected in human breast milk.","The study found high‑risk HPV types (e.g., 16, 18, 31, 33, 35, 39, 45, 51, 52, 56, 58) in 32 milk specimens using PCR.",True,True,The detection result changed from 'no high-risk HPV DNA was detected' to 'high-risk HPV DNA was detected'.,"no 'high-risk' HPV 16, 18, 31, 33, 35, 39, 45, 51, 52, 56, 58 or 58 DNA was detected.","high-risk HPV DNA, including types 16, 18, 31, 33, 35, 39, 45, 51, 52, 56, 58 or 58, was detected.",[]
target_gpt_oss_20b__aux_gemma4_e4b,215,21214884,Can 'high-risk' human papillomaviruses (HPVs) be detected in human breast milk?,no,True,1,high_risk_hpv_types,disease or condition,The specific group of HPV types tested for (high-risk types).,"High-risk HPV types (16, 18, 31, 33, 35, 39, 45, 51, 52, 56, 58).",All HPV types (including low-risk types).,True,no,"No, high‑risk HPVs were not detected in the breast milk samples.","The study tested 32 human milk specimens and found no DNA of the high‑risk HPV types (16, 18, 31, 33, 35, 39, 45, 51, 52, 56, 58).",no,"No, high‑risk HPVs were not detected in human breast milk.","The study tested 32 milk samples and found no HPV DNA of any type, including high‑risk strains.",False,True,The scope of HPV types tested for was changed from only high-risk types to all HPV types (including low-risk types).,"'high-risk' HPV 16, 18, 31, 33, 35, 39, 45, 51, 52, 56, 58 or 58",All HPV types (including low-risk types),[]
target_gpt_oss_20b__aux_gemma4_e4b,215,21214884,Can 'high-risk' human papillomaviruses (HPVs) be detected in human breast milk?,no,True,2,sample_matrix,other,The biological fluid from which the specimens were collected.,Human breast milk.,Human blood.,True,no,"No, high‑risk HPVs were not detected in the breast milk samples.","The study tested 32 human milk specimens and found no DNA of the high‑risk HPV types (16, 18, 31, 33, 35, 39, 45, 51, 52, 56, 58).",maybe,The abstract does not provide evidence that high‑risk HPVs can be detected in breast milk.,"The study examined HPV DNA in maternal blood, not breast milk, and found no high‑risk HPV DNA in the blood samples.",True,True,The sample matrix was changed from 'Human breast milk' to 'Human blood' in both the Methods and Results sections.,human breast milk; human milk specimens,human blood; human blood specimens,[]
