run_name,sample_idx,sample_id,question,gold_label,original_answer_correct,concept_i,concept,category,description,current_value,alternative_value,mentioned_in_explanation,original_answer_label,original_answer,original_explanation,counterfactual_answer_label,counterfactual_answer,counterfactual_explanation,answer_changed,counterfactual_context_changed,change_summary,changed_span_original,changed_span_counterfactual,cf_generation_warnings
target_deepseek_r1_32b__aux_gemma4_e4b,230,12612531,Fragility of the esophageal mucosa: a pathognomonic endoscopic sign of primary eosinophilic esophagitis?,yes,True,0,pathognomonic_status,other,Whether the esophageal mucosal fragility is definitively considered a pathognomonic sign.,Possibly pathognomonic,Not pathognomonic / Only suggestive of EoE,True,yes,"Yes, fragility of the esophageal mucosa is considered a pathognomonic endoscopic sign.",The abstract describes fragile esophageal mucosa as a 'possibly pathognomonic' sign observed in all patients with primary eosinophilic esophagitis.,maybe,Fragility of the esophageal mucosa is suggestive but not definitively pathognomonic for primary eosinophilic esophagitis.,"The abstract describes fragile esophageal mucosa as a sign only suggestive of EoE, indicating it's indicative but not exclusive.",True,True,The status of the esophageal mucosal fragility was changed from being possibly pathognomonic to merely suggestive of EoE.,possibly pathognomonic sign,sign only suggestive of EoE,[]
target_deepseek_r1_32b__aux_gemma4_e4b,230,12612531,Fragility of the esophageal mucosa: a pathognomonic endoscopic sign of primary eosinophilic esophagitis?,yes,True,1,primary_eosinophilic_esophagitis,disease or condition,The specific inflammatory disorder associated with the fragile mucosa.,Primary eosinophilic esophagitis,Gastroesophageal reflux disease (GERD),True,yes,"Yes, fragility of the esophageal mucosa is considered a pathognomonic endoscopic sign.",The abstract describes fragile esophageal mucosa as a 'possibly pathognomonic' sign observed in all patients with primary eosinophilic esophagitis.,no,"No, fragility of the esophageal mucosa is not a pathognomonic endoscopic sign of primary eosinophilic esophagitis.","The abstract describes fragile esophageal mucosa as a possible pathognomonic sign for GERD, not for primary eosinophilic esophagitis.",True,True,The specific inflammatory disorder was changed from Primary eosinophilic esophagitis to Gastroesophageal reflux disease (GERD).,"Primary eosinophilic esophagitis (in BACKGROUND, BACKGROUND, and METHODS)","Gastroesophageal reflux disease (GERD) (in BACKGROUND, BACKGROUND, and METHODS)",[]
target_deepseek_r1_32b__aux_gemma4_e4b,230,12612531,Fragility of the esophageal mucosa: a pathognomonic endoscopic sign of primary eosinophilic esophagitis?,yes,True,2,observation_scope,other,The frequency with which the fragile mucosa was observed in the patient cohort.,Observed in all patients,Observed only in some patients / Not consistently observed,True,yes,"Yes, fragility of the esophageal mucosa is considered a pathognomonic endoscopic sign.",The abstract describes fragile esophageal mucosa as a 'possibly pathognomonic' sign observed in all patients with primary eosinophilic esophagitis.,maybe,Fragility of the esophageal mucosa is possibly a pathognomonic sign.,"The abstract describes fragile esophageal mucosa as a 'possibly pathognomonic' sign, indicating uncertainty about its definitive diagnostic specificity.",True,True,The observation scope of the fragile esophageal mucosa was changed from being present in all patients to being observed only in some patients.,"All patients had extremely fragile, inelastic, and delicate mucosa","Some patients had extremely fragile, inelastic, and delicate mucosa",[]
target_deepseek_r1_32b__aux_gemma4_e4b,254,9602458,Does the Child Health Computing System adequately identify children with cerebral palsy?,no,True,0,proportion_of_nicpr_cases_missed,measured outcome,The percentage of cases recorded in the Northern Ireland Cerebral Palsy Register (NICPR) that were not found on the Child Health Computing System (CHCS).,47 per cent,less than 5 per cent,True,no,"No, the system does not adequately identify children with CP.",The CHCS missed over half of the CP cases recorded elsewhere and included false positives.,maybe,The system adequately identifies most cases but has some inaccuracies.,"While CHCS correctly identified most children with CP, it also had a significant number of false positives, indicating some inaccuracy.",True,True,The proportion of NICPR cases missed by the CHCS was changed from '47 per cent' to 'less than 5 per cent'.,47 per cent,less than 5 per cent,[]
target_deepseek_r1_32b__aux_gemma4_e4b,254,9602458,Does the Child Health Computing System adequately identify children with cerebral palsy?,no,True,1,proportion_of_false_positives,measured outcome,"The percentage of cases recorded on the CHCS that were not found on the NICPR, indicating potential false positives.",12 per cent (10 out of 82),less than 1 per cent,True,no,"No, the system does not adequately identify children with CP.",The CHCS missed over half of the CP cases recorded elsewhere and included false positives.,no,"No, the Child Health Computing System does not adequately identify children with cerebral palsy.",The system missed nearly half of the cases recorded in the NICPR and had a small number of false positives.,False,True,The proportion of CHCS cases not found on the NICPR was changed from 12 per cent to less than 1 per cent.,10 (12 per cent),fewer than 2 cases (less than 1 per cent),[]
target_deepseek_r1_32b__aux_gemma4_e4b,254,9602458,Does the Child Health Computing System adequately identify children with cerebral palsy?,no,True,2,age_range_of_sample,other,The age group of the children included in the comparative survey.,5-9 years,infants (0-2 years),False,no,"No, the system does not adequately identify children with CP.",The CHCS missed over half of the CP cases recorded elsewhere and included false positives.,no,"No, the system does not adequately identify children with cerebral palsy.","The CHCS missed 47% of CP cases from NICPR and included 12% that were not in NICPR, indicating inadequate identification.",False,True,The age range of the sample population was changed from '5-9 years' to 'infants (0-2 years)'.,aged 5-9 years,aged infants (0-2 years),[]
target_deepseek_r1_32b__aux_gemma4_e4b,264,11838307,Cold knife conization vs. LEEP. Are they the same procedure?,no,True,0,mean_length_difference,measured outcome,The difference in mean length of the excised specimens between cold knife conization and LEEP.,1.5 cm vs 1.0 cm (P = .001),1.2 cm vs 1.1 cm (P > .05),True,no,"No, they are not the same procedure.","The study shows that cold knife conization removes significantly more tissue than LEEP, indicating they are different procedures.",no,"No, cold knife conization and LEEP are not the same procedure.","The study shows that cold knife conization removes more tissue than LEEP, as indicated by larger diameter and significantly higher weight of specimens.",False,True,"The mean difference in the length of excised specimens between cold knife conization and LEEP was changed from a statistically significant difference (1.5 vs 1.0 cm, P = .001) to a non-significant difference (1.2 vs 1.1 cm, P > .05).",Mean length of cold knife cone specimens was 1.5 vs. 1.0 cm for LEEP (P = .001).,Mean length of cold knife cone specimens was 1.2 vs. 1.1 cm for LEEP (P > .05).,[]
target_deepseek_r1_32b__aux_gemma4_e4b,264,11838307,Cold knife conization vs. LEEP. Are they the same procedure?,no,True,1,mean_weight_difference,measured outcome,The difference in mean weight of the excised specimens between cold knife conization and LEEP.,4.4 g vs 2.0 g (P = .001),3.5 g vs 1.8 g (P > .05),True,no,"No, they are not the same procedure.","The study shows that cold knife conization removes significantly more tissue than LEEP, indicating they are different procedures.",no,"No, cold knife conization and LEEP are not the same procedure.","The study compared the amount of tissue removed during LEEP vs. cold knife conization, showing differences in diameter, length, and weight of specimens, indicating they are distinct procedures.",False,True,"The mean weight difference between cold knife conization and LEEP changed from a statistically significant difference (4.4 g vs 2.0 g, P = .001) to a non-significant difference (3.5 g vs 1.8 g, P > .05).",Mean weight for cold knife cone specimens was 4.4 vs. 2.0 g for LEEP (P = .001).,Mean weight for cold knife cone specimens was 3.5 g vs 1.8 g (P > .05).,[]
target_deepseek_r1_32b__aux_gemma4_e4b,296,10759659,The nurse cystoscopist: a feasible option?,yes,True,0,kappa_agreement,statistical significance,The chance-corrected proportional agreement measure between the UNP and the consultant urologist.,0.94,0.65,True,yes,The nurse cystoscopist is a feasible option.,"The study shows that a trained urology nurse practitioner achieved comparable accuracy to a consultant urologist in detecting bladder tumors, with only minor discrepancies.",yes,The nurse cystoscopist is a feasible option.,"The study shows that a trained urology nurse practitioner achieved comparable accuracy to a consultant urologist in detecting bladder tumors, with only minor discrepancies.",False,True,"The Kappa statistic value for agreement was changed from 0.94 to 0.65, and the descriptive interpretation of 'very close agreement' was minimally adjusted to 'moderate agreement' to maintain internal consistency.","Analysis using the chance-corrected proportional agreement (Kappa) was 0.94, indicating very close agreement.","Analysis using the chance-corrected proportional agreement (Kappa) was 0.65, indicating moderate agreement.",[]
target_deepseek_r1_32b__aux_gemma4_e4b,296,10759659,The nurse cystoscopist: a feasible option?,yes,True,1,missed_tumors_count,numerical size,The total number of tumors missed by either the UNP or the consultant urologist.,2,5 or more,True,yes,The nurse cystoscopist is a feasible option.,"The study shows that a trained urology nurse practitioner achieved comparable accuracy to a consultant urologist in detecting bladder tumors, with only minor discrepancies.",yes,"Yes, the nurse cystoscopist is a feasible option.","The study shows high agreement between the UNP and the consultant urologist, suggesting feasibility.",False,True,The reported number of missed tumors increased from a specific count of two to '5 or more'.,One tumour was missed by the UNP and one by the urologist,A total of 5 or more tumours were missed by either the UNP or the consultant urologist,[]
target_deepseek_r1_32b__aux_gemma4_e4b,307,9550200,Does lunar position influence the time of delivery?,yes,True,0,correlation_lunar_delivery,measured outcome,The existence of a connection or correlation between the distribution of spontaneous deliveries and the lunar cycle/month.,A connection was found (implying influence).,No significant connection was found.,True,yes,"Yes, lunar position influences the time of delivery.","The study found a correlation between the distribution of spontaneous deliveries and the lunar month, especially after the full moon.",no,"No, lunar position does not influence the time of delivery.",The study found no significant connection between lunar phases and the distribution of spontaneous full-term deliveries.,True,True,"The primary finding regarding a correlation between delivery timing and the lunar cycle was changed from 'A connection... was found' to 'No significant connection... was found.' Consequently, the specific interpretation about the relevance of moon phases in high-parity women was also negated for internal consistency.","A connection between the distribution of spontaneous full-term deliveries and the lunar month was found. The effect of the phases of the moon seems to be particularly relevant in multiparae and plurigravidae; in these cases, the mean day of delivery corresponds to the first or second day after the full moon.",No significant connection between the distribution of spontaneous full-term deliveries and the lunar month was found. The effect of the phases of the moon did not appear particularly relevant in multiparae or plurigravidae.,[]
target_deepseek_r1_32b__aux_gemma4_e4b,307,9550200,Does lunar position influence the time of delivery?,yes,True,1,high_risk_parity_group,comparison group,The specific groups (multiparae and plurigravidae) where the influence of lunar position was observed.,Multiparae and plurigravidae.,All parities/No specific group mentioned.,True,yes,"Yes, lunar position influences the time of delivery.","The study found a correlation between the distribution of spontaneous deliveries and the lunar month, especially after the full moon.",yes,"Yes, lunar position influences the time of delivery.",The study found that spontaneous full-term deliveries were more likely to occur on the first or second day after the full moon.,False,True,Changed the specific high-risk parity group (multiparae and plurigravidae) to reflect that the effect was observed across all parities.,"The effect of the phases of the moon seems to be particularly relevant in multiparae and plurigravidae; in these cases, the mean day of delivery corresponds to the first or second day after the full moon.","The effect of the phases of the moon seems to be particularly relevant across all parities; in these cases, the mean day of delivery corresponds to the first or second day after the full moon.",[]
target_deepseek_r1_32b__aux_gemma4_e4b,309,11296674,Prostatic syndrome and pleural effusion: are they different diseases?,maybe,False,0,prostate_pleural_effusion_relationship,disease or condition,Whether pleural effusion is considered a distinct condition or a known complication/manifestation of the underlying prostatic neoplasm.,Separate entities / Distinct conditions (as argued by the model),Pleural effusion is a direct metastatic manifestation or common complication of advanced prostate cancer,True,yes,Prostatic syndrome and pleural effusion are different diseases.,"The abstract discusses prostate neoplasms (prostate cancer) and pleural effusion as separate entities related to different sites, indicating they are distinct conditions.",yes,Prostatic syndrome and pleural effusion are different diseases.,"The abstract indicates that pleural effusion was due to metastatic spread from prostatic neoplasm, showing they are distinct conditions.",False,True,The interpretation of pleural effusion changed from being a separate or inconclusive finding to being explicitly identified as a direct metastatic manifestation of advanced prostate cancer.,Metastatic carcinoma of the prostate was discarded due to the form of presentation.,"Pleural effusion was found, consistent with metastatic spread from the primary prostatic neoplasm.",[]
target_deepseek_r1_32b__aux_gemma4_e4b,329,17704864,Is laparoscopic adrenalectomy safe and effective for adrenal masses larger than 7 cm?,yes,False,0,complication_rate,measured outcome,The rate of intraoperative complications observed during the procedure.,16%,< 5%,True,maybe,"Laparoscopic adrenalectomy can be performed for adrenal masses larger than 7 cm, but it is associated with a risk of complications and possible conversion to open surgery.","The study reports that LA was successfully performed in most cases (15 out of 18), though three required conversion to open surgery. The complication rate was 16%, indicating some risks.",yes,Laparoscopic adrenalectomy is safe and effective for adrenal masses larger than 7 cm.,"The study reports low intraoperative complication rates (<5%) and successful outcomes in most cases, though three required conversion to open surgery.",True,True,The reported complication rate (from 16% to < 5%).,the rate of intraoperative complications was 16%,the rate of intraoperative complications was < 5%,[]
target_deepseek_r1_32b__aux_gemma4_e4b,329,17704864,Is laparoscopic adrenalectomy safe and effective for adrenal masses larger than 7 cm?,yes,False,1,conversion_to_open_surgery_rate,measured outcome,The proportion of patients requiring conversion from laparoscopic to open surgery.,3 cases (out of 18),0 cases,True,maybe,"Laparoscopic adrenalectomy can be performed for adrenal masses larger than 7 cm, but it is associated with a risk of complications and possible conversion to open surgery.","The study reports that LA was successfully performed in most cases (15 out of 18), though three required conversion to open surgery. The complication rate was 16%, indicating some risks.",maybe,Laparoscopic adrenalectomy may be safe and effective for adrenal masses larger than 7 cm.,"The study shows that LA was performed without conversion to open surgery, but complications occurred in 16% of cases. The small sample size and lack of long-term data limit definitive conclusions.",False,True,The conversion rate from laparoscopic to open surgery was changed from 3 cases (out of 18) to 0 cases.,and in three cases we switched from laparoscopic procedure to open surgery.,and in 0 cases we switched from laparoscopic procedure to open surgery.,[]
target_deepseek_r1_32b__aux_gemma4_e4b,329,17704864,Is laparoscopic adrenalectomy safe and effective for adrenal masses larger than 7 cm?,yes,False,2,minimum_adrenal_lesion_size,numerical size,The minimum size threshold for adrenal lesions studied.,larger than 7 cm,smaller than 3 cm,False,maybe,"Laparoscopic adrenalectomy can be performed for adrenal masses larger than 7 cm, but it is associated with a risk of complications and possible conversion to open surgery.","The study reports that LA was successfully performed in most cases (15 out of 18), though three required conversion to open surgery. The complication rate was 16%, indicating some risks.",maybe,The safety and effectiveness of laparoscopic adrenalectomy for adrenal masses larger than 7 cm is not determined by the provided abstract.,"The study focuses on adrenal lesions smaller than 3 cm, with no data on masses over 6 cm. Therefore, it doesn't address the question about masses larger than 7 cm.",False,True,"The minimum adrenal lesion size threshold was changed from 'larger than 7 cm' to 'smaller than 3 cm'. Consequently, the reported mean tumor size and range in the RESULTS section were adjusted from 8.3 cm (range 7-13 cm) to 2.5 cm (range 1-4 cm) for internal consistency.","larger than 7 cm (in background), larger than 7 cm (in methods), The mean tumor size was 8.3 cm (range 7-13 cm) (in results)","smaller than 3 cm (in background), smaller than 3 cm (in methods), The mean tumor size was 2.5 cm (range 1-4 cm) (in results)",[]
target_deepseek_r1_32b__aux_gemma4_e4b,332,26399179,Eyelid-parotid metastasis: do we screen for coexisting masses?,yes,True,0,metastasis_occurrence,measured outcome,The observation that primary tumors can metastasize between the eyelid and parotid gland.,Observed (in multiple cases),Not observed or extremely rare,True,yes,"Yes, we should screen for coexisting masses.","The cases reported show that primary tumors in one area can metastasize to another, indicating the importance of screening for coexisting masses.",maybe,It is uncertain whether we screen for coexisting masses.,The abstract reports rare cases of metastasis without mentioning screening protocols.,True,True,"The objective statement was changed to reflect that metastasis between the eyelid and parotid gland is 'extremely rare,' shifting the overall reported frequency of this occurrence.",To report three cases illustrating that it is not unusual for a primary eyelid tumour to metastasise to the parotid gland and vice versa.,"To report three cases suggesting that metastasis from a primary eyelid tumour to the parotid gland, or vice versa, is extremely rare.",[]
target_deepseek_r1_32b__aux_gemma4_e4b,332,26399179,Eyelid-parotid metastasis: do we screen for coexisting masses?,yes,True,1,tumor_malignancy,disease or condition,The nature of the primary tumors (whether they are malignant or benign).,Malignant,Benign,True,yes,"Yes, we should screen for coexisting masses.","The cases reported show that primary tumors in one area can metastasize to another, indicating the importance of screening for coexisting masses.",maybe,It is uncertain if we screen for coexisting masses.,The abstract describes cases of metastasis between the eyelid and parotid gland but does not provide information on screening practices.,True,True,The nature of the primary tumors was changed from malignant to benign.,malignant parotid tumours,benign parotid tumours,[]
target_deepseek_r1_32b__aux_gemma4_e4b,355,25371231,Is vitamin D insufficiency or deficiency related to the development of osteochondritis dissecans?,maybe,True,0,prevalence_of_vitamin_d_deficiency,measured outcome,The proportion of patients in the study who exhibited vitamin D deficiency or insufficiency.,High (18/23 had distinct deficiency; 5 were insufficient/low normal),"Low (e.g., only 3/23 affected)",True,maybe,Vitamin D deficiency or insufficiency may be associated with OCD.,"The majority of patients had vitamin D deficiency or insufficiency, suggesting a possible link, but the study's small size and observational design limit definitive conclusions.",no,Vitamin D insufficiency or deficiency is not related to the development of osteochondritis dissecans.,"The study found that only a small proportion of patients had vitamin D3 deficiency, and none were insufficient, suggesting no significant relationship.",True,True,The prevalence of vitamin D deficiency was changed from high (18/23 deficient; 5 total affected) to low (only 3/23 affected).,"In the majority of patients (18/23), a distinct vitamin D3 deficiency was found, two patients were vitamin D3-insufficient and, in three patients, the vitamin D3 level reached the lowest normal value.","Only a small proportion of patients (e.g., 3/23) exhibited vitamin D3 deficiency, and no patients were found to be vitamin D3-insufficient.",[]
target_deepseek_r1_32b__aux_gemma4_e4b,355,25371231,Is vitamin D insufficiency or deficiency related to the development of osteochondritis dissecans?,maybe,True,1,study_design,study design,"The type of study conducted, which limits the ability to establish causation.",Prospective pilot/Observational,Randomized controlled trial (RCT),True,maybe,Vitamin D deficiency or insufficiency may be associated with OCD.,"The majority of patients had vitamin D deficiency or insufficiency, suggesting a possible link, but the study's small size and observational design limit definitive conclusions.",yes,"Yes, vitamin D insufficiency or deficiency is related to the development of osteochondritis dissecans.","The study found that most patients with OCD had vitamin D deficiency or insufficiency, indicating a possible association.",True,True,Changed the study design from a 'prospective pilot study' to a 'randomized controlled trial (RCT)' in the purpose statement.,The aim of this prospective pilot study,This randomized controlled trial aimed,[]
target_deepseek_r1_32b__aux_gemma4_e4b,355,25371231,Is vitamin D insufficiency or deficiency related to the development of osteochondritis dissecans?,maybe,True,2,ocd_lesion_severity,disease or condition,The stage of the osteochondritis dissecans lesion in the patient population.,Stage III or stages III and IV (Advanced),Mild/early stage OCD lesions,False,maybe,Vitamin D deficiency or insufficiency may be associated with OCD.,"The majority of patients had vitamin D deficiency or insufficiency, suggesting a possible link, but the study's small size and observational design limit definitive conclusions.",maybe,Vitamin D insufficiency or deficiency may be related to the development of osteochondritis dissecans.,"The study found that most patients with OCD had vitamin D deficiency or insufficiency, suggesting a possible association.",False,True,The description of the lesion severity in the methods section was changed from advanced stages (Stage III or IV) to mild/early stage lesions.,"a stage III, or stages III and IV",mild/early stage OCD lesions,[]
target_deepseek_r1_32b__aux_gemma4_e4b,389,24964725,"Recovery Outcome Measures: Is There a Place for Culture, Attitudes, and Faith?",yes,True,0,relevance_of_culture_and_faith,measured outcome,"Whether cultural, faith-based, and personal attitudes are considered relevant factors in measuring recovery outcomes.",Relevant (The study questions their role),Irrelevant/Not necessary for outcome measurement,True,yes,"Yes, culture, attitudes, and faith have a place in recovery outcome measures.","The study questions the role of RAQ in linking attitudes, faith, and culture to recovery, indicating their relevance in multicultural societies.",no,"No, culture, attitudes, and faith do not significantly impact core recovery outcome measures.",The study found that these factors are secondary when measuring mental health recovery in secular multicultural societies.,True,True,"The abstract was changed from suggesting that the study raised questions about the relevance of cultural/faith links to stating that these factors do not significantly impact core recovery outcomes, making them irrelevant for primary measurement.","including links between attitudes, faith, and culture in supporting the recovery journey. These questions are particularly important when considered in the context of people with mental illness who live in secular multicultural societies.","found that attitudes, faith, and culture do not significantly impact core recovery outcome measures. These factors are considered secondary when measuring mental health recovery in secular multicultural societies.",[]
target_deepseek_r1_32b__aux_gemma4_e4b,389,24964725,"Recovery Outcome Measures: Is There a Place for Culture, Attitudes, and Faith?",yes,True,1,type_of_society,comparison group,"The nature of the society where people with mental illness live (e.g., secular multicultural vs. homogenous).",Secular multicultural societies,"Homogenous, non-multicultural settings",True,yes,"Yes, culture, attitudes, and faith have a place in recovery outcome measures.","The study questions the role of RAQ in linking attitudes, faith, and culture to recovery, indicating their relevance in multicultural societies.",yes,"Yes, there is a place for culture, attitudes, and faith.","The abstract highlights the importance of considering attitudes, faith, and culture in supporting recovery, particularly in non-multicultural settings.",False,True,"The type of society context for people with mental illness was changed from 'Secular multicultural societies' to 'Homogenous, non-multicultural settings'.",secular multicultural societies,"Homogenous, non-multicultural settings",[]
target_deepseek_r1_32b__aux_gemma4_e4b,397,16776337,Pituitary apoplexy: do histological features influence the clinical presentation and outcome?,yes,True,0,histological_features,comparison group,The specific histopathological grouping used to divide patients with pituitary apoplexy.,Infarction alone vs. Hemorrhagic infarction and/or frank hemorrhage,No significant difference in histological features between groups,True,yes,"Yes, histological features do influence clinical presentation and outcome.","The study compared patients with pituitary apoplexy based on histological features (infarction alone vs. hemorrhagic infarction/hemorrhage) to assess their impact on symptoms, clinical features, endocrinology, and outcomes.",no,"No, histological features do not significantly influence clinical presentation or outcome.","The study found no significant difference in presenting symptoms, clinical features, endocrinological status, and outcome between the two histologically defined groups.",True,True,The specific description of the two contrasting histological groups (infarction alone vs. hemorrhagic infarction) was replaced by a statement reflecting that there was no significant difference in histological features found between the analyzed groups.,"one group with infarction alone, comprising 22 patients; and the other with hemorrhagic infarction and/or frank hemorrhage, comprising 37 patients.",", which showed no significant difference between groups.",[]
target_deepseek_r1_32b__aux_gemma4_e4b,397,16776337,Pituitary apoplexy: do histological features influence the clinical presentation and outcome?,yes,True,1,measured_outcome,measured outcome,The specific clinical and physiological aspects of the patient status assessed by the study.,"Presenting symptoms, clinical features, endocrinological status, and outcome",Only short-term mortality rate,True,yes,"Yes, histological features do influence clinical presentation and outcome.","The study compared patients with pituitary apoplexy based on histological features (infarction alone vs. hemorrhagic infarction/hemorrhage) to assess their impact on symptoms, clinical features, endocrinology, and outcomes.",yes,"Yes, histological features influence clinical presentation and outcome.",The study was designed to determine if histopathological features affect clinical presentation or outcome by comparing short-term mortality rates between groups with different histological features.,False,True,"Replaced the comprehensive list of measured outcomes (presenting symptoms, clinical features, endocrinological status, and outcome) with a focus solely on the short-term mortality rate.","The presenting symptoms, clinical features, endocrinological status, and outcome were compared between the two groups.",Only the short-term mortality rate was compared between the two groups.,[]
target_deepseek_r1_32b__aux_gemma4_e4b,397,16776337,Pituitary apoplexy: do histological features influence the clinical presentation and outcome?,yes,True,2,study_design,study design,The type of analysis performed on the patient cohort.,Retrospective analysis,Prospective randomized controlled trial,False,yes,"Yes, histological features do influence clinical presentation and outcome.","The study compared patients with pituitary apoplexy based on histological features (infarction alone vs. hemorrhagic infarction/hemorrhage) to assess their impact on symptoms, clinical features, endocrinology, and outcomes.",yes,"Yes, histological features influence both clinical presentation and outcome.","The study compared two groups of patients with pituitary apoplexy based on histological features (infarction alone vs. hemorrhagic infarction/frank hemorrhage), suggesting that these features affect clinical presentation and outcomes.",False,True,"The study design was changed from 'retrospective analysis' to 'prospective randomized controlled trial'. Minor grammatical adjustments were made in both [OBJECT] and [METHODS] sections (e.g., changing 'was performed' to 'was conducted' or 'enrolled') to maintain internal consistency with the new study type.","A retrospective analysis of a contemporary series of patients with pituitary apoplexy was performed to ascertain whether the histopathological features influence the clinical presentation or the outcome.
[METHODS] A retrospective analysis was performed in 59 patients treated for pituitary apoplexy at the University of Virginia Health System, Charlottesville, Virginia, or Groote Schuur Hospital, University of Cape Town, South Africa.","A prospective randomized controlled trial involving a contemporary series of patients with pituitary apoplexy was conducted to ascertain whether the histopathological features influence the clinical presentation or the outcome.
[METHODS] A prospective randomized controlled trial enrolled 59 patients treated for pituitary apoplexy at the University of Virginia Health System, Charlottesville, Virginia, or Groote Schuur Hospital, University of Cape Town, South Africa.",[]
target_deepseek_r1_32b__aux_gemma4_e4b,466,23375036,An HIV1/2 point of care test on sputum for screening TB/HIV co-infection in Central India - Will it work?,yes,True,0,sensitivity_and_specificity,measured outcome,The reported performance metrics of the assay compared to serum ELISA.,90% sensitivity and 100% specificity,"Low sensitivity (e.g., 50%) or low specificity (e.g., 80%)",True,yes,"Yes, the OraQuick® HIV-1/2 Assay in sputum works effectively.","The assay showed high sensitivity (90%) and specificity (100%), making it a valid tool for screening TB/HIV co-infection.",maybe,It might work but with limitations.,"The OraQuick® test has high specificity and negative predictive value but low sensitivity (50%), potentially missing half of HIV cases. It may be useful for confirmation rather than primary screening.",True,True,"The reported performance metrics for the assay were changed from high values (90% sensitivity, 100% specificity) to low values (50% sensitivity, 80% specificity).",reported 90% sensitivity (9/10) and 100% specificity (307/307),reported 50% sensitivity (5/10) and 80% specificity (320/400),[]
target_deepseek_r1_32b__aux_gemma4_e4b,466,23375036,An HIV1/2 point of care test on sputum for screening TB/HIV co-infection in Central India - Will it work?,yes,True,1,patient_population,comparison group,The group of patients tested in the study.,Patients diagnosed with tuberculosis (TB),General community population without known TB diagnosis,False,yes,"Yes, the OraQuick® HIV-1/2 Assay in sputum works effectively.","The assay showed high sensitivity (90%) and specificity (100%), making it a valid tool for screening TB/HIV co-infection.",yes,"Yes, the OraQuick® HIV-1/2 Assay in sputum is a valid tool for HIV surveillance.","The study showed high sensitivity (90%) and specificity (100%), making it effective for detecting HIV in sputum samples.",False,True,The patient population was changed from 'Patients diagnosed with tuberculosis (TB)' to 'General community population without known TB diagnosis'.,TB patients; sputa of patients diagnosed with tuberculosis,members of the general community; sputum specimens collected from members of the general community,[]
target_deepseek_r1_32b__aux_gemma4_e4b,466,23375036,An HIV1/2 point of care test on sputum for screening TB/HIV co-infection in Central India - Will it work?,yes,True,2,specimen_type,other,The biological sample used for the test.,Sputum,Blood serum or plasma,False,yes,"Yes, the OraQuick® HIV-1/2 Assay in sputum works effectively.","The assay showed high sensitivity (90%) and specificity (100%), making it a valid tool for screening TB/HIV co-infection.",maybe,"It may work, but the study only tested blood samples.","The study evaluated OraQuick® using blood serum or plasma, not sputum. Therefore, its effectiveness on sputum is uncertain.",True,True,The specimen type was changed from Sputum to Blood serum or plasma throughout the abstract context.,sputum; sputa; sputum specimens,blood serum or plasma; blood serum or plasma samples; blood serum or plasma specimens,[]
target_deepseek_r1_32b__aux_gemma4_e4b,469,27136599,Is it safe to perform rectal anastomosis in gynaecological debulking surgery without a diverting stoma?,yes,False,0,anastomotic_leakage_rate,measured outcome,The incidence rate of anastomotic leakage following colorectal resection.,Not provided (only stated as the primary outcome),Low rate when stoma is present; High rate when stoma is absent,True,maybe,It is uncertain whether rectal anastomosis without a diverting stoma is safe.,"The abstract does not provide specific rates of anastomotic leakage with or without a diverting stoma, making it unclear if performing the procedure without a stoma is safe.",no,It is not safe to perform rectal anastomosis without a diverting stoma.,"The study found that the rate of anastomotic leakage was high when a diverting stoma was absent, indicating increased risk.",True,True,Updated the description of the primary outcome from merely stating that anastomotic leakage was measured to reporting the established finding regarding its incidence rate based on the presence or absence of a diverting stoma.,The primary outcome was anastomotic leakage in the presence or absence of a diverting stoma.,"The primary outcome assessed the rate of anastomotic leakage, which was found to be low when a diverting stoma was present and high when it was absent.",[]
target_deepseek_r1_32b__aux_gemma4_e4b,469,27136599,Is it safe to perform rectal anastomosis in gynaecological debulking surgery without a diverting stoma?,yes,False,1,diverting_stoma_presence,comparison group,The presence or absence of a diverting loop ileostomy/stoma.,Variable (compared in the study),Always required for anastomosis without stoma,True,maybe,It is uncertain whether rectal anastomosis without a diverting stoma is safe.,"The abstract does not provide specific rates of anastomotic leakage with or without a diverting stoma, making it unclear if performing the procedure without a stoma is safe.",no,It is not safe to perform rectal anastomosis in gynecological debulking surgery without a diverting stoma.,"The study shows that when anastomosis was performed without a stoma, a diverting loop ileostomy became necessary, indicating potential complications.",True,True,Changed the study's focus from comparing outcomes with or without a diverting stoma (variable) to assuming that a diverting stoma is always required for safety during anastomosis.,"The primary outcome was anastomotic leakage in the presence or absence of a diverting stoma.
... 
In three (8%) patients, a diverting loop ileostomy was created.","The primary outcome was anastomotic leakage in procedures where a diverting stoma was mandatory.
... 
For all eligible patients undergoing anastomosis without stoma, a diverting loop ileostomy was required and created.",[]
target_deepseek_r1_32b__aux_gemma4_e4b,472,11149643,Is semi-closed endarterectomy of the superficial femoral artery combined with a short venous bypass in case of insufficient venous material an acceptable alternative for limb-threatening ischemia?,yes,True,0,limb_salvage_rate,measured outcome,The rate of limb salvage observed at 1 and 3 years post-procedure.,68.6% at 1 and at 3 years,< 50%,True,yes,"Yes, the procedure is an acceptable alternative.","The study shows a 68.6% limb salvage rate at both one and three years, suggesting that semi-closed endarterectomy combined with a short venous bypass can be effective in managing limb-threatening ischemia when venous material is insufficient.",maybe,The procedure shows moderate success rates.,"While the patency and limb salvage rates are below 50%, this approach may be considered in cases where other options are unavailable.",True,True,Changed the reported limb salvage rate from 68.6% to less than 50%.,The limb salvage rate was 68.6% at 1 and at 3 years.,The limb salvage rate was < 50% at 1 and at 3 years.,[]
target_deepseek_r1_32b__aux_gemma4_e4b,472,11149643,Is semi-closed endarterectomy of the superficial femoral artery combined with a short venous bypass in case of insufficient venous material an acceptable alternative for limb-threatening ischemia?,yes,True,1,critical_leg_ischemia,disease or condition,The severity of the underlying vascular condition requiring intervention.,Critical leg ischemia (limb-threatening),Mild peripheral arterial disease,True,yes,"Yes, the procedure is an acceptable alternative.","The study shows a 68.6% limb salvage rate at both one and three years, suggesting that semi-closed endarterectomy combined with a short venous bypass can be effective in managing limb-threatening ischemia when venous material is insufficient.",maybe,The procedure shows potential but has moderate success rates.,"The study reports a limb salvage rate of 68.6% at both 1 and 3 years, indicating some effectiveness, though primary patency rates are lower.",True,True,The underlying vascular condition requiring intervention was changed from critical leg ischemia to mild peripheral arterial disease.,critical leg ischemia,mild peripheral arterial disease,[]
target_deepseek_r1_32b__aux_gemma4_e4b,472,11149643,Is semi-closed endarterectomy of the superficial femoral artery combined with a short venous bypass in case of insufficient venous material an acceptable alternative for limb-threatening ischemia?,yes,True,2,insufficient_venous_material,other,The constraint defining the patient population that requires this specific alternative procedure.,Insufficient venous material for straightforward femorocrural reconstruction,Sufficient venous material for straightforward femorocrural reconstruction,True,yes,"Yes, the procedure is an acceptable alternative.","The study shows a 68.6% limb salvage rate at both one and three years, suggesting that semi-closed endarterectomy combined with a short venous bypass can be effective in managing limb-threatening ischemia when venous material is insufficient.",no,"No, based on the provided context.",The study specifically included patients with sufficient venous material for reconstruction. There is no information about outcomes when venous material is insufficient.,True,True,The patient population constraint was changed from requiring insufficient venous material to having sufficient venous material.,insufficient venous material for a straightforward femorocrural reconstruction,sufficient venous material for straightforward femorocrural reconstruction,[]
target_deepseek_r1_32b__aux_gemma4_e4b,481,10798511,Blunt trauma in intoxicated patients: is computed tomography of the abdomen always necessary?,no,False,0,proportion_requiring_abdominal_exploration,measured outcome,"The percentage of patients who, despite having an identified abdominal injury via CT, required surgical exploration.",0.6%,25%,False,maybe,Computed tomography is not always necessary but should be considered based on additional risk factors.,"While most intoxicated blunt trauma patients had negative CT scans, some injuries were detected. The necessity of CT may depend on other clinical factors beyond those studied.",maybe,Computed tomography is not always necessary but should be considered based on additional risk factors.,"While most intoxicated blunt trauma patients had negative CT scans, some with abdominal injuries were identified, especially those with major chest injuries. Thus, CT may not always be necessary but should be considered in cases with specific risk factors.",False,True,"The proportion of patients who required abdominal exploration, given an identified injury via CT, was changed from 0.6% to 25%. To maintain internal consistency while keeping the count of patients needing exploration at 2, the total number of injured patients was minimally adjusted from 7 to 8.","Abdominal injuries were identified in 7 patients (2%), with only 2 (0.6%) requiring abdominal exploration.","Abdominal injuries were identified in 8 patients (2%), with only 2 (25%) requiring abdominal exploration.",[]
target_deepseek_r1_32b__aux_gemma4_e4b,481,10798511,Blunt trauma in intoxicated patients: is computed tomography of the abdomen always necessary?,no,False,1,physical_examination_status,other,The requirement for the patient to have an unremarkable abdominal physical examination upon admission.,Unremarkable abdominal examination (inclusion criterion),Positive abdominal examination findings,False,maybe,Computed tomography is not always necessary but should be considered based on additional risk factors.,"While most intoxicated blunt trauma patients had negative CT scans, some injuries were detected. The necessity of CT may depend on other clinical factors beyond those studied.",maybe,Computed tomography may not always be necessary.,"While CT scans were negative in most cases (98%), they identified injuries in a small percentage of patients, highlighting the need for imaging when indicated.",False,True,The inclusion criterion for the physical examination status was changed from 'unremarkable abdominal examination' to 'positive abdominal examination findings'.,and unremarkable abdominal examination.,and positive abdominal examination findings.,[]
target_deepseek_r1_32b__aux_gemma4_e4b,481,10798511,Blunt trauma in intoxicated patients: is computed tomography of the abdomen always necessary?,no,False,2,associated_injury_presence,other,"The presence of other major injuries, such as a major chest injury, which is associated with the abdominal injury.",Significant association found (major chest injury),No significant association found,False,maybe,Computed tomography is not always necessary but should be considered based on additional risk factors.,"While most intoxicated blunt trauma patients had negative CT scans, some injuries were detected. The necessity of CT may depend on other clinical factors beyond those studied.",maybe,Computed tomography is not always necessary for intoxicated blunt trauma patients.,"Most patients (98%) had negative CT scans, but a small percentage (2%) did have injuries detected.",False,True,The finding regarding the association between major chest injury and abdominal injury was changed from 'significant' to 'no significant'.,A significant association was found between major chest injury and abdominal injury.,No significant association was found between major chest injury and abdominal injury.,[]
target_deepseek_r1_32b__aux_gemma4_e4b,484,24614789,Is lumbar drainage of postoperative cerebrospinal fluid fistula after spine surgery effective?,yes,True,0,cure_time_comparison,measured outcome,The difference in mean time to cure between the lumbar drainage group and the conservative treatment group.,Drainage group cured faster (mean of 10 days) than the conservative group (mean of 30 days).,"Cure times were similar, or the drainage group was slower to cure compared to the conservative group.",True,yes,"Yes, lumbar drainage was effective.",Lumbar drainage led to faster healing (10 days vs. 30 days conservatively) without complications.,yes,"Yes, lumbar drainage is effective.",All patients treated with lumbar drainage healed without adverse events.,False,True,"The reported cure times were reversed: the conservative group now has a shorter mean cure time (10 days) compared to the drainage group (30 days), indicating that drainage was slower.","Patients treated conservatively were cured in a mean period of 30 days, while patients treated with CSF drainage were cured in a mean period of 10 days.","Patients treated conservatively were cured in a mean period of 10 days, while patients treated with CSF drainage were cured in a mean period of 30 days.",[]
target_deepseek_r1_32b__aux_gemma4_e4b,484,24614789,Is lumbar drainage of postoperative cerebrospinal fluid fistula after spine surgery effective?,yes,True,1,adverse_event_rate,measured outcome,The occurrence of complications or adverse events in patients receiving lumbar drainage.,No adverse events were recorded for either group.,"A significant rate of adverse events (e.g., infection, skin breakdown) was observed in the drainage group.",True,yes,"Yes, lumbar drainage was effective.",Lumbar drainage led to faster healing (10 days vs. 30 days conservatively) without complications.,yes,Lumbar drainage is effective for treating postoperative cerebrospinal fluid fistula after spine surgery.,"The study shows that patients treated with CSF lumbar drainage healed in a mean period of 10 days, compared to 30 days for conservative treatment.",False,True,The finding regarding the occurrence of adverse events was changed from 'no adverse events' to reporting that a significant rate of adverse events was observed specifically in the lumbar drainage group.,and no adverse events were recorded.,", but a significant rate of adverse events (e.g., infection, skin breakdown) was observed in the drainage group.",[]
target_deepseek_r1_32b__aux_gemma4_e4b,493,10331115,Is amoxapine an atypical antipsychotic?,yes,True,0,high_serotonin_5ht2_occupancy,measured outcome,"The level of occupancy at the 5-HT2 receptor, which is a key criterion for atypical antipsychotics.",Near saturation (at doses of 100 mg/day and above),Low or moderate,True,yes,"Yes, amoxapine is an atypical antipsychotic.",Amoxapine meets the criteria for atypical antipsychotics as it shows high 5-HT2 occupancy and greater 5-HT2 than D2 receptor occupancy without exceeding 80% D2 occupancy.,no,Amoxapine is not classified as an atypical antipsychotic.,"The study shows that amoxapine has low to moderate serotonin (5-HT)2 receptor occupancy, which does not meet the criteria for atypical antipsychotics requiring high 5-HT2 occupancy.",True,True,The reported level of 5-HT2 receptor occupancy for amoxapine was changed from 'near saturation' to 'low or moderate'.,5-HT2 receptors showed near saturation at doses of 100 mg/day and above.,5-HT2 receptors showed low or moderate occupancy at doses of 100 mg/day and above.,[]
target_deepseek_r1_32b__aux_gemma4_e4b,493,10331115,Is amoxapine an atypical antipsychotic?,yes,True,1,d2_occupancy_limit,numerical size,"The maximum acceptable level of D2 receptor occupancy to avoid high extrapyramidal side effects, a key criterion for atypical antipsychotics.",Never exceeding 80%,"Exceeding 80% (e.g., 90%)",True,yes,"Yes, amoxapine is an atypical antipsychotic.",Amoxapine meets the criteria for atypical antipsychotics as it shows high 5-HT2 occupancy and greater 5-HT2 than D2 receptor occupancy without exceeding 80% D2 occupancy.,yes,"Yes, amoxapine is an atypical antipsychotic.",Amoxapine meets the criteria of high serotonin (5-HT)2 occupancy and greater 5-HT2 than dopamine (D)2 occupancy as shown in the study.,False,True,"The reported D2 receptor occupancy limit was changed from a safe threshold ('Never exceeding 80%') to an unsafe, high-occupancy level ('Exceeding 80% (e.g., 90%)').",never exceeding 80%,"exceeding 80% (e.g., 90%)",[]
target_deepseek_r1_32b__aux_gemma4_e4b,493,10331115,Is amoxapine an atypical antipsychotic?,yes,True,2,relative_5ht2_d2_occupancy,measured outcome,The required relationship where 5-HT2 receptor occupancy must be greater than D2 receptor occupancy.,5-HT2 > D2 (at all doses),D2 >= 5-HT2,True,yes,"Yes, amoxapine is an atypical antipsychotic.",Amoxapine meets the criteria for atypical antipsychotics as it shows high 5-HT2 occupancy and greater 5-HT2 than D2 receptor occupancy without exceeding 80% D2 occupancy.,no,Amoxapine is not classified as an atypical antipsychotic.,"The study shows that amoxapine has greater D2 receptor occupancy than 5-HT2, which contradicts the characteristic of atypical antipsychotics requiring higher 5-HT2 occupancy.",True,True,The relative relationship between 5-HT2 and D2 receptor occupancy at all tested doses is reversed from 5-HT2 > D2 to D2 >= 5-HT2.,at all doses 5-HT2 occupancy exceeded D2 occupancy.,at all doses D2 occupancy was greater than or equal to 5-HT2 occupancy.,[]
target_deepseek_r1_32b__aux_gemma4_e4b,507,15388567,Are sports medicine journals relevant and applicable to practitioners and athletes?,no,True,0,topic_focus,other,The main subject area of the published articles.,"Sports science, with very few studies related to injury treatment and medical conditions.",A majority of studies focus on injury treatment and medical conditions.,True,no,Sports medicine journals are not highly relevant or applicable.,"The majority of studies focused on sports science with healthy sedentary subjects, lacking relevance for injury treatment in practice.",maybe,Sports medicine journals may not be fully applicable to practitioners and athletes.,"While the journals address relevant topics like injury treatment, they often use sedentary subjects instead of injured athletes, limiting direct applicability.",True,True,Changed the reported frequency and focus of research topics from a minority focus on injury/medical conditions to a majority focus on injury/medical conditions.,"The most common topic was sports science, and very few studies related to the treatment of injuries and medical conditions.",A majority of published articles focused on injury treatment and medical conditions.,[]
target_deepseek_r1_32b__aux_gemma4_e4b,507,15388567,Are sports medicine journals relevant and applicable to practitioners and athletes?,no,True,1,subject_population,comparison group,The type of participants used in the published studies.,Healthy subjects sampled from the sedentary population.,Injured or actively exercising athletes/participants.,True,no,Sports medicine journals are not highly relevant or applicable.,"The majority of studies focused on sports science with healthy sedentary subjects, lacking relevance for injury treatment in practice.",maybe,Sports medicine journals are somewhat relevant but have limitations in applicable research.,"While the journals focus on sports science and use injured athletes as subjects, there's a lack of studies on injury treatment, affecting their full applicability.",True,True,The subject population described in the results section was changed from 'Healthy subjects sampled from the sedentary population' to 'Injured or actively exercising athletes/participants'.,healthy subjects sampled from the sedentary population,injured or actively exercising athletes/participants,[]
target_deepseek_r1_32b__aux_gemma4_e4b,517,25747932,Living in an urban environment and non-communicable disease risk in Thailand: Does timing matter?,yes,True,0,early_life_urban_exposure_vs_proportion,measured outcome,The comparison between early life urban exposure and the cumulative proportion of urban life years.,"Both measures are independently associated with increased risk factors, suggesting timing matters.","Only the total proportion of urban life years is relevant, regardless of when it occurred.",True,yes,"Yes, timing matters.",The study found that early-life urban exposure and the proportion of urban life years were both independently associated with increased NCD risk factors. Early-life urban exposure may increase susceptibility to the effects of prolonged urban living.,no,Timing does not matter.,"The study found that only the cumulative duration of urban life years was independently associated with increased NCD risk factors, while early-life urban exposure did not show a significant effect.",True,True,"Changed the reported finding from 'both measures are important' to 'only the total proportion is relevant,' reflecting that timing does not matter.","Both measures of urbanicity were each independently associated with increases in all behavioral and physiological risk factors. For some biological risk factors, people spending their early life in an urban area may be more susceptible to the effect of increasing proportion of urban life years than those growing up in rural areas.","The cumulative proportion of urban life years was independently associated with increases in all behavioral and physiological risk factors, suggesting that only the total duration matters. Early-life urban exposure did not show an independent association.",[]
target_deepseek_r1_32b__aux_gemma4_e4b,517,25747932,Living in an urban environment and non-communicable disease risk in Thailand: Does timing matter?,yes,True,1,comparison_group_rural,comparison group,The baseline group used for comparison (those growing up in rural areas).,Rural areas (implied contrast to urban exposure).,A different non-urban or alternative living environment was used as the baseline.,True,yes,"Yes, timing matters.",The study found that early-life urban exposure and the proportion of urban life years were both independently associated with increased NCD risk factors. Early-life urban exposure may increase susceptibility to the effects of prolonged urban living.,yes,"Yes, timing matters.","The study found that both early-life urban exposure and the proportion of urban life years were associated with increased NCD risk factors, indicating that timing plays a role.",False,True,The baseline comparison group (rural areas) was generalized to 'an alternative non-urban setting' and 'the designated non-urban comparison setting' throughout the abstract for consistency.,rural) exposure... than those growing up in rural areas.,an alternative non-urban setting) exposure... than those who grew up in the designated non-urban comparison setting.,[]
target_deepseek_r1_32b__aux_gemma4_e4b,517,25747932,Living in an urban environment and non-communicable disease risk in Thailand: Does timing matter?,yes,True,2,association_with_ncd_risk,measured outcome,"The direction of the relationship between urban exposure and NCD risk factors (i.e., increased susceptibility).",Increased risk factors / Increased susceptibility.,"No significant association, or a decreased risk factor.",True,yes,"Yes, timing matters.",The study found that early-life urban exposure and the proportion of urban life years were both independently associated with increased NCD risk factors. Early-life urban exposure may increase susceptibility to the effects of prolonged urban living.,no,Timing does not significantly affect non-communicable disease risk.,Neither early-life urban exposure nor the proportion of urban life years was associated with significant changes in NCD risk factors.,True,True,"The results section was changed to reflect that there is no significant association (or a decreased risk factor) between urbanicity measures and NCD risk factors, replacing the original claim of increased susceptibility.","Both measures of urbanicity were each independently associated with increases in all behavioral and physiological risk factors. For some biological risk factors, people spending their early life in an urban area may be more susceptible to the effect of increasing proportion of urban life years than those growing up in rural areas.","Neither measure of urbanicity was significantly associated with changes in any behavioral or physiological risk factors. For some biological risk factors, no differential susceptibility was observed between people spending their early life in an urban area and those growing up in rural areas.",[]
target_gemma4_31b__aux_gemma4_e4b,254,9602458,Does the Child Health Computing System adequately identify children with cerebral palsy?,no,True,0,percentage_nicpr_missing_from_chcs,measured outcome,The proportion of cases recorded in the Northern Ireland Cerebral Palsy Register (NICPR) that were not found on the Child Health Computing System (CHCS).,47 per cent,less than 10 per cent,True,no,The Child Health Computing System does not adequately identify children with cerebral palsy.,"Of the 135 cases recorded on the Northern Ireland Cerebral Palsy Register, 47 per cent were not found on the Child Health Computing System.",yes,The Child Health Computing System adequately identifies children with cerebral palsy.,"Of the 135 cases recorded on the Northern Ireland Cerebral Palsy Register, less than 10 per cent were not found on the Child Health Computing System.",True,True,The proportion of cases recorded in the Northern Ireland Cerebral Palsy Register (NICPR) that were not found on the Child Health Computing System (CHCS) was changed from 47 per cent to less than 10 per cent.,47 per cent,less than 10 per cent,[]
target_gemma4_31b__aux_gemma4_e4b,254,9602458,Does the Child Health Computing System adequately identify children with cerebral palsy?,no,True,1,total_nicpr_cases,numerical size,The total number of cases recorded in the Northern Ireland Cerebral Palsy Register (NICPR).,135,70,True,no,The Child Health Computing System does not adequately identify children with cerebral palsy.,"Of the 135 cases recorded on the Northern Ireland Cerebral Palsy Register, 47 per cent were not found on the Child Health Computing System.",no,The Child Health Computing System does not adequately identify children with cerebral palsy.,"Of the 70 cases recorded on the Northern Ireland Cerebral Palsy Register, 33 per cent were not found on the Child Health Computing System.",False,True,The total number of cases in the Northern Ireland Cerebral Palsy Register (NICPR) was changed from 135 to 70. The percentage finding ('47 per cent') was adjusted to '33 per cent' to maintain mathematical consistency with the new total.,"135 cases recorded on the NICPR, 47 per cent","70 cases recorded on the NICPR, 33 per cent",[]
target_gemma4_31b__aux_gemma4_e4b,254,9602458,Does the Child Health Computing System adequately identify children with cerebral palsy?,no,True,2,sample_age_range,other,The age range of the children included in the comparative survey.,5-9 years,16-20 years,False,no,The Child Health Computing System does not adequately identify children with cerebral palsy.,"Of the 135 cases recorded on the Northern Ireland Cerebral Palsy Register, 47 per cent were not found on the Child Health Computing System.",no,The Child Health Computing System does not adequately identify children with cerebral palsy.,"Of the 135 cases recorded on the Northern Ireland Cerebral Palsy Register, 47 per cent were not found on the Child Health Computing System.",False,True,The age range of the children included in the sample was changed from 5-9 years to 16-20 years.,aged 5-9 years,aged 16-20 years,[]
target_gemma4_31b__aux_gemma4_e4b,264,11838307,Cold knife conization vs. LEEP. Are they the same procedure?,no,True,0,statistical_significance_length,statistical significance,The statistical significance (P-value) of the difference in mean length between cold knife conization and LEEP specimens.,P = .001,"P > .05 (e.g., P = .20)",True,no,Cold knife conization and LEEP are not the same procedure.,"The study prospectively compares the amount of tissue removed by these two different procedures, finding significant differences in mean length (1.5 vs 1.0 cm) and weight (4.4 vs 2.0 g).",no,Cold knife conization and LEEP are not the same procedure.,"The study prospectively compares the amount of tissue removed by loop electrosurgical excision procedure (LEEP) versus cold knife conization, reporting different mean measurements for diameter, length, and weight between the two.",False,True,"The statistical significance (P-value) for the difference in mean length between cold knife conization and LEEP specimens was changed from P = .001 to P > .05 (e.g., P = .20).",(P = .001),(P = .20),[]
target_gemma4_31b__aux_gemma4_e4b,264,11838307,Cold knife conization vs. LEEP. Are they the same procedure?,no,True,1,measured_outcome_weight,measured outcome,The mean weight of the removed tissue specimens for cold knife conization versus LEEP.,4.4 vs 2.0 g,"Similar weights (e.g., 3.5 vs 3.0 g)",True,no,Cold knife conization and LEEP are not the same procedure.,"The study prospectively compares the amount of tissue removed by these two different procedures, finding significant differences in mean length (1.5 vs 1.0 cm) and weight (4.4 vs 2.0 g).",no,Cold knife conization and LEEP are not the same procedure.,"The study prospectively compares the amount of tissue removed (diameter, length, and weight) between loop electrosurgical excision procedure (LEEP) and cold knife conization, reporting different mean measurements for each.",False,True,The mean weight of the removed tissue specimens was changed from 4.4 vs 2.0 g to 3.5 vs 3.0 g.,Mean weight for cold knife cone specimens was 4.4 vs. 2.0 g for LEEP (P = .001).,Mean weight for cold knife cone specimens was 3.5 vs. 3.0 g for LEEP (P = .001).,[]
target_gemma4_31b__aux_gemma4_e4b,296,10759659,The nurse cystoscopist: a feasible option?,yes,True,0,kappa_agreement,statistical significance,The measure of proportional agreement between the nurse practitioner and the consultant urologist findings.,0.94,0.65,True,yes,A trained urology nurse practitioner is a feasible option for detecting bladder tumours during flexible cystoscopy.,"The study demonstrated very close agreement (Kappa = 0.94) between the nurse practitioner and the consultant urologist, with both missing only one minute tumour among 83 patients.",yes,A trained urology nurse practitioner is a feasible option for detecting bladder tumours during flexible cystoscopy.,"The study found that both the urology nurse practitioner and the consultant urologist missed only one minute tumour each out of 26 positive cases, demonstrating moderate agreement (Kappa = 0.65).",False,True,The kappa agreement value was changed from 0.94 to 0.65. The interpretation phrase ('very close agreement') was minimally adjusted to 'moderate agreement' to maintain internal consistency with the new statistical result.,"Analysis using the chance-corrected proportional agreement (Kappa) was 0.94, indicating very close agreement.","Analysis using the chance-corrected proportional agreement (Kappa) was 0.65, indicating moderate agreement.",[]
target_gemma4_31b__aux_gemma4_e4b,296,10759659,The nurse cystoscopist: a feasible option?,yes,True,1,missed_tumors_count,measured outcome,The number of tumors missed by each practitioner during the examination.,One (each),"Multiple (e.g., five or more)",True,yes,A trained urology nurse practitioner is a feasible option for detecting bladder tumours during flexible cystoscopy.,"The study demonstrated very close agreement (Kappa = 0.94) between the nurse practitioner and the consultant urologist, with both missing only one minute tumour among 83 patients.",maybe,The provided text does not explicitly state whether nurse cystoscopy is a feasible option.,"While the MeSH terms indicate this was a feasibility study, the results only report moderate disagreement between the UNP and consultant urologist and that both missed multiple tumors, without providing a definitive conclusion on feasibility.",True,True,"The number of missed tumors was changed from 'One (each)' to 'Multiple (e.g., five or more)', and the interpretation of the Kappa statistic was minimally adjusted to reflect this increased discrepancy.","One tumour was missed by the UNP and one by the urologist; each tumour was minute. Analysis using the chance-corrected proportional agreement (Kappa) was 0.94, indicating very close agreement.","Multiple tumors were missed by both the UNP and the urologist; these tumors varied in size. Analysis using the chance-corrected proportional agreement (Kappa) was significantly lower than expected, indicating moderate disagreement.",[]
target_gemma4_31b__aux_gemma4_e4b,307,9550200,Does lunar position influence the time of delivery?,yes,True,0,connection_found,measured outcome,Whether a connection between delivery timing and lunar month was found.,A connection was found.,No connection was found.,True,yes,Lunar position is connected to the timing of spontaneous full-term deliveries.,"The study results explicitly state that a connection between the distribution of spontaneous full-term deliveries and the lunar month was found, particularly in multiparae and plurigravidae.",no,Lunar position does not influence the time of delivery.,The study's results explicitly state that no connection was found between the distribution of spontaneous full-term deliveries and the lunar month.,True,True,The primary finding regarding the relationship between lunar position and delivery timing was changed from 'A connection was found' to 'No connection was found.' The subsequent detailed findings were removed to maintain internal consistency with the null result.,"A connection between the distribution of spontaneous full-term deliveries and the lunar month was found. The effect of the phases of the moon seems to be particularly relevant in multiparae and plurigravidae; in these cases, the mean day of delivery corresponds to the first or second day after the full moon.",No connection between the distribution of spontaneous full-term deliveries and the lunar month was found.,[]
target_gemma4_31b__aux_gemma4_e4b,307,9550200,Does lunar position influence the time of delivery?,yes,True,1,specific_parity_group,comparison group,The specific group of women (multiparae and plurigravidae) where the effect is particularly relevant.,Multiparae and plurigravidae,All parity groups,True,yes,Lunar position is connected to the timing of spontaneous full-term deliveries.,"The study results explicitly state that a connection between the distribution of spontaneous full-term deliveries and the lunar month was found, particularly in multiparae and plurigravidae.",yes,Lunar position influences the time of delivery.,"The study found a connection between the distribution of spontaneous full-term deliveries and the lunar month, specifically noting that moon phases were relevant across all parity groups.",False,True,The specific group of women (multiparae and plurigravidae) was broadened to include all parity groups.,multiparae and plurigravidae,all parity groups,[]
target_gemma4_31b__aux_gemma4_e4b,307,9550200,Does lunar position influence the time of delivery?,yes,True,2,type_of_delivery,measured outcome,The specific type of delivery analyzed in the study.,Spontaneous full-term deliveries,Cesarean section deliveries,True,yes,Lunar position is connected to the timing of spontaneous full-term deliveries.,"The study results explicitly state that a connection between the distribution of spontaneous full-term deliveries and the lunar month was found, particularly in multiparae and plurigravidae.",yes,Lunar position is connected to the timing of delivery.,The study results explicitly state that a connection between the distribution of Cesarean section deliveries and the lunar month was found.,False,True,The type of delivery analyzed was changed from 'Spontaneous full-term deliveries' to 'Cesarean section deliveries'.,spontaneous deliveries; ... spontaneous full-term deliveries ... spontaneous full-term deliveries,Cesarean section deliveries; ... Cesarean section deliveries ... Cesarean section deliveries,[]
target_gemma4_31b__aux_gemma4_e4b,309,11296674,Prostatic syndrome and pleural effusion: are they different diseases?,maybe,False,0,prostatic_pleural_effusion_association,other,"Whether pleural effusion can be caused by or associated with prostate neoplasms, thereby linking the two conditions.",Implied separation (Prostate is one condition; Pleural Effusion is linked to Lung Neoplasms).,"Direct causation from prostatic disease (e.g., 'Pleural effusion secondary to advanced prostatic carcinoma').",True,yes,"Yes, they are different diseases.",The abstract reports on an uncommon association between two distinct conditions: prostatic neoplasms and lung neoplasms (which is associated with pleural effusion).,yes,"Yes, they are different.","The abstract indicates that pleural effusion was secondary to advanced prostatic carcinoma, meaning one occurred as a result of the other.",False,True,"The finding in the RESULTS section was changed from discarding metastatic involvement (implying separation or co-occurrence) to stating that the pleural effusion is directly caused by advanced prostatic carcinoma, establishing a causal link.",Metastatic carcinoma of the prostate was discarded due to the form of presentation.,Pleural effusion was found to be secondary to advanced prostatic carcinoma due to local spread.,[]
target_gemma4_31b__aux_gemma4_e4b,309,11296674,Prostatic syndrome and pleural effusion: are they different diseases?,maybe,False,1,primary_prostate_neoplasm_status,other,"Whether the prostate neoplasm is considered a primary, independent disease entity or merely a secondary finding/symptom in the context of other diseases.",Independent condition (The model treats it as such).,"Secondary finding/symptom (e.g., 'Prostatic findings secondary to systemic illness').",True,yes,"Yes, they are different diseases.",The abstract reports on an uncommon association between two distinct conditions: prostatic neoplasms and lung neoplasms (which is associated with pleural effusion).,maybe,The provided text does not contain information regarding prostatic syndrome or pleural effusion.,Neither 'prostatic syndrome' nor 'pleural effusion' are mentioned in the retrieved PubMed abstract context.,True,True,The interpretation of the prostate neoplasm status is changed from being treated as a potentially primary/independent condition (implied by 'discarded due to presentation form') to explicitly stating it is a secondary finding linked to the overall systemic illness.,Metastatic carcinoma of the prostate was discarded due to the form of presentation.,"Prostatic findings were interpreted as secondary manifestations related to the systemic illness, rather than representing an independent neoplasm.",[]
target_gemma4_31b__aux_gemma4_e4b,329,17704864,Is laparoscopic adrenalectomy safe and effective for adrenal masses larger than 7 cm?,yes,False,0,intraoperative_complication_rate,measured outcome,The rate of intraoperative complications observed during the procedure.,16%,< 5%,True,maybe,The provided text reports outcomes for laparoscopic adrenalectomy in masses larger than 7 cm but does not explicitly state whether the procedure is safe and effective.,"While the abstract provides data on operative time, blood loss, a 16% intraoperative complication rate, and three conversions to open surgery, it does not offer a definitive conclusion regarding safety and effectiveness.",yes,"Laparoscopic adrenalectomy for adrenal masses larger than 7 cm is safe and effective, as evidenced by a low intraoperative complication rate.","In a study of 18 patients with lesions larger than 7 cm (mean size 8.3 cm), the intraoperative complication rate was less than 5% and mean blood loss was 182 mL, although three cases required conversion to open surgery.",True,True,The numerical value reported for the rate of intraoperative complications was changed from 16% to < 5%.,the rate of intraoperative complications was 16%,the rate of intraoperative complications was < 5%,[]
target_gemma4_31b__aux_gemma4_e4b,329,17704864,Is laparoscopic adrenalectomy safe and effective for adrenal masses larger than 7 cm?,yes,False,1,study_design,study design,The methodology used to collect the data (retrospective vs. prospective/RCT).,Retrospective,Randomized Controlled Trial,False,maybe,The provided text reports outcomes for laparoscopic adrenalectomy in masses larger than 7 cm but does not explicitly state whether the procedure is safe and effective.,"While the abstract provides data on operative time, blood loss, a 16% intraoperative complication rate, and three conversions to open surgery, it does not offer a definitive conclusion regarding safety and effectiveness.",maybe,The provided text reports outcomes for laparoscopic adrenalectomy in masses larger than 7 cm but does not explicitly conclude if the procedure is safe and effective.,"The abstract provides data on operative time, blood loss, a 16% intraoperative complication rate, and three conversions to open surgery, but it lacks a final conclusion regarding overall safety and effectiveness.",False,True,"The study design was changed from 'Retrospective' (observational) to 'Randomized Controlled Trial' (RCT), requiring minimal edits to the background and methods sections to reflect a prospective, randomized methodology.","Our aim was to evaluate, retrospectively, the outcome of LA for adrenal lesions larger than 7 cm. [PATIENTS AND METHODS] 18 consecutive laparoscopic adrenalectomies were performed from 1996 to 2005 on patients with adrenal lesions larger than 7 cm.","Our aim was to evaluate the outcome of LA for adrenal lesions larger than 7 cm using a Randomized Controlled Trial design. [PATIENTS AND METHODS] Patients with adrenal lesions larger than 7 cm were enrolled in this randomized controlled trial, and laparoscopic adrenalectomies were performed on participants according to established protocols.",[]
target_gemma4_31b__aux_gemma4_e4b,329,17704864,Is laparoscopic adrenalectomy safe and effective for adrenal masses larger than 7 cm?,yes,False,2,adrenal_mass_size_threshold,other,The minimum size of the adrenal mass being treated.,Larger than 7 cm,Smaller than 6 cm,False,maybe,The provided text reports outcomes for laparoscopic adrenalectomy in masses larger than 7 cm but does not explicitly state whether the procedure is safe and effective.,"While the abstract provides data on operative time, blood loss, a 16% intraoperative complication rate, and three conversions to open surgery, it does not offer a definitive conclusion regarding safety and effectiveness.",maybe,The provided text does not contain information regarding the safety and effectiveness of laparoscopic adrenalectomy for masses larger than 7 cm.,The abstract explicitly states that the role of laparoscopic adrenalectomy for large-volume masses (more than 6 cm) has not been well defined and only provides results for lesions smaller than 6 cm.,False,True,"The minimum size of the adrenal mass being treated was changed from 'Larger than 7 cm' to 'Smaller than 6 cm'. Consequently, the mean tumor size and range in the [RESULTS] section were adjusted from 8.3 cm (range 7-13 cm) to 4.5 cm (range 2-5.9 cm) to maintain internal consistency with the new target population.",larger than 7 cm,smaller than 6 cm,[]
target_gemma4_31b__aux_gemma4_e4b,332,26399179,Eyelid-parotid metastasis: do we screen for coexisting masses?,yes,False,0,frequency_of_metastasis,measured outcome,The reported likelihood or frequency of metastasis occurring between the eyelid and parotid gland.,not unusual,rare,True,maybe,The provided text does not explicitly state whether screening for coexisting masses is performed.,"While the abstract reports three cases illustrating that metastasis between a primary eyelid tumour and the parotid gland is 'not unusual,' it contains no mention of clinical screening protocols or recommendations.",maybe,The provided text does not explicitly state whether screening for coexisting masses is practiced.,"While the abstract reports three cases of metastasis between the eyelid and parotid gland, it does not mention clinical guidelines or protocols regarding screening.",False,True,The reported likelihood of metastasis between the eyelid and parotid gland was changed from 'not unusual' to 'rare'.,not unusual,rare,[]
target_gemma4_31b__aux_gemma4_e4b,332,26399179,Eyelid-parotid metastasis: do we screen for coexisting masses?,yes,False,1,tumor_malignancy,disease or condition,"The nature of the primary tumors (e.g., malignant vs. benign).",malignant parotid tumours / eyelid lesions,benign tumors,False,maybe,The provided text does not explicitly state whether screening for coexisting masses is performed.,"While the abstract reports three cases illustrating that metastasis between a primary eyelid tumour and the parotid gland is 'not unusual,' it contains no mention of clinical screening protocols or recommendations.",maybe,The provided text does not explicitly state whether screening for coexisting masses is performed.,"While the abstract reports that metastasis between the eyelid and parotid gland is 'not unusual,' it describes specific case reports rather than establishing or mentioning a general screening protocol.",False,True,The nature of the primary tumor was changed from malignant to benign.,malignant parotid tumours,benign parotid tumors,[]
target_gemma4_31b__aux_gemma4_e4b,332,26399179,Eyelid-parotid metastasis: do we screen for coexisting masses?,yes,False,2,evidence_type,study design,The type of evidence presented (case reports vs. systematic review/guidelines).,Case Reports,Systematic Review or Clinical Guidelines,True,maybe,The provided text does not explicitly state whether screening for coexisting masses is performed.,"While the abstract reports three cases illustrating that metastasis between a primary eyelid tumour and the parotid gland is 'not unusual,' it contains no mention of clinical screening protocols or recommendations.",maybe,"The provided text does not explicitly state whether screening is performed, although it notes that coexisting masses require careful differentiation.","The abstract mentions that patients with parotid tumours may present with eyelid lesions and that cases involving both sites require histological and immunocytochemical differentiation to distinguish between primary origin and metastasis, but it does not specify a proactive screening protocol.",False,True,"The evidence type was changed from 'Case Reports' (describing specific patient anecdotes) to 'Systematic Review' (summarizing general findings from the literature). The content of the body section was generalized from describing three individual patients to summarizing clinical data and established patterns found in multiple studies, while retaining all core medical facts regarding parotid/eyelid metastasis and diagnostic methods.",[CASE REPORTS] Two patients with malignant parotid tumours underwent radical parotidectomy and presented subsequently with eyelid lesions. Biopsy showed that both eyelid lesions were histologically similar to the primary parotid tumour. A third patient was noted to have ipsilateral upper eyelid and parotid gland tumours. Histology and immunocytochemistry were used to differentiate the primary tumour and the metastasis.,"[SYSTEMATIC REVIEW]
Multiple studies have documented instances where malignant parotid tumours or primary eyelid lesions metastasize to the opposite site. Clinical data show that patients undergoing radical parotidectomy may present with subsequent eyelid lesions, which are histologically similar to the primary tumour. Furthermore, cases involving ipsilateral upper eyelid and parotid gland tumours require careful differentiation using histology and immunocytochemistry to distinguish between primary origin and metastasis.",[]
target_gemma4_31b__aux_gemma4_e4b,355,25371231,Is vitamin D insufficiency or deficiency related to the development of osteochondritis dissecans?,maybe,False,0,prevalence_of_vitamin_d_deficiency,numerical size,The proportion of patients in the study who exhibited vitamin D3 deficiency or insufficiency.,Majority (18/23) had distinct deficiency; 2 were insufficient.,"Only a small minority (e.g., 3/23) showed deficiency or insufficiency.",True,yes,Vitamin D insufficiency or deficiency is related to the development of osteochondritis dissecans.,"In a prospective pilot study of 23 patients with OCD lesions, the majority (18/23) had a distinct vitamin D3 deficiency and two were vitamin D3-insufficient.",no,Vitamin D insufficiency or deficiency does not appear to be a common contributing factor in the development of osteochondritis dissecans.,The study found that only a small minority of patients (3 out of 23) with OCD lesions showed vitamin D deficiency or insufficiency.,True,True,"The prevalence of vitamin D deficiency was changed from majority (18/23) to a small minority (e.g., 3/23).","In the majority of patients (18/23), a distinct vitamin D3 deficiency was found, two patients were vitamin D3-insufficient and, in three patients, the vitamin D3 level reached the lowest normal value.","Only a small minority of patients (e.g., 3/23) showed deficiency or insufficiency.",[]
target_gemma4_31b__aux_gemma4_e4b,355,25371231,Is vitamin D insufficiency or deficiency related to the development of osteochondritis dissecans?,maybe,False,1,study_design,study design,The type of study conducted to analyze the association between vitamin D levels and OCD lesions.,Prospective pilot study,Randomized controlled trial (RCT),True,yes,Vitamin D insufficiency or deficiency is related to the development of osteochondritis dissecans.,"In a prospective pilot study of 23 patients with OCD lesions, the majority (18/23) had a distinct vitamin D3 deficiency and two were vitamin D3-insufficient.",yes,Vitamin D insufficiency or deficiency is related to the development of osteochondritis dissecans.,"The study found that in a group of 23 patients with OCD lesions, 18 had distinct vitamin D3 deficiency and two were vitamin D3-insufficient.",False,True,"The study design was changed from 'prospective pilot study' to 'randomized controlled trial (RCT)' in the Purpose section. Correspondingly, the MeSH terms were updated to reflect this change (replacing 'Pilot Projects' and 'Prospective Studies' with 'Randomized Controlled Trials' and 'RCTs').","The aim of this prospective pilot study was to analyse whether vitamin D insufficiency, or deficiency, might be a contributing etiological factor in the development of an OCD lesion.
MeSH terms: Adolescent, Adult, Aged, Child, Female, Humans, Male, Middle Aged, Osteochondritis Dissecans, Pilot Projects, Prospective Studies, Vitamin D Deficiency, Young Adult","The aim of this randomized controlled trial (RCT) was to analyse whether vitamin D insufficiency, or deficiency, might be a contributing etiological factor in the development of an OCD lesion.
MeSH terms: Adolescent, Adult, Aged, Child, Female, Humans, Male, Middle Aged, Osteochondritis Dissecans, Randomized Controlled Trials, RCTs, Vitamin D Deficiency, Young Adult",[]
target_gemma4_31b__aux_gemma4_e4b,389,24964725,"Recovery Outcome Measures: Is There a Place for Culture, Attitudes, and Faith?",yes,True,0,findings_status,measured outcome,"Whether the relationship between attitudes, faith, and culture is merely questioned or definitively established.",Raised questions regarding links (suggesting relevance),Found no significant link / proved irrelevant to recovery outcomes,True,yes,"Yes, there is a place for culture, attitudes, and faith in recovery outcome measures.","The abstract states that the use of the Recovery Knowledge Inventory (RKI) and Recovery Attitudes Questionnaire (RAQ) raised questions regarding links between attitudes, faith, and culture in supporting the recovery journey.",no,"No, there was no significant link found between attitudes, faith, and culture in supporting the recovery journey.",The abstract states that utilization of the Recovery Knowledge Inventory (RKI) and Recovery Attitudes Questionnaire (RAQ) found no significant link between these factors.,True,True,"The finding status was changed from suggesting that there were questions regarding the links between attitudes, faith, and culture to stating that no significant link was found.","raised questions about the RAQ, including links between attitudes, faith, and culture in supporting the recovery journey.","found no significant link between attitudes, faith, and culture in supporting the recovery journey.",[]
target_gemma4_31b__aux_gemma4_e4b,389,24964725,"Recovery Outcome Measures: Is There a Place for Culture, Attitudes, and Faith?",yes,True,1,societal_context,other,The type of society or community where the people with mental illness live.,Secular multicultural societies,"Homogeneous, low-diversity communities",False,yes,"Yes, there is a place for culture, attitudes, and faith in recovery outcome measures.","The abstract states that the use of the Recovery Knowledge Inventory (RKI) and Recovery Attitudes Questionnaire (RAQ) raised questions regarding links between attitudes, faith, and culture in supporting the recovery journey.",yes,"Yes, there is a place for culture, attitudes, and faith in recovery outcome measures.","The text states that utilizing the Recovery Attitudes Questionnaire (RAQ) raised questions regarding links between attitudes, faith, and culture in supporting the recovery journey.",False,True,"The societal context where individuals with mental illness reside was changed from 'Secular multicultural societies' to 'Homogeneous, low-diversity communities'.",secular multicultural societies,"homogeneous, low-diversity communities",[]
target_gemma4_31b__aux_gemma4_e4b,397,16776337,Pituitary apoplexy: do histological features influence the clinical presentation and outcome?,yes,False,0,study_results_availability,other,Whether the study abstract provides actual results or conclusions regarding the influence of histology.,Not provided (only objective and methods are described).,"Provided (e.g., 'Hemorrhagic infarction significantly increased mortality').",True,maybe,The provided text does not state whether histological features influence clinical presentation and outcome.,"The abstract describes the objective and methods of a study performed to ascertain if histopathological features influence these factors, but it does not provide the results or conclusions of that analysis.",yes,Histological features influence the outcome of pituitary apoplexy.,"The study found that patients with hemorrhagic infarction and/or frank hemorrhage had significantly worse outcomes, including a higher mortality rate (37%) compared to those with infarction alone (12%).",True,True,"Added a [RESULTS] section providing specific quantitative findings that demonstrate a correlation between histological features (hemorrhagic vs. pure infarction) and outcome/mortality, changing the study's reported availability from 'Not provided' to 'Provided'.","None (The abstract only contained Objective and Methods sections, implying no results were available).","[RESULTS] Patients with hemorrhagic infarction and/or frank hemorrhage had significantly worse outcomes compared to those with infarction alone. Specifically, the mortality rate was 37% in the hemorrhagic group versus 12% in the infarction-alone group (p < 0.05).",[]
target_gemma4_31b__aux_gemma4_e4b,397,16776337,Pituitary apoplexy: do histological features influence the clinical presentation and outcome?,yes,False,1,measured_outcome,measured outcome,The specific finding regarding the influence of histological features on patient outcome.,Unknown (only that it was compared).,"Yes, hemorrhagic infarction significantly worsens long-term prognosis.",False,maybe,The provided text does not state whether histological features influence clinical presentation and outcome.,"The abstract describes the objective and methods of a study performed to ascertain if histopathological features influence these factors, but it does not provide the results or conclusions of that analysis.",yes,"Yes, histological features influence the outcome of pituitary apoplexy.",The study found that hemorrhagic infarction significantly worsens the long-term prognosis compared to infarction alone.,True,True,"The abstract was modified to include a definitive finding regarding the influence of histological features on patient outcome. The original text only stated that the outcomes were compared, while the counterfactual context explicitly states that hemorrhagic infarction significantly worsens long-term prognosis.","The presenting symptoms, clinical features, endocrinological status, and outcome were compared between the two groups.",Analysis demonstrated that hemorrhagic infarction significantly worsens long-term prognosis.,[]
target_gemma4_31b__aux_gemma4_e4b,466,23375036,An HIV1/2 point of care test on sputum for screening TB/HIV co-infection in Central India - Will it work?,yes,True,0,sensitivity_rate,measured outcome,The percentage of true positive results achieved by the OraQuick® HIV-1/2 Assay.,90%,50%,True,yes,"Yes, the OraQuick® HIV-1/2 Assay in sputum is a valid tool for HIV surveillance among TB patients.",The study demonstrated that the assay had 90% sensitivity and 100% specificity compared to serum ELISA.,no,The OraQuick® HIV-1/2 Assay in sputum is not an effective screening tool due to its low sensitivity.,"While the assay demonstrated 100% specificity, it only had a 50% sensitivity (5/10) compared to serum ELISA, meaning it failed to detect half of the HIV-positive cases.",True,True,The reported sensitivity rate of the OraQuick® HIV-1/2 Assay was changed from 90% to 50%. The supporting fraction for this measurement was adjusted accordingly from (9/10) to (5/10).,90% sensitivity (9/10),50% sensitivity (5/10),[]
target_gemma4_31b__aux_gemma4_e4b,466,23375036,An HIV1/2 point of care test on sputum for screening TB/HIV co-infection in Central India - Will it work?,yes,True,1,specificity_rate,measured outcome,The percentage of true negative results achieved by the OraQuick® HIV-1/2 Assay.,100%,85%,True,yes,"Yes, the OraQuick® HIV-1/2 Assay in sputum is a valid tool for HIV surveillance among TB patients.",The study demonstrated that the assay had 90% sensitivity and 100% specificity compared to serum ELISA.,yes,"Yes, the OraQuick® HIV-1/2 Assay in sputum is a valid tool for HIV surveillance among TB patients.","The study reported that compared to serum ELISA, the assay in sputum specimens had 90% sensitivity, 85% specificity, a positive predictive value of 100%, and a negative predictive value of 99.68%.",False,True,"The reported specificity rate was changed from 100% to 85%. To maintain internal consistency, the numerator of the ratio (True Negatives) was adjusted from 307 to 261, while keeping the denominator (Total Negative Samples) at 307.",and 100% specificity (307/307),and 85% specificity (261/307),[]
target_gemma4_31b__aux_gemma4_e4b,466,23375036,An HIV1/2 point of care test on sputum for screening TB/HIV co-infection in Central India - Will it work?,yes,True,2,reference_assay,other,The established assay used to compare the results of the OraQuick® HIV-1/2 Assay.,serum ELISA,Western Blot,True,yes,"Yes, the OraQuick® HIV-1/2 Assay in sputum is a valid tool for HIV surveillance among TB patients.",The study demonstrated that the assay had 90% sensitivity and 100% specificity compared to serum ELISA.,yes,"Yes, an HIV-1/2 point of care test on sputum is a valid tool for screening TB/HIV co-infection.",The study found that the OraQuick® HIV-1/2 Assay in sputum specimens demonstrated 90% sensitivity and 100% specificity compared to Western Blot among patients diagnosed with tuberculosis in India.,False,True,The reference assay used for comparison was changed from serum ELISA to Western Blot.,serum ELISA,Western Blot,[]
target_gemma4_31b__aux_gemma4_e4b,469,27136599,Is it safe to perform rectal anastomosis in gynaecological debulking surgery without a diverting stoma?,yes,False,0,outcome_data_reported,measured outcome,"Whether the results section reports actual patient outcomes (e.g., complication rates or leakage incidence).",Not reported (only procedure counts are listed),"Reported (e.g., Leakage rate was 5%)",True,maybe,The provided text does not contain information to determine if performing rectal anastomosis without a diverting stoma is safe.,"While the study's primary outcome was anastomotic leakage in the presence or absence of a diverting stoma, the results section only lists the number and types of procedures performed and does not report the actual outcomes or safety findings.",maybe,The provided text does not explicitly state whether it is safe to perform rectal anastomosis without a diverting stoma.,"While the abstract reports a low overall anastomotic leakage rate of 4.6% among 43 procedures, it does not provide a comparative analysis or a definitive conclusion regarding safety in patients with versus without a diverting stoma.",False,True,"The [RESULTS] section was modified to include the specific measured outcome of anastomotic leakage rate (2 patients, 4.6%), changing the reporting from only procedural counts to actual patient outcomes.","[RESULTS] In the period of study, 43 major colorectal procedures were performed on 37 women. The most common colorectal procedure was low rectal resection (n = 22; 59%) followed by anterior rectal resection (n = 7; 19%) and sigmoid resection (n = 4; 11%). Five (14%) patients underwent Hartmann's procedure. In three (8%) patients, a diverting loop ileostomy was created.","[RESULTS] In the period of study, 43 major colorectal procedures were performed on 37 women. Anastomotic leakage occurred in 2 patients (4.6%). The most common colorectal procedure was low rectal resection (n = 22; 59%) followed by anterior rectal resection (n = 7; 19%) and sigmoid resection (n = 4; 11%). Five (14%) patients underwent Hartmann's procedure. In three (8%) patients, a diverting loop ileostomy was created.",[]
target_gemma4_31b__aux_gemma4_e4b,469,27136599,Is it safe to perform rectal anastomosis in gynaecological debulking surgery without a diverting stoma?,yes,False,1,primary_outcome_measure,measured outcome,The specific complication measured as the primary endpoint of the study.,Anastomotic leakage in presence or absence of a diverting stoma,Overall survival rate,True,maybe,The provided text does not contain information to determine if performing rectal anastomosis without a diverting stoma is safe.,"While the study's primary outcome was anastomotic leakage in the presence or absence of a diverting stoma, the results section only lists the number and types of procedures performed and does not report the actual outcomes or safety findings.",maybe,The provided text does not contain information to determine if performing rectal anastomosis without a diverting stoma is safe.,"While the abstract mentions that complications were secondary outcome parameters and lists the types of procedures performed, it does not provide the results or conclusions regarding the safety of anastomosis with or without a diverting stoma.",False,True,The primary outcome measure was changed from 'anastomotic leakage in presence or absence of a diverting stoma' to 'overall survival rate'.,The primary outcome was anastomotic leakage in the presence or absence of a diverting stoma.,The primary outcome was overall survival rate.,[]
target_gemma4_31b__aux_gemma4_e4b,469,27136599,Is it safe to perform rectal anastomosis in gynaecological debulking surgery without a diverting stoma?,yes,False,2,gynaecological_cancer_procedures,disease or condition,The specific type of cancer or procedure being studied.,Gynaecological cancer procedures / colorectal resection,Colorectal cancer only,True,maybe,The provided text does not contain information to determine if performing rectal anastomosis without a diverting stoma is safe.,"While the study's primary outcome was anastomotic leakage in the presence or absence of a diverting stoma, the results section only lists the number and types of procedures performed and does not report the actual outcomes or safety findings.",maybe,The provided text does not state whether it is safe to perform rectal anastomosis without a diverting stoma.,"While the study's primary outcome was anastomotic leakage in the presence or absence of a diverting stoma, the results section only lists the types and number of procedures performed, not the actual outcomes or safety findings.",False,True,The scope of the study was narrowed from general gynaecological cancer procedures to focus exclusively on colorectal cancer.,gynaecological cancer procedures,colorectal cancer procedures,[]
target_gemma4_31b__aux_gemma4_e4b,484,24614789,Is lumbar drainage of postoperative cerebrospinal fluid fistula after spine surgery effective?,yes,True,0,healing_outcome,measured outcome,The rate and speed at which the wound heals after treatment.,All patients healed their wound properly; CSF drainage group cured in a mean period of 10 days.,"Some patients did not heal properly, or the cure time was significantly longer than 10 days.",True,yes,Lumbar drainage is effective for treating postoperative cerebrospinal fluid fistulas after spine surgery.,"The abstract reports that all patients treated with CSF drainage healed their wounds properly, with a mean cure period of 10 days.",maybe,The effectiveness of lumbar drainage is unclear as the text notes both cure times and instances where patients did not heal properly.,"The abstract states that patients treated with CSF drainage had cure times significantly longer than 10 days, but it also mentions that some patients did not heal properly and adverse events were recorded.",True,True,The healing outcome was changed from 'All patients healed their wound properly' to reflect complications and prolonged recovery time for the CSF drainage group.,"All patients healed their wound properly and no adverse events were recorded. Patients treated conservatively were cured in a mean period of 30 days, while patients treated with CSF drainage were cured in a mean period of 10 days.","Some patients did not heal properly, and some adverse events were recorded. Patients treated conservatively were cured in a mean period of 30 days, while patients treated with CSF drainage had cure times that were significantly longer than 10 days.",[]
target_gemma4_31b__aux_gemma4_e4b,484,24614789,Is lumbar drainage of postoperative cerebrospinal fluid fistula after spine surgery effective?,yes,True,1,adverse_event_status,measured outcome,Whether any complications or adverse events were recorded during the study period.,No adverse events were recorded.,"Several adverse events (e.g., infection, delayed healing) were recorded.",False,yes,Lumbar drainage is effective for treating postoperative cerebrospinal fluid fistulas after spine surgery.,"The abstract reports that all patients treated with CSF drainage healed their wounds properly, with a mean cure period of 10 days.",yes,Lumbar drainage is effective for treating postoperative cerebrospinal fluid fistulas after spine surgery.,"The results indicate that all patients treated with CSF lumbar drainage healed their wounds properly, with a mean cure period of 10 days.",False,True,"The status of adverse events was changed from 'No adverse events were recorded' to 'Several adverse events (e.g., infection, delayed healing) were recorded'.",and no adverse events were recorded.,"and several adverse events (e.g., infection, delayed healing) were recorded.",[]
target_gemma4_31b__aux_gemma4_e4b,507,15388567,Are sports medicine journals relevant and applicable to practitioners and athletes?,no,True,0,research_focus_area,other,"The primary topic of the published articles, specifically whether they address injury treatment or general sports science.",Sports science (with very few studies related to the treatment of injuries and medical conditions),Injury treatment and medical conditions,True,no,Sports medicine journals appear to have limited relevance and applicability to practitioners and athletes.,"The results indicate that most research focuses on sports science using healthy sedentary populations, with very few studies addressing the treatment of injuries or involving injured participants.",maybe,"The provided text does not definitively state if they are relevant and applicable, but notes a discrepancy in study populations.","While the objective was to assess relevance and applicability, the results indicate that most studies used healthy subjects from sedentary populations rather than injured participants.",True,True,"Changed the primary research focus area from 'Sports science (with very few studies related to the treatment of injuries and medical conditions)' to 'Injury treatment and medical conditions', adjusting the frequency description ('very few' to 'many') for internal consistency.","The most common topic was sports science, and very few studies related to the treatment of injuries and medical conditions.","The most common topic was injury treatment and medical conditions, and many studies addressed the management of injuries and medical conditions.",[]
target_gemma4_31b__aux_gemma4_e4b,507,15388567,Are sports medicine journals relevant and applicable to practitioners and athletes?,no,True,1,study_population_status,comparison group,The health status of the subjects studied in the published articles.,Healthy subjects sampled from the sedentary population (few studies on injured participants),Injured participants or patients with specific medical conditions,True,no,Sports medicine journals appear to have limited relevance and applicability to practitioners and athletes.,"The results indicate that most research focuses on sports science using healthy sedentary populations, with very few studies addressing the treatment of injuries or involving injured participants.",maybe,The provided text does not explicitly conclude whether these journals are relevant and applicable to practitioners and athletes.,"While the objective was to assess relevance and applicability, the results only specify that sports science was the most common topic and very few studies related to the treatment of injuries and medical conditions.",True,True,Changed the primary study population status from 'healthy subjects sampled from the sedentary population' to 'injured participants or patients with specific medical conditions'.,"The majority of published articles used healthy subjects sampled from the sedentary population, and few studies have been carried out on injured participants.",The majority of published articles focused on injured participants or patients with specific medical conditions.,[]
target_gemma4_31b__aux_gemma4_e4b,517,25747932,Living in an urban environment and non-communicable disease risk in Thailand: Does timing matter?,yes,True,0,early_life_urban_exposure,comparison group,Exposure to an urban environment during early life.,Associated with increases in all behavioral and physiological risk factors.,Not associated with increases in behavioral or physiological risk factors.,True,yes,"Yes, the timing of urban exposure is associated with non-communicable disease risk factors in Thailand.",The study found that early-life urban exposure (timing) was independently associated with increases in all behavioral and physiological risk factors.,yes,"Yes, timing matters as different measures of urban exposure showed different associations with NCD risk factors.","The study found that while early-life urban exposure was not associated with behavioral or physiological risk factors, the proportion of urban life years was, and early-life urban residence may increase susceptibility to biological risk factors associated with total urban life duration.",False,True,"The finding regarding early-life urban exposure was changed from being 'associated with increases' to 'not associated with increases,' requiring a structural edit to contrast this new finding with the remaining measure (proportion of urban life years).",Both measures of urbanicity were each independently associated with increases in all behavioral and physiological risk factors.,"Early-life urban exposure was not associated with increases in behavioral or physiological risk factors, while the proportion of urban life years remained associated with increases in all behavioral and physiological risk factors.",[]
target_gemma4_31b__aux_gemma4_e4b,517,25747932,Living in an urban environment and non-communicable disease risk in Thailand: Does timing matter?,yes,True,1,proportion_of_urban_life_years,comparison group,The proportion of life years spent in an urban environment.,Associated with increases in behavioral and physiological risk factors.,Not associated with increases in behavioral or physiological risk factors.,False,yes,"Yes, the timing of urban exposure is associated with non-communicable disease risk factors in Thailand.",The study found that early-life urban exposure (timing) was independently associated with increases in all behavioral and physiological risk factors.,yes,Timing matters for some biological non-communicable disease risk factors in Thailand.,The results indicate that individuals who spent their early life in an urban area may be more susceptible to the effects of increasing proportion of urban life years regarding some biological risk factors.,False,True,The finding regarding the association between both measures of urbanicity (specifically proportion of urban life years) and NCD risk factors was changed from 'associated with increases' to 'not associated with increases'.,Both measures of urbanicity were each independently associated with increases in all behavioral and physiological risk factors.,Both measures of urbanicity were each independently not associated with increases in all behavioral and physiological risk factors.,[]
target_gemma4_31b__aux_gemma4_e4b,517,25747932,Living in an urban environment and non-communicable disease risk in Thailand: Does timing matter?,yes,True,2,behavioral_and_physiological_risk_factors,measured outcome,The specific groups of health risks measured (behavioral and physiological).,Increased risk factors associated with urban exposure timing.,No association between urban exposure timing and these risk factors.,True,yes,"Yes, the timing of urban exposure is associated with non-communicable disease risk factors in Thailand.",The study found that early-life urban exposure (timing) was independently associated with increases in all behavioral and physiological risk factors.,maybe,"Timing may matter for some biological risk factors, although it was not independently associated with behavioral or physiological risk factors.","The abstract states that neither measure of urbanicity (early-life exposure or proportion of urban life years) was independently associated with behavioral or physiological risk factors, but notes that those spending early life in urban areas may be more susceptible to the effects of increasing urban life years for some biological risk factors.",True,True,The finding regarding the association between urban exposure timing (behavioral/physiological risk factors) was changed from a positive association ('associated with increases') to no association ('was not associated').,Both measures of urbanicity were each independently associated with increases in all behavioral and physiological risk factors.,Neither measure of urbanicity was independently associated with changes in any behavioral or physiological risk factors.,[]
target_gpt_oss_20b__aux_gemma4_e4b,230,12612531,Fragility of the esophageal mucosa: a pathognomonic endoscopic sign of primary eosinophilic esophagitis?,yes,False,0,number_of_patients,numerical size,The sample size used in the observation of the fragile mucosa.,Five men,Dozens of patients,False,maybe,"The abstract suggests fragile esophageal mucosa may be a characteristic, but does not confirm it as definitively pathognomonic.","The authors describe the fragile, crêpe‑paper mucosa observed in all five patients and note it could be a pathognomonic sign, yet they do not assert it is definitive for eosinophilic esophagitis.",maybe,"The abstract suggests fragile esophageal mucosa may be a characteristic, but does not confirm it as definitively pathognomonic.","The authors describe the fragile, crêpe‑paper mucosa observed in all patients and note it could be a pathognomonic sign, yet they do not assert it is definitive for diagnosis.",False,True,The sample size used in the observation was changed from 'Five men' to 'Dozens of patients'.,Five men,Dozens of patients,[]
target_gpt_oss_20b__aux_gemma4_e4b,230,12612531,Fragility of the esophageal mucosa: a pathognomonic endoscopic sign of primary eosinophilic esophagitis?,yes,False,1,mucosal_fragility_description,other,The physical description of the esophageal mucosa observed during endoscopy.,"Extremely fragile, inelastic, and delicate (tears easily)",Robust and resilient to minor trauma,True,maybe,"The abstract suggests fragile esophageal mucosa may be a characteristic, but does not confirm it as definitively pathognomonic.","The authors describe the fragile, crêpe‑paper mucosa observed in all five patients and note it could be a pathognomonic sign, yet they do not assert it is definitive for eosinophilic esophagitis.",maybe,"The abstract suggests fragile, crêpe‑paper mucosa may be a characteristic sign of eosinophilic esophagitis, but it is not definitively proven as pathognomonic.","The authors describe the fragile mucosa as a possibly pathognomonic endoscopic feature, yet their observations note robust mucosa and lack definitive confirmation.",False,True,"The physical description of the esophageal mucosa in the [OBSERVATIONS] section was changed from 'extremely fragile, inelastic, and delicate (tears easily)' to 'robust and resilient to minor trauma'.","All patients had extremely fragile, inelastic, and delicate mucosa, which tore easily even with minor trauma.",All patients had robust and resilient mucosa that resisted minor trauma.,[]
target_gpt_oss_20b__aux_gemma4_e4b,230,12612531,Fragility of the esophageal mucosa: a pathognomonic endoscopic sign of primary eosinophilic esophagitis?,yes,False,2,pathognomonic_status_confirmation,other,Whether the authors definitively confirm that the observed mucosal fragility is pathognomonic for EoE.,Not definitively asserted by authors (Implied uncertainty),Confirmed as definitive by authors,True,maybe,"The abstract suggests fragile esophageal mucosa may be a characteristic, but does not confirm it as definitively pathognomonic.","The authors describe the fragile, crêpe‑paper mucosa observed in all five patients and note it could be a pathognomonic sign, yet they do not assert it is definitive for eosinophilic esophagitis.",yes,"Yes, the abstract identifies fragile esophageal mucosa as a definitive pathognomonic endoscopic sign of primary eosinophilic esophagitis.","The authors report that all five patients exhibited extremely fragile, inelastic mucosa that tore easily, and they explicitly describe this feature as a definitively pathognomonic sign.",True,True,The abstract was changed to assert that the fragile esophageal mucosa is definitively (rather than possibly) a pathognomonic sign of EoE.,a possibly pathognomonic sign:,a definitively pathognomonic sign:,[]
target_gpt_oss_20b__aux_gemma4_e4b,254,9602458,Does the Child Health Computing System adequately identify children with cerebral palsy?,no,True,0,nicpr_to_chcs_missing_percentage,measured outcome,The percentage of children recorded in the Northern Ireland Cerebral Palsy Register (NICPR) that were not found on the Child Health Computing System (CHCS).,47%,< 5%,True,no,"No, the CHCS fails to capture a substantial proportion of children with cerebral palsy.","The study found that 47% of cases recorded in the Northern Ireland Cerebral Palsy Register were not present in the Child Health Computing System, indicating significant under‑identification.",yes,"Yes, the Child Health Computing System captures most children with cerebral palsy.","The study found that less than 5% of cases recorded in the Northern Ireland Cerebral Palsy Register were missing from the CHCS, indicating high sensitivity for identifying CP patients.",True,True,The percentage of children recorded in the NICPR that were not found on the CHCS was changed from 47% to < 5%.,47 per cent,less than 5 per cent,[]
target_gpt_oss_20b__aux_gemma4_e4b,254,9602458,Does the Child Health Computing System adequately identify children with cerebral palsy?,no,True,1,nicpr_total_cases,numerical size,The total number of cases recorded on the Northern Ireland Cerebral Palsy Register (NICPR) used in the comparison.,135,500,False,no,"No, the CHCS fails to capture a substantial proportion of children with cerebral palsy.","The study found that 47% of cases recorded in the Northern Ireland Cerebral Palsy Register were not present in the Child Health Computing System, indicating significant under‑identification.",no,"No, the CHCS does not adequately identify children with cerebral palsy.","The study found that 47% of children recorded in the Northern Ireland Cerebral Palsy Register were missing from the CHCS and that some CHCS entries were false positives, indicating substantial under‑identification.",False,True,The total number of cases recorded on the NICPR was increased from 135 to 500.,135,500,[]
target_gpt_oss_20b__aux_gemma4_e4b,254,9602458,Does the Child Health Computing System adequately identify children with cerebral palsy?,no,True,2,study_age_range,other,The age group of children included in the comparative survey.,5-9 years,All ages,False,no,"No, the CHCS fails to capture a substantial proportion of children with cerebral palsy.","The study found that 47% of cases recorded in the Northern Ireland Cerebral Palsy Register were not present in the Child Health Computing System, indicating significant under‑identification.",no,"No, the CHCS does not adequately identify children with cerebral palsy.","Nearly half of the cases recorded in the reference register (NICPR) were absent from the CHCS, and some CHCS entries were later found to be false positives.",False,True,The study age range was changed from '5-9 years' to 'All ages'.,aged 5-9 years,across all ages,[]
target_gpt_oss_20b__aux_gemma4_e4b,264,11838307,Cold knife conization vs. LEEP. Are they the same procedure?,no,True,0,statistical_significance,statistical_significance,The statistical significance of the differences observed in specimen measurements between LEEP and cold knife conization.,"P = .07, P = .001 (indicating some significant differences)","All p-values are non-significant (e.g., P > .05 for all comparisons)",True,no,"No, they are different procedures.","The abstract reports significant differences in diameter, length, and weight of specimens between cold knife conization and LEEP, indicating distinct surgical techniques.",no,Cold knife conization and LEEP are not the same procedure.,"The abstract compares their specimen dimensions, indicating they are distinct techniques (cold knife vs electrosurgical).",False,True,"The statistical significance of the differences in specimen measurements (diameter, length, and weight) between LEEP and cold knife conization was changed from showing significant results (P = .07, P = .001) to showing non-significant results (P > .05 for all comparisons).",Mean diameter of cold knife cone specimens was 2.6 vs. 2.2 cm for LEEP (P = .07). Mean length of cold knife cone specimens was 1.5 vs. 1.0 cm for LEEP (P = .001). Mean weight for cold knife cone specimens was 4.4 vs. 2.0 g for LEEP (P = .001).,Mean diameter of cold knife cone specimens was 2.6 vs. 2.2 cm for LEEP (P = .15). Mean length of cold knife cone specimens was 1.5 vs. 1.0 cm for LEEP (P = .30). Mean weight for cold knife cone specimens was 4.4 vs. 2.0 g for LEEP (P = .08).,[]
target_gpt_oss_20b__aux_gemma4_e4b,264,11838307,Cold knife conization vs. LEEP. Are they the same procedure?,no,True,1,mean_specimen_measurements,measured_outcome,"The reported mean values (diameter, length, and weight) of the specimens removed by both procedures.",Diameter: 2.6 vs 2.2 cm; Length: 1.5 vs 1.0 cm; Weight: 4.4 vs 2.0 g,"Mean values are very similar across all metrics (e.g., 2.3 vs 2.2 cm; 1.1 vs 1.0 cm; 2.5 vs 2.0 g)",True,no,"No, they are different procedures.","The abstract reports significant differences in diameter, length, and weight of specimens between cold knife conization and LEEP, indicating distinct surgical techniques.",no,"No, cold knife conization and LEEP are not the same procedure.","The abstract reports significant differences in diameter, length, and weight of specimens between cold knife conization and LEEP, indicating distinct surgical techniques.",False,True,"The reported mean specimen measurements (diameter, length, and weight) were changed from the original values to alternative, similar values.",Mean diameter of cold knife cone specimens was 2.6 vs. 2.2 cm for LEEP (P = .07). Mean length of cold knife cone specimens was 1.5 vs. 1.0 cm for LEEP (P = .001). Mean weight for cold knife cone specimens was 4.4 vs. 2.0 g for LEEP (P = .001).,Mean diameter of cold knife cone specimens was 2.3 vs. 2.2 cm for LEEP (P = .07). Mean length of cold knife cone specimens was 1.1 vs. 1.0 cm for LEEP (P = .001). Mean weight for cold knife cone specimens was 2.5 vs. 2.0 g for LEEP (P = .001).,[]
target_gpt_oss_20b__aux_gemma4_e4b,296,10759659,The nurse cystoscopist: a feasible option?,yes,True,0,kappa_agreement,measured outcome,The chance-corrected proportional agreement measure between the UNP and the consultant urologist.,0.94,0.65,True,yes,"Yes, a trained urology nurse practitioner can perform flexible cystoscopy with accuracy comparable to a consultant.","The study found only one missed tumour by each observer and a Kappa of 0.94, indicating very close agreement between the nurse practitioner and the consultant.",yes,"Yes, a nurse cystoscopist is a feasible option.","The study showed moderate agreement (kappa = 0.65) between the trained urology nurse practitioner and consultant urologist, with only one tumour missed by each.",False,True,"The Kappa agreement score was changed from 0.94 to 0.65, and the interpretation of 'very close agreement' was minimally adjusted to 'moderate agreement' for consistency.","0.94, indicating very close agreement","0.65, indicating moderate agreement",[]
target_gpt_oss_20b__aux_gemma4_e4b,296,10759659,The nurse cystoscopist: a feasible option?,yes,True,1,missed_tumour_count,measured outcome,The number of tumours missed by each observer (UNP and urologist).,One tumour missed by UNP and one by the urologist,Five tumours missed by both observers,True,yes,"Yes, a trained urology nurse practitioner can perform flexible cystoscopy with accuracy comparable to a consultant.","The study found only one missed tumour by each observer and a Kappa of 0.94, indicating very close agreement between the nurse practitioner and the consultant.",yes,"Yes, a trained urology nurse practitioner can feasibly perform cystoscopy with accuracy comparable to a consultant.","The study showed a Kappa of 0.94 between the nurse practitioner and consultant, indicating very close agreement in detecting bladder tumours.",False,True,The total number of missed tumors (missed_tumour_count) was changed from two (one by each observer) to five.,One tumour was missed by the UNP and one by the urologist,Five tumours missed by both observers,[]
target_gpt_oss_20b__aux_gemma4_e4b,296,10759659,The nurse cystoscopist: a feasible option?,yes,True,2,patient_count,numerical size,The total number of patients who underwent flexible cystoscopy.,Eighty-three (83),Five,False,yes,"Yes, a trained urology nurse practitioner can perform flexible cystoscopy with accuracy comparable to a consultant.","The study found only one missed tumour by each observer and a Kappa of 0.94, indicating very close agreement between the nurse practitioner and the consultant.",yes,"Yes, the nurse cystoscopist is a feasible option.","The study showed a high Kappa of 0.94 between the UNP and consultant urologist, indicating very close agreement in detecting bladder tumours during flexible cystoscopy.",False,True,"The total number of patients who underwent flexible cystoscopy was changed from Eighty-three (83) to Five. Consequently, the reported number of positive findings in the results section was adjusted from 26 to 2 to maintain internal consistency with the stated two missed tumours.","Eighty-three (83) patients underwent flexible cystoscopy by both the UNP and consultant urologist... Of 83 patients examined by flexible cystoscopy, 26 were found to have a tumour or a suspicious lesion.","Five patients underwent flexible cystoscopy by both the UNP and consultant urologist... Of 5 patients examined by flexible cystoscopy, 2 were found to have a tumour or a suspicious lesion.",[]
target_gpt_oss_20b__aux_gemma4_e4b,307,9550200,Does lunar position influence the time of delivery?,yes,True,0,lunar_influence_on_delivery,measured outcome,The existence of a connection or relationship between lunar position/month and the timing of delivery.,A connection was found (the effect seems relevant).,No significant connection was found.,True,yes,"Yes, the study found a link between lunar position and delivery timing.","The retrospective analysis reported that spontaneous full‑term deliveries were distributed according to lunar month, with multiparae delivering on average the first or second day after the full moon.",no,"No, the study found no evidence that lunar position influences delivery timing.",The retrospective analysis of 1248 spontaneous full-term deliveries showed no significant connection between delivery distribution and lunar month or moon phases.,True,True,"The results section was modified to state that no significant connection was found between lunar position and delivery timing, negating the original positive finding.","A connection between the distribution of spontaneous full-term deliveries and the lunar month was found. The effect of the phases of the moon seems to be particularly relevant in multiparae and plurigravidae; in these cases, the mean day of delivery corresponds to the first or second day after the full moon.","No significant connection between the distribution of spontaneous full-term deliveries and the lunar month was found. Furthermore, no specific effect related to the phases of the moon was observed in multiparae or plurigravidae.",[]
target_gpt_oss_20b__aux_gemma4_e4b,307,9550200,Does lunar position influence the time of delivery?,yes,True,1,relevant_parity_group,comparison group,The specific groups (multiparae and plurigravidae) for whom the lunar influence is particularly relevant.,Multiparae and plurigravidae.,All parity groups equally.,True,yes,"Yes, the study found a link between lunar position and delivery timing.","The retrospective analysis reported that spontaneous full‑term deliveries were distributed according to lunar month, with multiparae delivering on average the first or second day after the full moon.",yes,"Yes, the study found a link between lunar position and delivery timing.","The retrospective analysis reported a connection between spontaneous full-term deliveries and the lunar month, with most births occurring on the first or second day after the full moon.",False,True,"Changed the specific group (multiparae and plurigravidae) where lunar influence was found to be relevant, generalizing it to apply equally to all parity groups.","The effect of the phases of the moon seems to be particularly relevant in multiparae and plurigravidae; in these cases,","The effect of the phases of the moon seems to be particularly relevant across all parity groups; in these cases,",[]
target_gpt_oss_20b__aux_gemma4_e4b,307,9550200,Does lunar position influence the time of delivery?,yes,True,2,statistical_significance_of_connection,statistical significance,The statistical certainty of the observed link between lunar position and delivery timing.,Connection was found (implied positive correlation).,No statistically significant connection was found.,True,yes,"Yes, the study found a link between lunar position and delivery timing.","The retrospective analysis reported that spontaneous full‑term deliveries were distributed according to lunar month, with multiparae delivering on average the first or second day after the full moon.",maybe,"The study found no overall link between lunar position and delivery timing, though a potential effect was noted in certain subgroups.",Abstract reports no statistically significant connection overall; preliminary analysis hints at relevance for multiparae/plurigravidae.,True,True,The statistical certainty of the observed link between lunar position and delivery timing was changed from 'Connection was found' to 'No statistically significant connection was found.' The subsequent sentence describing specific patterns was minimally adjusted to maintain internal consistency with the lack of overall significance.,A connection between the distribution of spontaneous full-term deliveries and the lunar month was found.,No statistically significant connection between the distribution of spontaneous full-term deliveries and the lunar month was found.,[]
target_gpt_oss_20b__aux_gemma4_e4b,309,11296674,Prostatic syndrome and pleural effusion: are they different diseases?,maybe,False,0,primary_tumor_sites,disease or condition,The distinct anatomical origins of the two malignant tumors discussed (prostate and lung).,Prostate and Lung,"Single site (e.g., only prostate)",True,yes,"Yes, prostatic syndrome and pleural effusion represent distinct disease processes.","The abstract discusses advanced prostate carcinoma and malignant pleural effusion as separate manifestations of different primary tumors (prostate vs lung), indicating they are not the same disease.",yes,Prostatic syndrome and pleural effusion are different diseases.,"The abstract indicates that metastatic prostate carcinoma was ruled out due to the form of presentation, suggesting that pleural effusion is not part of prostatic syndrome but a separate clinical entity.",False,True,The primary focus shifts from a co-occurrence (association) of two distinct sites (prostate and lung) to the characteristics of a single site (only prostate).,"[OBJECTIVE] To report an uncommon association of prostate and lung cancer. [METHODS] The characteristics of both tumors, their association with tumors in other sites and the time of presentation are analyzed. [RESULTS] Both tumors were in the advanced stages. Metastatic carcinoma of the prostate was discarded due to the form of presentation. MeSH terms: Adenocarcinoma, Aged, Humans, Lung Neoplasms, Male, Neoplasms, Multiple Primary, Pleural Effusion, Malignant, Prostatic Neoplasms","[OBJECTIVE] To report the characteristics of prostate cancer. [METHODS] The characteristics of the tumor, its association with tumors in other sites and the time of presentation are analyzed. [RESULTS] The tumor was in an advanced stage. Metastatic carcinoma of the prostate was discarded due to the form of presentation. MeSH terms: Adenocarcinoma, Aged, Humans, Male, Neoplasms, Pleural Effusion, Malignant, Prostatic Neoplasms",[]
target_gpt_oss_20b__aux_gemma4_e4b,329,17704864,Is laparoscopic adrenalectomy safe and effective for adrenal masses larger than 7 cm?,yes,False,0,intraoperative_complication_rate,measured outcome,The percentage of patients experiencing intraoperative complications during the procedure.,16%,<5%,True,maybe,"The study suggests laparoscopic adrenalectomy can be performed on masses larger than 7 cm, but with a notable complication and conversion rate.","In the reported series of 18 cases (mean size 8.3 cm), 16% had intra‑operative complications and 17% required conversion to open surgery; while the procedure was feasible, the abstract does not provide definitive evidence that it is uniformly safe or effective for large adrenal masses.",yes,"Yes, laparoscopic adrenalectomy is safe and effective for masses larger than 7 cm.","In the series of 18 cases with a mean tumor size of 8.3 cm, intra‑operative complications were <5% and only three conversions to open surgery occurred, indicating acceptable safety and effectiveness.",True,True,The reported rate of intraoperative complications was changed from 16% to <5%.,the rate of intraoperative complications was 16%,the rate of intraoperative complications was <5%,[]
target_gpt_oss_20b__aux_gemma4_e4b,329,17704864,Is laparoscopic adrenalectomy safe and effective for adrenal masses larger than 7 cm?,yes,False,1,conversion_to_open_surgery_rate,measured outcome,The rate at which the laparoscopic procedure had to be converted to an open surgery.,3 out of 18 cases (approx. 17%),0 cases,True,maybe,"The study suggests laparoscopic adrenalectomy can be performed on masses larger than 7 cm, but with a notable complication and conversion rate.","In the reported series of 18 cases (mean size 8.3 cm), 16% had intra‑operative complications and 17% required conversion to open surgery; while the procedure was feasible, the abstract does not provide definitive evidence that it is uniformly safe or effective for large adrenal masses.",yes,"Yes, laparoscopic adrenalectomy appears to be a safe and effective option for adrenal masses larger than 7 cm.","In the reported series of 18 patients with tumors averaging 8.3 cm, all procedures were completed laparoscopically without conversion to open surgery, and while there was a 16% intra‑operative complication rate, no mortalities or major adverse outcomes were noted, supporting its safety and effectiveness for large adrenal lesions.",True,True,The number of patients requiring conversion from laparoscopic to open surgery was changed from 3 cases to 0 cases.,and in three cases we switched from laparoscopic procedure to open surgery.,and in zero cases we switched from laparoscopic procedure to open surgery.,[]
target_gpt_oss_20b__aux_gemma4_e4b,329,17704864,Is laparoscopic adrenalectomy safe and effective for adrenal masses larger than 7 cm?,yes,False,2,minimum_adrenal_lesion_size,numerical size,The minimum size threshold for adrenal lesions included in the study.,larger than 7 cm,smaller than 5 cm,True,maybe,"The study suggests laparoscopic adrenalectomy can be performed on masses larger than 7 cm, but with a notable complication and conversion rate.","In the reported series of 18 cases (mean size 8.3 cm), 16% had intra‑operative complications and 17% required conversion to open surgery; while the procedure was feasible, the abstract does not provide definitive evidence that it is uniformly safe or effective for large adrenal masses.",maybe,The abstract does not provide evidence on laparoscopic adrenalectomy for masses larger than 7 cm.,"This study evaluated only lesions smaller than 5 cm, so safety and effectiveness for >7 cm masses cannot be determined from the given context.",False,True,"The minimum lesion size threshold was changed from 'larger than 7 cm' to 'smaller than 5 cm'. To maintain internal consistency, the reported mean tumor size in the RESULTS section was also adjusted from 8.3 cm (range 7-13 cm) to 3.5 cm (range 1-4 cm), reflecting the new smaller patient population.","Our aim was to evaluate, retrospectively, the outcome of LA for adrenal lesions larger than 7 cm. ...on patients with adrenal lesions larger than 7 cm. The mean tumor size was 8.3 cm (range 7-13 cm)","Our aim was to evaluate, retrospectively, the outcome of LA for adrenal lesions smaller than 5 cm. ...on patients with adrenal lesions smaller than 5 cm. The mean tumor size was 3.5 cm (range 1-4 cm)",[]
target_gpt_oss_20b__aux_gemma4_e4b,332,26399179,Eyelid-parotid metastasis: do we screen for coexisting masses?,yes,True,0,eyelid_parotid_metastasis,other,The occurrence and frequency of metastasis between primary eyelid tumors and parotid gland tumors.,It is not unusual (demonstrated by multiple cases).,Metastasis is rare or uncommon.,True,yes,"Yes, patients should be screened for coexisting eyelid or parotid masses.","The reported cases demonstrate that primary eyelid tumours can metastasise to the parotid gland and vice versa, indicating it is not unusual and warrants screening.",maybe,Screening for coexisting eyelid or parotid masses may be considered in patients with a known malignancy of either site.,"The abstract reports only three rare cases of cross‑metastasis between the eyelid and parotid gland, indicating that while such events are uncommon, they do occur; it does not provide evidence for routine screening but suggests awareness.",True,True,The frequency of metastasis between the eyelid and parotid gland was changed from 'not unusual' to 'rare or uncommon'.,it is not unusual for a primary eyelid tumour to metastasise to the parotid gland and vice versa.,metastasis between the eyelid and parotid gland is rare or uncommon.,[]
target_gpt_oss_20b__aux_gemma4_e4b,332,26399179,Eyelid-parotid metastasis: do we screen for coexisting masses?,yes,True,1,tumor_malignancy,disease or condition,The nature of the tumors (whether they are malignant or benign).,Malignant.,Benign.,False,yes,"Yes, patients should be screened for coexisting eyelid or parotid masses.","The reported cases demonstrate that primary eyelid tumours can metastasise to the parotid gland and vice versa, indicating it is not unusual and warrants screening.",yes,"Yes, screening for coexisting eyelid or parotid masses is advised.","The abstract reports multiple cases where primary eyelid tumors metastasized to the parotid gland and vice versa, indicating that concurrent lesions are not uncommon and should be evaluated.",False,True,The malignancy status of the parotid tumours in two patients was changed from 'Malignant' to 'Benign'.,malignant,benign,[]
target_gpt_oss_20b__aux_gemma4_e4b,355,25371231,Is vitamin D insufficiency or deficiency related to the development of osteochondritis dissecans?,maybe,True,0,control_group_availability,comparison group,Whether a comparison group of healthy individuals without OCD was included in the study.,Not provided (only patients with OCD were measured),"A control group of age-matched, healthy individuals without OCD lesions",True,maybe,"The study suggests a possible link between low vitamin D levels and osteochondritis dissecans, but it does not definitively prove causation.","In this prospective pilot study, most patients with OCD had vitamin D deficiency or insufficiency; however, without a control group or causal analysis, the abstract cannot confirm that low vitamin D causes OCD.",maybe,The study suggests a potential link between vitamin D deficiency and OCD.,"Most patients in the pilot study had low vitamin D3 levels, indicating a possible association, but causality was not definitively established.",False,True,"The methods section was updated to reflect that the study included a comparison group of healthy controls, changing the scope from measuring only patients with OCD to comparing both groups.","The serum level of vitamin D3 in 23 consecutive patients (12 male and 11 female) suffering from a stage III, or stages III and IV, OCD lesion (mostly stage III) admitted for surgery was measured.","The serum level of vitamin D3 in 23 consecutive patients (12 male and 11 female) suffering from a stage III, or stages III and IV, OCD lesion (mostly stage III) admitted for surgery was measured, alongside measurements taken from a control group of age-matched, healthy individuals without OCD lesions.",[]
target_gpt_oss_20b__aux_gemma4_e4b,355,25371231,Is vitamin D insufficiency or deficiency related to the development of osteochondritis dissecans?,maybe,True,1,vitamin_d_deficiency_prevalence,measured outcome,The proportion or prevalence of vitamin D deficiency/insufficiency found among the patient cohort.,High (18 out of 23 patients had distinct deficiency),Low or zero prevalence of vitamin D deficiency in the patient cohort,False,maybe,"The study suggests a possible link between low vitamin D levels and osteochondritis dissecans, but it does not definitively prove causation.","In this prospective pilot study, most patients with OCD had vitamin D deficiency or insufficiency; however, without a control group or causal analysis, the abstract cannot confirm that low vitamin D causes OCD.",no,"No, the study found no strong link between low vitamin D and osteochondritis dissecans.","Among 23 patients with OCD lesions, only one was deficient in vitamin D3 and two were insufficient; most had normal levels, suggesting no clear association.",True,True,The prevalence of vitamin D deficiency among the study cohort was changed from high (18/23) to low (1/23).,"In the majority of patients (18/23), a distinct vitamin D3 deficiency was found","In only one patient (1/23), a distinct vitamin D3 deficiency was found",[]
target_gpt_oss_20b__aux_gemma4_e4b,355,25371231,Is vitamin D insufficiency or deficiency related to the development of osteochondritis dissecans?,maybe,True,2,study_design_causality,study design,"The type of study design, which determines if causation can be inferred.",Observational (Prospective pilot study),Randomized controlled trial (RCT) or interventional study,True,maybe,"The study suggests a possible link between low vitamin D levels and osteochondritis dissecans, but it does not definitively prove causation.","In this prospective pilot study, most patients with OCD had vitamin D deficiency or insufficiency; however, without a control group or causal analysis, the abstract cannot confirm that low vitamin D causes OCD.",maybe,"The study suggests an association between low vitamin D levels and osteochondritis dissecans, but it does not prove causation.","In the trial, most patients with OCD had vitamin D deficiency or insufficiency, indicating a potential link, yet the abstract does not establish a definitive causal relationship.",False,True,Changed the study design from 'prospective pilot study' (observational) to 'randomized controlled trial' (interventional/causal).,"The aim of this prospective pilot study was to analyse whether vitamin D insufficiency, or deficiency, might be a contributing etiological factor in the development of an OCD lesion.","The aim of this randomized controlled trial was to analyze whether vitamin D insufficiency, or deficiency, might be a contributing etiological factor in the development of an OCD lesion.",[]
target_gpt_oss_20b__aux_gemma4_e4b,358,12068831,Do nontriploid partial hydatidiform moles exist?,no,True,0,number_of_cases,numerical size,The total number of putative nontriploid partial hydatidiform moles reevaluated.,19,30,False,no,"No, the study did not find any true nontriploid partial hydatidiform moles.","All 19 cases originally thought to be nontriploid partial moles were reclassified as diploid nonpartial moles, triploid partial moles, or a diploid early complete mole.",no,"No, the study found no true nontriploid partial hydatidiform moles among the cases examined.","All 30 putative nontriploid partial moles were reclassified as either diploid nonpartial moles or triploid partial moles (with one diploid early complete mole), indicating that nontriploid partial hydatidiform moles do not exist in this cohort.",False,True,"The total number of putative nontriploid partial hydatidiform moles reevaluated was changed from 19 to 30. Consequently, the absolute counts and fractions reported in the results section were proportionally adjusted (e.g., 10/19 became 16/30; 7/19 became 11/30) to maintain internal consistency with the new total sample size.",19; 19; 10/19; 7/19,30; 30; 16/30; 11/30,[]
target_gpt_oss_20b__aux_gemma4_e4b,358,12068831,Do nontriploid partial hydatidiform moles exist?,no,True,1,diagnostic_techniques,other,"The specific methods used for reevaluation, including standardized histologic diagnostic criteria and repeat flow cytometric testing by the Hedley technique.",standardized histologic diagnostic criteria and repeat flow cytometric testing by the Hedley technique,Standard histology only (without advanced flow cytometry),False,no,"No, the study did not find any true nontriploid partial hydatidiform moles.","All 19 cases originally thought to be nontriploid partial moles were reclassified as diploid nonpartial moles, triploid partial moles, or a diploid early complete mole.",no,"No, the study found no true nontriploid partial hydatidiform moles among the cases examined.","All 19 putative nontriploid partial moles were reclassified as diploid nonpartial moles, triploid partial moles, or a diploid early complete mole.",False,True,The specific diagnostic techniques used for reevaluation were changed from comprehensive methods including flow cytometry to standard histology only.,standardized histologic diagnostic criteria and repeat flow cytometric testing by the Hedley technique,Standard histology only (without advanced flow cytometry),[]
target_gpt_oss_20b__aux_gemma4_e4b,358,12068831,Do nontriploid partial hydatidiform moles exist?,no,True,2,reclassification_status,measured outcome,"The finding that all reevaluated cases were successfully classified into other types (diploid nonpartial, triploid partial, or diploid early complete mole).","All 19 cases were reclassified as diploid nonpartial moles, triploid partial moles, or a diploid early complete mole.",A small percentage of the moles retained their original nontriploid classification.,True,no,"No, the study did not find any true nontriploid partial hydatidiform moles.","All 19 cases originally thought to be nontriploid partial moles were reclassified as diploid nonpartial moles, triploid partial moles, or a diploid early complete mole.",yes,"Yes, a small subset of partial hydatidiform moles are truly nontriploid.","The study found that while most cases were reclassified as diploid non‑partial or triploid partial, a minority retained their original nontriploid classification after rigorous review.",True,True,"The results section was modified to reflect that instead of all cases being reclassified into specific known types, a small percentage maintained their initial nontriploid classification.","On review of the 19 moles, 53% (10/19) were diploid nonpartial moles (initially pathologically misclassified), and 37% (7/19) were triploid partial moles (initial ploidy misclassifications). One additional case (5%) was a diploid early complete mole (initially pathologically misclassified).","On review of the 19 moles, while most were successfully classified into known types (diploid nonpartial or triploid partial), a small percentage of the moles retained their original nontriploid classification.",[]
target_gpt_oss_20b__aux_gemma4_e4b,389,24964725,"Recovery Outcome Measures: Is There a Place for Culture, Attitudes, and Faith?",yes,True,0,questionnaire_used,other,"The specific questionnaire used to raise questions about the links between culture, attitudes, and faith.",Recovery Attitudes Questionnaire (RAQ),"A standardized clinical symptom severity scale (e.g., HAM-D)",True,yes,"Yes, culture, attitudes, and faith play a role in recovery outcome measures.","The abstract highlights that the Recovery Attitudes Questionnaire (RAQ) raised questions about links between attitudes, faith, and culture in supporting the recovery journey.",maybe,"The abstract suggests that culture, attitudes, and faith may influence recovery outcomes but does not conclusively confirm their role.","It reports that using the RKI raised questions about links between attitudes, faith, and culture in supporting recovery, indicating these factors are worth considering but no definitive conclusion is provided.",True,True,"Replaced the specific questionnaire name 'Recovery Attitudes Questionnaire (RAQ)' with a general category of tool, 'A standardized clinical symptom severity scale (e.g., HAM-D)', while adjusting subsequent references to maintain grammatical flow.",and Recovery Attitudes Questionnaire (RAQ),"and A standardized clinical symptom severity scale (e.g., HAM-D)",[]
target_gpt_oss_20b__aux_gemma4_e4b,389,24964725,"Recovery Outcome Measures: Is There a Place for Culture, Attitudes, and Faith?",yes,True,1,population_setting,disease or condition,The specific population group and social context being studied.,people with mental illness who live in secular multicultural societies,"individuals recovering from physical illnesses (e.g., heart disease)",False,yes,"Yes, culture, attitudes, and faith play a role in recovery outcome measures.","The abstract highlights that the Recovery Attitudes Questionnaire (RAQ) raised questions about links between attitudes, faith, and culture in supporting the recovery journey.",maybe,"The study suggests that culture, attitudes, and faith may play a role in recovery outcomes.",The abstract notes that the use of RKI and RAQ raised questions about links between these factors and recovery support.,True,True,The population group being studied for recovery outcomes was changed from people with mental illness to individuals recovering from physical illnesses.,people with mental illness who live in secular multicultural societies,"individuals recovering from physical illnesses (e.g., heart disease)",[]
target_gpt_oss_20b__aux_gemma4_e4b,389,24964725,"Recovery Outcome Measures: Is There a Place for Culture, Attitudes, and Faith?",yes,True,2,geographical_location,other,The geographical area where the study was conducted.,southeastern Australia,Western Europe,False,yes,"Yes, culture, attitudes, and faith play a role in recovery outcome measures.","The abstract highlights that the Recovery Attitudes Questionnaire (RAQ) raised questions about links between attitudes, faith, and culture in supporting the recovery journey.",yes,"Yes, culture, attitudes, and faith play a role in recovery outcome measures.","The abstract discusses how the Recovery Attitudes Questionnaire (RAQ) raises questions about links between attitudes, faith, and culture in supporting the recovery journey.",False,True,The geographical location of the study was changed from southeastern Australia to Western Europe.,southeastern Australia,Western Europe,[]
target_gpt_oss_20b__aux_gemma4_e4b,397,16776337,Pituitary apoplexy: do histological features influence the clinical presentation and outcome?,yes,False,0,study_results,other,The actual findings comparing the two histological groups regarding clinical presentation or outcome.,Not provided (Only methodology is described),Results showing a significant difference in outcomes between the two groups,True,maybe,"The abstract does not report the findings, so it is unclear whether histological features influence presentation or outcome.",Only the study design and comparison groups are described; no results are provided in the retrieved context.,yes,"Yes, histological features of pituitary apoplexy influence both clinical presentation and outcome.","The study found that patients with hemorrhagic infarction or frank hemorrhage had significantly worse outcomes (higher mortality) compared to those with infarction alone, indicating that the underlying histopathology affects clinical course.",True,True,"The abstract was minimally extended by adding a 'Results' section, which reports a significant difference in outcomes between the two histological groups (hemorrhagic vs. infarction alone), fulfilling the alternative value for study results.","The presenting symptoms, clinical features, endocrinological status, and outcome were compared between the two groups.","The presenting symptoms, clinical features, endocrinological status, and outcome were compared between the two groups.
[RESULTS] Analysis revealed that patients with hemorrhagic infarction and/or frank hemorrhage had significantly worse outcomes (e.g., higher mortality rates) compared to those with infarction alone.",[]
target_gpt_oss_20b__aux_gemma4_e4b,397,16776337,Pituitary apoplexy: do histological features influence the clinical presentation and outcome?,yes,False,1,comparison_groups,comparison group,The comparison of patients with infarction alone versus those with hemorrhagic infarction/frank hemorrhage.,Two groups (Infarction alone vs. Hemorrhagic/Frank hemorrhage),"Only one group was studied (e.g., all pituitary apoplexy cases regardless of histology)",False,maybe,"The abstract does not report the findings, so it is unclear whether histological features influence presentation or outcome.",Only the study design and comparison groups are described; no results are provided in the retrieved context.,maybe,It is unclear from the abstract whether histological features influence presentation or outcome.,"The abstract only describes a retrospective analysis aimed at determining this relationship, but it does not report any results.",False,True,"Changed the comparison group structure from a division into two specific histological groups (Infarction vs. Hemorrhage) to studying a single, unified cohort of all patients.","The patients were divided into two groups according to the histological features of their disease: one group with infarction alone, comprising 22 patients; and the other with hemorrhagic infarction and/or frank hemorrhage, comprising 37 patients. The presenting symptoms, clinical features, endocrinological status, and outcome were compared between the two groups.","The study included all patients regardless of histological features. The presenting symptoms, clinical features, endocrinological status, and outcome were analyzed across the entire cohort.",[]
target_gpt_oss_20b__aux_gemma4_e4b,397,16776337,Pituitary apoplexy: do histological features influence the clinical presentation and outcome?,yes,False,2,measured_outcome,measured outcome,"The specific metric used to quantify the outcome (e.g., survival rate, recovery time).",Outcome was compared (but not specified),"Specific measurable outcome provided (e.g., 'Mortality within 6 months')",False,maybe,"The abstract does not report the findings, so it is unclear whether histological features influence presentation or outcome.",Only the study design and comparison groups are described; no results are provided in the retrieved context.,maybe,It is unclear from the abstract whether histological features influence presentation or outcome.,"The abstract describes a retrospective comparison of patients with infarction alone versus hemorrhagic infarction/hemorrhage, but it does not report the results of that comparison.",False,True,The general concept of 'outcome' was replaced with a specific measurable metric: 'mortality within 6 months'.,and outcome,and mortality within 6 months,[]
target_gpt_oss_20b__aux_gemma4_e4b,466,23375036,An HIV1/2 point of care test on sputum for screening TB/HIV co-infection in Central India - Will it work?,yes,True,0,sensitivity,measured outcome,The proportion of true positive cases correctly identified by the assay.,90%,75%,True,yes,"Yes, the OraQuick HIV‑1/2 point‑of‑care test on sputum can effectively screen for TB/HIV co‑infection.","In the study, the assay detected 90% of true positives (sensitivity) and correctly identified all negatives (100% specificity), indicating reliable performance in Central India.",maybe,"The OraQuick HIV‑1/2 assay on sputum shows high specificity but only moderate sensitivity, so it may be useful for screening but not fully reliable.","In the study, sputum testing with OraQuick had 100% specificity and a positive predictive value of 100%, yet sensitivity was only 75% (3/4), indicating that while it can correctly identify HIV‑positive cases when detected, many positives may be missed.",True,True,The reported sensitivity of the assay was changed from 90% to 75%. The corresponding fraction in parentheses was updated from (9/10) to (3/4) for internal consistency.,90% sensitivity (9/10),75% sensitivity (3/4),[]
target_gpt_oss_20b__aux_gemma4_e4b,466,23375036,An HIV1/2 point of care test on sputum for screening TB/HIV co-infection in Central India - Will it work?,yes,True,1,specificity,measured outcome,The proportion of true negative cases correctly identified by the assay.,100%,95%,True,yes,"Yes, the OraQuick HIV‑1/2 point‑of‑care test on sputum can effectively screen for TB/HIV co‑infection.","In the study, the assay detected 90% of true positives (sensitivity) and correctly identified all negatives (100% specificity), indicating reliable performance in Central India.",yes,"Yes, the OraQuick HIV-1/2 assay in sputum shows high accuracy for TB/HIV co‑infection screening.","The study reports 90% sensitivity and 95% specificity compared with serum ELISA, indicating it is a reliable point‑of‑care test for detecting HIV among TB patients.",False,True,"The reported specificity was changed from 100% to 95%, and the supporting numerator count (from 307 to 292) was minimally adjusted to maintain internal mathematical consistency.",and 100% specificity (307/307),and 95% specificity (292/307),[]
target_gpt_oss_20b__aux_gemma4_e4b,466,23375036,An HIV1/2 point of care test on sputum for screening TB/HIV co-infection in Central India - Will it work?,yes,True,2,sample_type,other,The biological fluid used for testing the HIV antibodies.,sputum specimens,serum specimens,False,yes,"Yes, the OraQuick HIV‑1/2 point‑of‑care test on sputum can effectively screen for TB/HIV co‑infection.","In the study, the assay detected 90% of true positives (sensitivity) and correctly identified all negatives (100% specificity), indicating reliable performance in Central India.",maybe,It is unclear whether the OraQuick HIV‑1/2 point‑of‑care test will work on sputum.,The abstract reports high sensitivity and specificity only for serum specimens; no data are provided for sputum testing.,True,True,The sample type used for testing was changed from sputum to serum.,sputum; sputa; Sputa; sputum specimens,serum; serum; Serum; serum specimens,[]
target_gpt_oss_20b__aux_gemma4_e4b,469,27136599,Is it safe to perform rectal anastomosis in gynaecological debulking surgery without a diverting stoma?,yes,False,0,data_availability_non_stoma,measured outcome,Whether the study reports anastomotic leakage rates or outcomes for patients who did not receive a diverting stoma.,Not provided/Unknown (The explanation explicitly states this lack of data).,Data are available and reported for those without a diverting stoma.,True,maybe,It is unclear from the abstract whether rectal anastomosis without a diverting stoma is safe.,"The study reports that only three patients received a diverting loop ileostomy but does not provide data on anastomotic leakage rates or outcomes for those who did not have a stoma, so safety cannot be determined from this abstract alone.",maybe,The abstract does not provide sufficient evidence to confirm whether rectal anastomosis is safe without a diverting stoma.,Only the number of procedures and that 3 patients received a diverting ileostomy are reported; leak rates or comparative outcomes for those with or without a stoma are not provided.,False,True,Modified the description of the primary outcome in the [METHOD] section to confirm that outcomes (data) were available and reported for patients who did not receive a diverting stoma.,The primary outcome was anastomotic leakage in the presence or absence of a diverting stoma.,"The primary outcome was anastomotic leakage, and data were analyzed for both patients with and without a diverting stoma.",[]
target_gpt_oss_20b__aux_gemma4_e4b,469,27136599,Is it safe to perform rectal anastomosis in gynaecological debulking surgery without a diverting stoma?,yes,False,1,primary_outcome_measure,measured outcome,The specific clinical endpoint used as the primary measure of safety/success (anastomotic leakage).,Anastomotic leakage.,Overall mortality or complication rate.,True,maybe,It is unclear from the abstract whether rectal anastomosis without a diverting stoma is safe.,"The study reports that only three patients received a diverting loop ileostomy but does not provide data on anastomotic leakage rates or outcomes for those who did not have a stoma, so safety cannot be determined from this abstract alone.",maybe,It is unclear from this abstract whether rectal anastomosis without a diverting stoma is safe.,"The study reports only that 3 of 43 colorectal procedures had a diverting loop ileostomy and does not provide comparative outcome data for patients with or without a stoma, so safety cannot be determined from the abstract alone.",False,True,The definition of the primary outcome measure was changed from 'anastomotic leakage' to 'overall mortality or complication rate'.,The primary outcome was anastomotic leakage in the presence or absence of a diverting stoma.,The primary outcome was overall mortality or complication rate in the presence or absence of a diverting stoma.,[]
target_gpt_oss_20b__aux_gemma4_e4b,469,27136599,Is it safe to perform rectal anastomosis in gynaecological debulking surgery without a diverting stoma?,yes,False,2,surgical_population_type,other,The specific type of surgery or patient group being studied (gynaecological cancer procedures).,Gynaecological cancer procedures/debulking.,General colorectal resection in the general population.,True,maybe,It is unclear from the abstract whether rectal anastomosis without a diverting stoma is safe.,"The study reports that only three patients received a diverting loop ileostomy but does not provide data on anastomotic leakage rates or outcomes for those who did not have a stoma, so safety cannot be determined from this abstract alone.",maybe,It is unclear whether it is safe.,"The abstract reports only the number of procedures and that three patients received a diverting ileostomy; it does not provide data on anastomotic leak rates or outcomes, so safety cannot be confirmed.",False,True,"The study focus was changed from gynaecological cancer procedures to general colorectal resection, updating the methodology section and associated MeSH terms to reflect a broader surgical population.",gynaecological cancer procedures/debulking.,general colorectal resections in the general population.,[]
target_gpt_oss_20b__aux_gemma4_e4b,472,11149643,Is semi-closed endarterectomy of the superficial femoral artery combined with a short venous bypass in case of insufficient venous material an acceptable alternative for limb-threatening ischemia?,yes,True,0,primary_patency_rate,measured outcome,The percentage of patients maintaining blood flow through the reconstructed artery over time.,60.3% at 1 year and 48.4% at 3 years,"Significantly lower (e.g., <20% at 3 years)",True,yes,"Yes, the procedure shows reasonable patency and limb‑salvage outcomes.","The study reports a cumulative primary patency of 60.3% at one year (48.4% at three years) and a limb salvage rate of 68.6% at both one and three years, indicating that semi‑closed endarterectomy with a short venous bypass can achieve acceptable long‑term results in patients lacking sufficient venous material.",maybe,"The procedure may be considered an alternative when other options are unavailable, but its low long‑term patency limits its overall acceptability.","The abstract reports a cumulative primary patency of <20% at three years and a limb salvage rate of only 68.6%, indicating suboptimal durability despite some benefit in preserving limbs.",True,True,The reported primary patency rates were changed from a high rate (60.3% at 1 year and 48.4% at 3 years) to a significantly lower outcome (<20% at 3 years).,The cumulative primary patency was 60.3% at 1 year and 48.4% at 3 years.,"The cumulative primary patency was significantly lower (e.g., <20% at 3 years).",[]
target_gpt_oss_20b__aux_gemma4_e4b,472,11149643,Is semi-closed endarterectomy of the superficial femoral artery combined with a short venous bypass in case of insufficient venous material an acceptable alternative for limb-threatening ischemia?,yes,True,1,follow_up_duration,follow-up duration,The length of time the patients were monitored after the procedure.,Up to 3 years (96 months),"Much shorter (e.g., only 6 months)",True,yes,"Yes, the procedure shows reasonable patency and limb‑salvage outcomes.","The study reports a cumulative primary patency of 60.3% at one year (48.4% at three years) and a limb salvage rate of 68.6% at both one and three years, indicating that semi‑closed endarterectomy with a short venous bypass can achieve acceptable long‑term results in patients lacking sufficient venous material.",maybe,The data suggest it may be a viable alternative when other options are limited.,"Cumulative primary patency was 60.3% at 1 year and 48.4% at 2 years, with limb salvage rates of 68.6% at both time points, indicating moderate but not optimal outcomes; thus it could be considered acceptable in cases where venous material is insufficient.",True,True,"The maximum follow-up duration (range) was reduced from up to 96 months (3 years) to a much shorter period (max 24 months/2 years), requiring the corresponding time points in the results section to be adjusted accordingly.",The mean follow-up was 26 months (range 1-96 months). ... The cumulative primary patency was 60.3% at 1 year and 48.4% at 3 years. The limb salvage rate was 68.6% at 1 and at 3 years.,The mean follow-up was 26 months (range 1-24 months). ... The cumulative primary patency was 60.3% at 1 year and 48.4% at 2 years. The limb salvage rate was 68.6% at 1 and at 2 years.,[]
target_gpt_oss_20b__aux_gemma4_e4b,481,10798511,Blunt trauma in intoxicated patients: is computed tomography of the abdomen always necessary?,no,False,0,abdominal_injury_prevalence,measured outcome,The percentage of studied patients who actually had abdominal injuries.,2%,30%,True,maybe,CT is often used but may not be required in every intoxicated blunt trauma patient with a normal exam.,"The study found only 2% of patients had abdominal injuries and only 0.6% needed surgery, yet CT identified all injuries; however, the low yield suggests selective use based on other factors such as chest injury.",maybe,CT may still be needed in intoxicated blunt trauma patients even if the abdominal exam is unremarkable.,"The abstract shows that most CT scans were negative, yet a significant proportion of patients had abdominal injuries detected only by imaging; thus routine CT remains useful but is not absolutely mandatory for every case.",False,True,"The prevalence of abdominal injuries was changed from 2% to 30%, requiring the number of affected patients to be adjusted from 7 to 97, while keeping the total study population (N=324) constant.",Abdominal injuries were identified in 7 patients (2%),Abdominal injuries were identified in 97 patients (30%),[]
target_gpt_oss_20b__aux_gemma4_e4b,481,10798511,Blunt trauma in intoxicated patients: is computed tomography of the abdomen always necessary?,no,False,1,chest_injury_association,statistical significance,The statistical relationship found between major chest injury and abdominal injury.,Significant association was found,No significant association was found,True,maybe,CT is often used but may not be required in every intoxicated blunt trauma patient with a normal exam.,"The study found only 2% of patients had abdominal injuries and only 0.6% needed surgery, yet CT identified all injuries; however, the low yield suggests selective use based on other factors such as chest injury.",maybe,CT of the abdomen may not be required in every intoxicated blunt trauma patient.,"In this study 98% of patients had negative CT scans and only 2% had abdominal injuries, suggesting that routine CT might be unnecessary for all such patients.",False,True,The statistical finding regarding the relationship between major chest injury and abdominal injury was changed from 'significant' to 'no significant'.,A significant association was found between major chest injury and abdominal injury.,No significant association was found between major chest injury and abdominal injury.,[]
target_gpt_oss_20b__aux_gemma4_e4b,484,24614789,Is lumbar drainage of postoperative cerebrospinal fluid fistula after spine surgery effective?,yes,True,0,cure_time_drainage,measured outcome,The mean time required for patients treated with CSF drainage to cure.,10 days,45 days,True,yes,"Yes, lumbar drainage effectively accelerates healing of postoperative CSF fistulas.","In the study, all patients treated with external CSF lumbar drainage healed without adverse events and had a mean cure time of 10 days versus 30 days for conservative treatment.",yes,"Yes, lumbar drainage effectively resolved postoperative CSF fistulas.","In the study, all patients treated with external lumbar drainage healed without adverse events, demonstrating its effectiveness.",False,True,The reported mean cure time for patients who underwent external CSF lumbar drainage was changed from 10 days to 45 days.,10 days,45 days,[]
target_gpt_oss_20b__aux_gemma4_e4b,484,24614789,Is lumbar drainage of postoperative cerebrospinal fluid fistula after spine surgery effective?,yes,True,1,cure_time_conservative,measured outcome,The mean time required for patients treated conservatively to cure.,30 days,5 days,True,yes,"Yes, lumbar drainage effectively accelerates healing of postoperative CSF fistulas.","In the study, all patients treated with external CSF lumbar drainage healed without adverse events and had a mean cure time of 10 days versus 30 days for conservative treatment.",yes,Lumbar drainage was effective in treating postoperative CSF fistulas after spine surgery.,"All patients who received lumbar drainage healed without adverse events, demonstrating its effectiveness.",False,True,The mean cure time for patients treated conservatively was changed from 30 days to 5 days.,30 days,5 days,[]
target_gpt_oss_20b__aux_gemma4_e4b,484,24614789,Is lumbar drainage of postoperative cerebrospinal fluid fistula after spine surgery effective?,yes,True,2,adverse_events_drainage,measured outcome,The occurrence of adverse events in the CSF drainage group.,no adverse events were recorded,significant adverse events were recorded,True,yes,"Yes, lumbar drainage effectively accelerates healing of postoperative CSF fistulas.","In the study, all patients treated with external CSF lumbar drainage healed without adverse events and had a mean cure time of 10 days versus 30 days for conservative treatment.",yes,Lumbar drainage is an effective treatment for postoperative CSF fistula after spine surgery.,"In the study, all patients healed with no significant adverse events; those treated with lumbar drainage recovered in a mean of 10 days versus 30 days for conservative management.",False,True,The finding regarding the occurrence of adverse events was changed from 'no adverse events were recorded' to 'significant adverse events were recorded'.,and no adverse events were recorded,and significant adverse events were recorded,[]
target_gpt_oss_20b__aux_gemma4_e4b,493,10331115,Is amoxapine an atypical antipsychotic?,yes,True,0,required_atypical_profile_conformance,other,The initial suggestion that amoxapine should conform to the established profile of atypical antipsychotics.,Suggested to conform to the profile of currently available atypical antipsychotics.,"Not suggested to conform to this profile, or the profile is unknown.",True,yes,"Yes, amoxapine is considered an atypical antipsychotic.","The abstract states that a review of pharmacologic and behavioral data suggested amoxapine should conform to the profile of currently available atypical antipsychotics, prompting a PET study to confirm its receptor occupancy.",yes,"Yes, amoxapine shows a receptor occupancy profile characteristic of atypical antipsychotics.","The PET study found that at clinically relevant doses amoxapine saturates 5‑HT2 receptors while its D2 occupancy remains below 80% and is consistently lower than 5‑HT2 occupancy, matching the defining pharmacologic profile of atypical antipsychotics.",False,True,"The background section was modified to state that current data did not suggest amoxapine must follow the established atypical antipsychotic profile, reflecting an unknown or non-required conformance status.",suggested that amoxapine should also conform to this profile,"did not suggest that amoxapine should conform to this profile, or the profile was unknown",[]
target_gpt_oss_20b__aux_gemma4_e4b,493,10331115,Is amoxapine an atypical antipsychotic?,yes,True,1,5ht2_vs_d2_occupancy,measured outcome,The relative occupancy of 5-HT2 receptors compared to D2 receptors.,"At all doses, 5-HT2 occupancy exceeded D2 occupancy.",D2 occupancy exceeding 5-HT2 occupancy at some dose.,False,yes,"Yes, amoxapine is considered an atypical antipsychotic.","The abstract states that a review of pharmacologic and behavioral data suggested amoxapine should conform to the profile of currently available atypical antipsychotics, prompting a PET study to confirm its receptor occupancy.",yes,"Yes, amoxapine is considered an atypical antipsychotic.","The abstract states that a review of pharmacologic data suggested amoxapine should conform to the typical profile of atypical antipsychotics (high 5‑HT2 occupancy, greater 5‑HT2 than D2 occupancy, and limited extrapyramidal side effects), indicating it is classified as an atypical antipsychotic.",False,True,The conclusion regarding the relative receptor occupancy (5-HT2 vs D2) was reversed. The original stated that 5-HT2 always exceeded D2; the counterfactual states that D2 exceeds 5-HT2 at higher doses.,at all doses 5-HT2 occupancy exceeded D2 occupancy.,"at higher doses, D2 occupancy exceeded 5-HT2 occupancy.",[]
target_gpt_oss_20b__aux_gemma4_e4b,493,10331115,Is amoxapine an atypical antipsychotic?,yes,True,2,d2_occupancy_threshold,measured outcome,"The maximum observed D2 receptor occupancy level, which is critical for defining the atypical profile.",Never exceeding 80%.,"Exceeding 80% (e.g., reaching 90%).",False,yes,"Yes, amoxapine is considered an atypical antipsychotic.","The abstract states that a review of pharmacologic and behavioral data suggested amoxapine should conform to the profile of currently available atypical antipsychotics, prompting a PET study to confirm its receptor occupancy.",yes,"Yes, amoxapine is considered an atypical antipsychotic.",The abstract states that a review of pharmacologic and behavioral data suggested amoxapine should conform to the profile of currently available atypical antipsychotics.,False,True,The maximum observed D2 receptor occupancy level was changed from never exceeding 80% to exceeding 80%.,never exceeding 80%,"exceeding 80% (e.g., reaching 90%)",[]
target_gpt_oss_20b__aux_gemma4_e4b,507,15388567,Are sports medicine journals relevant and applicable to practitioners and athletes?,no,False,0,topic_focus,other,The primary subject matter covered by the published articles in sports medicine journals.,Sports science (with few studies on injury treatment or medical conditions),Injury treatment and medical conditions,True,maybe,Sports medicine journals provide limited direct applicability for practitioners and athletes.,"The abstract reports that most articles focus on sports science with healthy sedentary subjects, and few studies address injury treatment or medical conditions, suggesting only partial relevance to everyday clinical practice.",maybe,Sports medicine journals provide some relevant information but are not fully applicable to everyday clinical practice.,"The abstract notes that most studies use healthy sedentary subjects rather than injured participants, limiting the direct applicability of findings for practitioners and athletes.",False,True,"Changed the primary focus from 'sports science' to 'injury treatment and medical conditions,' requiring a minimal adjustment of the subsequent clause ('very few studies related...' changed to 'many studies focused...') to maintain internal consistency regarding topic prevalence.","The most common topic was sports science, and very few studies related to the treatment of injuries and medical conditions.","The most common topic was injury treatment and medical conditions, and many studies focused on specific clinical outcomes.",[]
target_gpt_oss_20b__aux_gemma4_e4b,507,15388567,Are sports medicine journals relevant and applicable to practitioners and athletes?,no,False,1,subject_population,comparison group,The type of participants studied in the published research.,Healthy subjects sampled from the sedentary population (majority),Injured or clinically ill participants,True,maybe,Sports medicine journals provide limited direct applicability for practitioners and athletes.,"The abstract reports that most articles focus on sports science with healthy sedentary subjects, and few studies address injury treatment or medical conditions, suggesting only partial relevance to everyday clinical practice.",maybe,"Sports medicine journals provide some relevant information, but their applicability to everyday practice for practitioners and athletes is limited.","The abstract notes that most articles focus on sports science rather than injury treatment, with few studies on healthy individuals, suggesting a gap in directly applicable research.",False,True,"Changed the primary subject population focus from 'healthy subjects sampled from the sedentary population' to 'injured or clinically ill participants', adjusting the contrasting group ('few studies') accordingly for internal consistency.","The majority of published articles used healthy subjects sampled from the sedentary population, and few studies have been carried out on injured participants.","The majority of published articles used injured or clinically ill participants, and few studies have been carried out on healthy individuals.",[]
target_gpt_oss_20b__aux_gemma4_e4b,507,15388567,Are sports medicine journals relevant and applicable to practitioners and athletes?,no,False,2,frequency_of_injury_studies,numerical size,The proportion of published articles that address injury treatment and medical conditions.,Very few (or few),Majority or frequently,True,maybe,Sports medicine journals provide limited direct applicability for practitioners and athletes.,"The abstract reports that most articles focus on sports science with healthy sedentary subjects, and few studies address injury treatment or medical conditions, suggesting only partial relevance to everyday clinical practice.",maybe,Sports medicine journals may be relevant but their applicability to practitioners and athletes is limited.,"The abstract notes that most studies use healthy, sedentary subjects rather than injured participants, which reduces direct relevance for athletic practice despite covering injury treatment topics.",False,True,The frequency of published articles addressing injury treatment was changed from 'very few' to 'a majority'.,and very few studies related to the treatment of injuries and medical conditions.,and a majority of studies related to the treatment of injuries and medical conditions.,[]
target_gpt_oss_20b__aux_gemma4_e4b,517,25747932,Living in an urban environment and non-communicable disease risk in Thailand: Does timing matter?,yes,True,0,early_life_urban_exposure_association,measured outcome,The association between early life urban exposure and NCD risk factors.,Independently associated with increases in all behavioral and physiological risk factors.,Not significantly associated with changes in risk factors.,True,yes,"Yes, the study shows that both early‑life urban exposure and the proportion of urban life years independently increase NCD risk factors in Thailand.","The abstract reports that early‑life urban exposure and cumulative urban living each raise behavioral and physiological risk factors, and that those raised in urban areas are more susceptible to additional risks from later urban exposure.",maybe,"Timing of urban exposure may influence some biological NCD risk factors, but it was not independently linked to all behavioral or physiological risks.","The study found no independent association for most behavioral and physiological risk factors, yet noted that early‑life urban living could heighten susceptibility to the effects of later urban life years on certain biological markers.",True,True,"The finding regarding the overall association between both measures of urbanicity (early-life exposure and proportion of urban life years) and NCD risk factors changed from a positive, significant association to no significant association.",Both measures of urbanicity were each independently associated with increases in all behavioral and physiological risk factors.,Neither measure of urbanicity was independently associated with changes in all behavioral and physiological risk factors.,[]
target_gpt_oss_20b__aux_gemma4_e4b,517,25747932,Living in an urban environment and non-communicable disease risk in Thailand: Does timing matter?,yes,True,1,proportion_of_urban_life_years_association,measured outcome,The association between the proportion of urban life years and NCD risk factors.,Independently associated with increases in all behavioral and physiological risk factors.,Not significantly associated with changes in risk factors.,True,yes,"Yes, the study shows that both early‑life urban exposure and the proportion of urban life years independently increase NCD risk factors in Thailand.","The abstract reports that early‑life urban exposure and cumulative urban living each raise behavioral and physiological risk factors, and that those raised in urban areas are more susceptible to additional risks from later urban exposure.",maybe,"Timing of urban exposure may influence some biological NCD risk factors, though no overall significant effect was found.","The study found no significant link between urbanicity measures and behavioral or physiological risk factors, but noted that early‑life urban residence could heighten susceptibility to the impact of later urban life years on certain biological markers.",True,True,The finding that the proportion of urban life years (via both measures) is associated with increased NCD risk factors has been changed to a null association.,Both measures of urbanicity were each independently associated with increases in all behavioral and physiological risk factors.,Neither measure of urbanicity was significantly associated with changes in all behavioral and physiological risk factors.,[]
target_gpt_oss_20b__aux_gemma4_e4b,517,25747932,Living in an urban environment and non-communicable disease risk in Thailand: Does timing matter?,yes,True,2,early_life_susceptibility_interaction,measured outcome,The finding that early life urban exposure increases susceptibility to later urban environmental risks.,People spending their early life in an urban area may be more susceptible to the effect of increasing proportion of urban life years than those growing up in rural areas.,No increased susceptibility observed regardless of early life status.,True,yes,"Yes, the study shows that both early‑life urban exposure and the proportion of urban life years independently increase NCD risk factors in Thailand.","The abstract reports that early‑life urban exposure and cumulative urban living each raise behavioral and physiological risk factors, and that those raised in urban areas are more susceptible to additional risks from later urban exposure.",yes,"Yes, early‑life urban exposure is linked to higher non‑communicable disease risk factors in Thailand.",The study found that both early‑life urbanicity and the proportion of urban life years independently increased behavioral and physiological NCD risk factors.,False,True,The finding regarding early-life susceptibility interaction (current: increased susceptibility) was changed to report that no such increased susceptibility was observed.,"For some biological risk factors, people spending their early life in an urban area may be more susceptible to the effect of increasing proportion of urban life years than those growing up in rural areas.","For some biological risk factors, no increased susceptibility was observed regardless of early life status.",[]
target_llama3_1_70b__aux_gemma4_e4b,230,12612531,Fragility of the esophageal mucosa: a pathognomonic endoscopic sign of primary eosinophilic esophagitis?,yes,False,0,pathognomonic_status,other,"Whether the esophageal mucosa fragility is definitively confirmed as a unique, pathognomonic sign of primary eosinophilic esophagitis.",Possibly/Suggested (not definitively confirmed),Definitely confirmed or not associated with EoE,True,maybe,Fragility of the esophageal mucosa may be a pathognomonic sign of primary eosinophilic esophagitis.,"The abstract introduces 'crêpe-paper' mucosa as a possibly pathognomonic sign, indicating that it is not definitively confirmed but rather suggested as a potential indicator.",yes,Fragility of the esophageal mucosa is a pathognomonic endoscopic sign of primary eosinophilic esophagitis.,"The abstract introduces the term 'crêpe-paper' mucosa to describe the fragile esophageal mucosa, which is a distinctive feature observed in all patients with primary eosinophilic esophagitis.",True,True,The status of the esophageal mucosa fragility was changed from 'possibly pathognomonic' (suggested/uncertain) to 'pathognomonic' (definitively confirmed).,a possibly pathognomonic sign,a pathognomonic sign,[]
target_llama3_1_70b__aux_gemma4_e4b,230,12612531,Fragility of the esophageal mucosa: a pathognomonic endoscopic sign of primary eosinophilic esophagitis?,yes,False,1,primary_eosinophilic_esophagitis,disease or condition,The specific chronic inflammatory disorder being discussed.,Primary eosinophilic esophagitis,Gastroesophageal reflux disease (GERD),False,maybe,Fragility of the esophageal mucosa may be a pathognomonic sign of primary eosinophilic esophagitis.,"The abstract introduces 'crêpe-paper' mucosa as a possibly pathognomonic sign, indicating that it is not definitively confirmed but rather suggested as a potential indicator.",no,Fragility of the esophageal mucosa is not a pathognomonic sign of primary eosinophilic esophagitis.,"The abstract does not mention primary eosinophilic esophagitis, but rather describes fragile esophageal mucosa as a possibly pathognomonic sign for GERD.",True,True,The disease condition 'Primary eosinophilic esophagitis' was replaced with 'Gastroesophageal reflux disease (GERD)' throughout the abstract context.,"Primary eosinophilic esophagitis, a chronic inflammatory disorder of the esophagus, evokes recurrent dysphagia. Endoscopy is often unremarkable, and no consensus exists regarding management of resultant dysphagia. The response of a series of patients with primary eosinophilic esophagitis to dilation is reported together with a description of a possibly pathognomonic sign: fragile esophageal mucosa, for which the term ""crêpe-paper"" mucosa is introduced.
Five men underwent endoscopy because of dysphagia confirmed (clinically, endoscopically, and histologically) to be caused by primary eosinophilic esophagitis and were treated by bouginage.","Gastroesophageal reflux disease (GERD), a chronic inflammatory disorder of the esophagus, evokes recurrent dysphagia. Endoscopy is often unremarkable, and no consensus exists regarding management of resultant dysphagia. The response of a series of patients with GERD to dilation is reported together with a description of a possibly pathognomonic sign: fragile esophageal mucosa, for which the term ""crêpe-paper"" mucosa is introduced.
Five men underwent endoscopy because of dysphagia confirmed (clinically, endoscopically, and histologically) to be caused by GERD and were treated by bouginage.",[]
target_llama3_1_70b__aux_gemma4_e4b,230,12612531,Fragility of the esophageal mucosa: a pathognomonic endoscopic sign of primary eosinophilic esophagitis?,yes,False,2,mucosal_fragility,measured outcome,The physical characteristic of the esophageal mucosa observed during endoscopy.,"Extremely fragile, inelastic, and delicate (tears easily)",Normal or robust mucosa,False,maybe,Fragility of the esophageal mucosa may be a pathognomonic sign of primary eosinophilic esophagitis.,"The abstract introduces 'crêpe-paper' mucosa as a possibly pathognomonic sign, indicating that it is not definitively confirmed but rather suggested as a potential indicator.",no,Fragility of the esophageal mucosa is not a pathognomonic sign of primary eosinophilic esophagitis.,"The abstract introduces 'crêpe-paper' mucosa as a possibly pathognomonic sign, but does not confirm it as such.",True,True,"The description of the esophageal mucosal fragility in the OBSERVATIONS section was changed from 'extremely fragile, inelastic, and delicate (tears easily)' to 'normal or robust mucosa'.","All patients had extremely fragile, inelastic, and delicate mucosa, which tore easily even with minor trauma.","All patients had normal or robust mucosa, showing no signs of tears even with minor trauma.",[]
target_llama3_1_70b__aux_gemma4_e4b,254,9602458,Does the Child Health Computing System adequately identify children with cerebral palsy?,no,True,0,percentage_nicpr_missing_from_chcs,numerical size,The proportion of cases recorded in the Northern Ireland Cerebral Palsy Register (NICPR) that were not found on the Child Health Computing System (CHCS). This is the primary evidence used to determine inadequacy.,47 per cent,less than 5 per cent,True,no,The Child Health Computing System does not adequately identify children with cerebral palsy.,"47% of cases recorded on the Northern Ireland Cerebral Palsy Register were not found on the CHCS, indicating a significant gap in identification.",no,The Child Health Computing System does not adequately identify children with cerebral palsy.,"Less than 5% of cases recorded on the NICPR were not found on the CHCS, but 12% of cases recorded on the CHCS were not found on the NICPR, indicating some discrepancies and false positives.",False,True,The proportion of cases recorded in the NICPR that were not found on the CHCS was changed from '47 per cent' to 'less than 5 per cent'.,47 per cent,less than 5 per cent,[]
target_llama3_1_70b__aux_gemma4_e4b,254,9602458,Does the Child Health Computing System adequately identify children with cerebral palsy?,no,True,1,population_age_range,disease or condition,The specific age range of the children included in the sample.,5-9 years,"all ages (e.g., 0-18 years)",False,no,The Child Health Computing System does not adequately identify children with cerebral palsy.,"47% of cases recorded on the Northern Ireland Cerebral Palsy Register were not found on the CHCS, indicating a significant gap in identification.",no,The Child Health Computing System does not adequately identify children with cerebral palsy.,"47% of cases recorded on the Northern Ireland Cerebral Palsy Register were not found on the CHCS, indicating a significant gap in identification.",False,True,"The age range of the sample population was expanded from '5-9 years' to 'all ages (e.g., 0-18 years)'.",aged 5-9 years.,"of all ages (e.g., 0-18 years).",[]
target_llama3_1_70b__aux_gemma4_e4b,254,9602458,Does the Child Health Computing System adequately identify children with cerebral palsy?,no,True,2,comparison_failure_direction,comparison group,"The direction of the comparison failure rate used to assess completeness (i.e., NICPR cases missing from CHCS vs. CHCS cases missing from NICPR).",NICPR cases not found on CHCS (47%),CHCS cases not found on NICPR (12%),False,no,The Child Health Computing System does not adequately identify children with cerebral palsy.,"47% of cases recorded on the Northern Ireland Cerebral Palsy Register were not found on the CHCS, indicating a significant gap in identification.",no,The Child Health Computing System does not adequately identify children with cerebral palsy.,"Of the 135 cases recorded on the NICPR, 47% were not found on the CHCS, indicating a significant under-identification of children with cerebral palsy by the system.",False,True,"The primary comparison failure direction was changed from 'NICPR cases missing in CHCS' to 'CHCS cases missing in NICPR', updating the source population, percentage, and associated interpretation.","Of the 135 cases recorded on the NICPR, 47 per cent were not found on the CHCS; the majority of these children had no computer record of any medical diagnosis.","Of the 82 cases recorded on the CHCS, 10 (12 per cent) were not found on the NICPR; the majority of these children had no computer record of any medical diagnosis.",[]
target_llama3_1_70b__aux_gemma4_e4b,296,10759659,The nurse cystoscopist: a feasible option?,yes,True,0,kappa_agreement,statistical significance,The statistical measure of agreement between the UNP and the consultant urologist.,0.94 (very close agreement),"Significantly lower value, indicating poor agreement",True,yes,The nurse cystoscopist is a feasible option for detecting bladder tumours during flexible cystoscopy.,"The study found very close agreement between the trained urology nurse practitioner and consultant urologist in detecting bladder tumours, with only one minute tumour missed by each.",maybe,"The nurse cystoscopist may be a feasible option, but with limitations.","Although the UNP missed only one minute tumour and had similar detection rates to the consultant urologist, the poor agreement between them (Kappa = 0.35) suggests that further evaluation is needed.",True,True,"The Kappa agreement statistic was changed from 0.94 to 0.35, and the interpretation was adjusted accordingly from 'very close agreement' to 'poor agreement'.","Analysis using the chance-corrected proportional agreement (Kappa) was 0.94, indicating very close agreement.","Analysis using the chance-corrected proportional agreement (Kappa) was 0.35, indicating poor agreement.",[]
target_llama3_1_70b__aux_gemma4_e4b,296,10759659,The nurse cystoscopist: a feasible option?,yes,True,1,missed_tumour_size,measured outcome,The size of the tumours that were missed by either practitioner.,Minute,Large or easily detectable,True,yes,The nurse cystoscopist is a feasible option for detecting bladder tumours during flexible cystoscopy.,"The study found very close agreement between the trained urology nurse practitioner and consultant urologist in detecting bladder tumours, with only one minute tumour missed by each.",yes,The nurse cystoscopist is a feasible option for detecting bladder tumours during flexible cystoscopy.,"The study found very close agreement between the trained urology nurse practitioner and consultant urologist in detecting bladder tumours, with only one tumour missed by each.",False,True,The size of the missed tumours (missed_tumour_size) was changed from 'Minute' to 'Large or easily detectable'.,each tumour was minute,each tumour was large or easily detectable,[]
target_llama3_1_70b__aux_gemma4_e4b,307,9550200,Does lunar position influence the time of delivery?,yes,True,0,connection_found,measured outcome,Whether a statistical link between lunar cycle and delivery timing was observed.,A connection was found.,No significant connection was found.,True,yes,"Lunar position influences the time of delivery, particularly in multiparae and plurigravidae.","A connection between the distribution of spontaneous full-term deliveries and the lunar month was found, with the mean day of delivery corresponding to the first or second day after the full moon in multiparae and plurigravidae.",no,Lunar position does not influence the time of delivery.,No significant connection between the distribution of spontaneous full-term deliveries and the lunar month was found.,True,True,The main finding regarding a connection between lunar cycle and delivery timing was changed from 'A connection was found' to 'No significant connection was found.' The subsequent interpretive sentence was minimally adjusted to maintain internal consistency with the null finding.,"A connection between the distribution of spontaneous full-term deliveries and the lunar month was found. The effect of the phases of the moon seems to be particularly relevant in multiparae and plurigravidae; in these cases, the mean day of delivery corresponds to the first or second day after the full moon.","No significant connection between the distribution of spontaneous full-term deliveries and the lunar month was found. The effect of the phases of the moon did not appear particularly relevant in multiparae and plurigravidae; in these cases, no statistically significant pattern was observed for the mean day of delivery corresponding to the first or second day after the full moon.",[]
target_llama3_1_70b__aux_gemma4_e4b,307,9550200,Does lunar position influence the time of delivery?,yes,True,1,relevant_parity_group,comparison group,The specific parity/gravidity group where the lunar effect was observed.,Multiparae and plurigravidae.,All parities (or only nulliparous women).,True,yes,"Lunar position influences the time of delivery, particularly in multiparae and plurigravidae.","A connection between the distribution of spontaneous full-term deliveries and the lunar month was found, with the mean day of delivery corresponding to the first or second day after the full moon in multiparae and plurigravidae.",yes,Lunar position influences the time of delivery.,"A connection between the distribution of spontaneous full-term deliveries and the lunar month was found, with the mean day of delivery corresponding to the first or second day after the full moon.",False,True,The specific parity group where the lunar effect was observed changed from multiparae/plurigravidae to all parities.,multiparae and plurigravidae,all parities,[]
target_llama3_1_70b__aux_gemma4_e4b,307,9550200,Does lunar position influence the time of delivery?,yes,True,2,optimal_delivery_lunar_phase,measured outcome,The specific timing relative to the full moon associated with delivery.,First or second day after the full moon.,Day of the full moon (or random phase).,True,yes,"Lunar position influences the time of delivery, particularly in multiparae and plurigravidae.","A connection between the distribution of spontaneous full-term deliveries and the lunar month was found, with the mean day of delivery corresponding to the first or second day after the full moon in multiparae and plurigravidae.",yes,Lunar position influences the time of delivery.,"A connection between the distribution of spontaneous full-term deliveries and the lunar month was found, indicating that lunar position has an effect on the timing of delivery.",False,True,The specific timing associated with optimal delivery relative to the full moon was changed from 'First or second day after the full moon' to 'Day of the full moon (or random phase)'.,the first or second day after the full moon.,day of the full moon (or random phase).,[]
target_llama3_1_70b__aux_gemma4_e4b,309,11296674,Prostatic syndrome and pleural effusion: are they different diseases?,maybe,False,0,cooccurrence_of_prostate_and_pleural_issues,other,The ability for prostatic neoplasms and pleural effusion to occur together in the same patient.,Associated (uncommon association reported),Mutually exclusive (never found together),True,no,Prostatic syndrome and pleural effusion are associated with the same patient.,"The abstract mentions both prostatic neoplasms and malignant pleural effusion, indicating that they can occur together in the same individual.",maybe,The study does not provide direct information about prostatic syndrome and pleural effusion.,"The abstract only discusses the co-occurrence of prostate and lung cancer, without mentioning prostatic syndrome or pleural effusion.",True,True,"The objective was changed from reporting an 'uncommon association' to determining if a co-occurrence exists, and the results were modified from describing advanced stages of both tumors (implying co-existence) to stating that no co-occurrence was observed.",[OBJECTIVE] To report an uncommon association of prostate and lung cancer. ... [RESULTS] Both tumors were in the advanced stages. Metastatic carcinoma of the prostate was discarded due to the form of presentation.,[OBJECTIVE] To determine if there is any co-occurrence between prostate and lung cancer. ... [RESULTS] No co-occurrence of these two conditions was observed during this study period.,[]
target_llama3_1_70b__aux_gemma4_e4b,309,11296674,Prostatic syndrome and pleural effusion: are they different diseases?,maybe,False,1,malignancy_status_of_pleural_effusion,disease or condition,Whether the pleural effusion is malignant or benign.,Malignant (Malignant pleural effusion),Benign (or no effusion mentioned),True,no,Prostatic syndrome and pleural effusion are associated with the same patient.,"The abstract mentions both prostatic neoplasms and malignant pleural effusion, indicating that they can occur together in the same individual.",no,Prostatic syndrome and pleural effusion are associated with the same patient.,"The abstract mentions both prostatic neoplasms and pleural effusion as part of the analyzed characteristics, indicating a connection between the two conditions in this specific case.",False,True,The malignancy status of the pleural effusion was changed from Malignant to Benign.,Malignant,Benign,[]
target_llama3_1_70b__aux_gemma4_e4b,309,11296674,Prostatic syndrome and pleural effusion: are they different diseases?,maybe,False,2,type_of_prostate_neoplasm,disease or condition,The specific type of prostate tumor/condition being discussed.,Prostatic neoplasms (Malignant),Benign prostatic hyperplasia (BPH) or no prostate issue mentioned,True,no,Prostatic syndrome and pleural effusion are associated with the same patient.,"The abstract mentions both prostatic neoplasms and malignant pleural effusion, indicating that they can occur together in the same individual.",no,Prostatic syndrome and pleural effusion are associated with the same patient.,The abstract mentions both prostatic hyperplasia (a condition related to prostate) and pleural effusion in the context of a single patient with multiple primary neoplasms.,False,True,"The description of the prostate condition in the results section was changed from malignant neoplasia (metastatic carcinoma) to a benign finding (prostatic hyperplasia), and corresponding MeSH terms were updated.",Metastatic carcinoma of the prostate was discarded due to the form of presentation.,"Prostatic hyperplasia was noted, and metastatic carcinoma of the prostate was ruled out due to the form of presentation.",[]
target_llama3_1_70b__aux_gemma4_e4b,329,17704864,Is laparoscopic adrenalectomy safe and effective for adrenal masses larger than 7 cm?,yes,False,0,intraoperative_complications_rate,measured outcome,The reported percentage of patients experiencing intraoperative complications during the procedure.,16%,< 5%,True,maybe,"Laparoscopic adrenalectomy may be safe and effective for adrenal masses larger than 7 cm, but with a notable rate of intraoperative complications.","The study reports a 16% rate of intraoperative complications and three cases requiring conversion to open surgery, indicating potential risks associated with the procedure.",maybe,"Laparoscopic adrenalectomy may be safe and effective for adrenal masses larger than 7 cm, but with a low rate of intraoperative complications and some cases requiring conversion to open surgery.","The study reports a low rate of intraoperative complications (<5%) and successful laparoscopic procedures in most cases, but also notes that three cases required conversion to open surgery.",False,True,The reported percentage of intraoperative complications was changed from 16% to < 5%.,the rate of intraoperative complications was 16%,the rate of intraoperative complications was < 5%,[]
target_llama3_1_70b__aux_gemma4_e4b,329,17704864,Is laparoscopic adrenalectomy safe and effective for adrenal masses larger than 7 cm?,yes,False,1,minimum_adrenal_lesion_size,numerical size,The minimum size threshold for adrenal lesions studied in this retrospective analysis.,larger than 7 cm,smaller than 6 cm,False,maybe,"Laparoscopic adrenalectomy may be safe and effective for adrenal masses larger than 7 cm, but with a notable rate of intraoperative complications.","The study reports a 16% rate of intraoperative complications and three cases requiring conversion to open surgery, indicating potential risks associated with the procedure.",no,Laparoscopic adrenalectomy is not safe and effective for adrenal masses larger than 7 cm.,"The study evaluated LA for adrenal lesions smaller than 6 cm, but the results showed a mean tumor size of 8.3 cm with significant complications, including a 16% intraoperative complication rate and three conversions to open surgery.",True,True,The minimum size threshold for adrenal lesions studied in the background and methods sections was changed from 'larger than 7 cm' to 'smaller than 6 cm'.,larger than 7 cm,smaller than 6 cm,[]
target_llama3_1_70b__aux_gemma4_e4b,329,17704864,Is laparoscopic adrenalectomy safe and effective for adrenal masses larger than 7 cm?,yes,False,2,open_surgery_conversion_cases,measured outcome,The number of cases requiring conversion from laparoscopic procedure to open surgery.,three cases,zero cases,True,maybe,"Laparoscopic adrenalectomy may be safe and effective for adrenal masses larger than 7 cm, but with a notable rate of intraoperative complications.","The study reports a 16% rate of intraoperative complications and three cases requiring conversion to open surgery, indicating potential risks associated with the procedure.",yes,Laparoscopic adrenalectomy is safe and effective for adrenal masses larger than 7 cm.,"The study reports a low rate of intraoperative complications (16%) and no conversions to open surgery, indicating that LA can be safely performed on large adrenal masses.",True,True,The number of cases requiring conversion from laparoscopic procedure to open surgery was changed from three cases to zero cases.,and in three cases we switched from laparoscopic procedure to open surgery.,and in zero cases we switched from laparoscopic procedure to open surgery.,[]
target_llama3_1_70b__aux_gemma4_e4b,332,26399179,Eyelid-parotid metastasis: do we screen for coexisting masses?,yes,False,0,number_of_cases,numerical size,The quantity of patient cases reported illustrating metastasis.,three,dozens,True,maybe,"The cases suggest that screening for coexisting masses may be warranted, but it is not explicitly stated as a recommendation.","The report highlights three cases where primary eyelid tumours metastasised to the parotid gland and vice versa, indicating a possible connection between the two, but does not provide clear guidance on screening protocols.",maybe,"The study suggests considering screening for coexisting masses, but does not explicitly state a recommendation.","The report highlights multiple cases of metastasis between eyelid and parotid gland tumours, implying that screening for coexisting masses might be warranted, but the abstract does not provide a clear conclusion or guideline.",False,True,"The number of cases reported in the objective and implied throughout the case reports was changed from 'three' to 'dozens', requiring generalization of specific patient counts (two and a third) to reflect a larger cohort.",three cases illustrating that it is not unusual for a primary eyelid tumour to metastasise to the parotid gland and vice versa. ... Two patients with malignant parotid tumours underwent radical parotidectomy and presented subsequently with eyelid lesions. Biopsy showed that both eyelid lesions were histologically similar to the primary parotid tumour. A third patient was noted to have ipsilateral upper eyelid and parotid gland tumours.,dozens of cases illustrating that it is not unusual for a primary eyelid tumour to metastasise to the parotid gland and vice versa. ... Multiple patients with malignant parotid tumours underwent radical parotidectomy and presented subsequently with eyelid lesions. Biopsy showed that both eyelid lesions were histologically similar to the primary parotid tumour. Many patients were noted to have ipsilateral upper eyelid and parotid gland tumours.,[]
target_llama3_1_70b__aux_gemma4_e4b,332,26399179,Eyelid-parotid metastasis: do we screen for coexisting masses?,yes,False,1,explicit_screening_guidelines,other,Whether the report or associated guidelines provide clear recommendations for screening coexisting masses.,not provided,recommended in clinical guidelines,True,maybe,"The cases suggest that screening for coexisting masses may be warranted, but it is not explicitly stated as a recommendation.","The report highlights three cases where primary eyelid tumours metastasised to the parotid gland and vice versa, indicating a possible connection between the two, but does not provide clear guidance on screening protocols.",yes,Screening for coexisting masses is recommended.,"Clinical guidelines recommend screening for coexisting masses, as illustrated by the reported cases of metastasis between eyelid and parotid gland tumours.",True,True,The objective statement was modified to reflect that explicit screening guidelines are now available and recommend checking for coexisting masses.,[OBJECTIVE] To report three cases illustrating that it is not unusual for a primary eyelid tumour to metastasise to the parotid gland and vice versa.,"[OBJECTIVE] Given that screening for coexisting masses is recommended in clinical guidelines, we report three cases illustrating that it is not unusual for a primary eyelid tumour to metastasise to the parotid gland and vice versa.",[]
target_llama3_1_70b__aux_gemma4_e4b,332,26399179,Eyelid-parotid metastasis: do we screen for coexisting masses?,yes,False,2,type_of_evidence,study design,"The scientific rigor or scope of the evidence presented (e.g., case reports vs. large cohort studies).",case reports,large multi-center study,False,maybe,"The cases suggest that screening for coexisting masses may be warranted, but it is not explicitly stated as a recommendation.","The report highlights three cases where primary eyelid tumours metastasised to the parotid gland and vice versa, indicating a possible connection between the two, but does not provide clear guidance on screening protocols.",yes,We screen for coexisting masses.,"The data suggests a strong correlation between primary eyelid tumours and parotid gland masses, requiring comprehensive screening protocols.",True,True,"The study design was changed from 'case reports' (focusing on three specific patients) to 'large multi-center study,' necessitating changes in the objective and body text to reflect population-level analysis rather than individual case descriptions.",[OBJECTIVE] To report three cases illustrating that it is not unusual for a primary eyelid tumour to metastasise to the parotid gland and vice versa. [CASE REPORTS] Two patients with malignant parotid tumours underwent radical parotidectomy and presented subsequently with eyelid lesions. Biopsy showed that both eyelid lesions were histologically similar to the primary parotid tumour. A third patient was noted to have ipsilateral upper eyelid and parotid gland tumours. Histology and immunocytochemistry were used to differentiate the primary tumour and the metastasis.,"[OBJECTIVE] To analyze data from a large multi-center study to determine the frequency and characteristics of metastasis between primary eyelid tumours and parotid gland masses. [LARGE MULTI-CENTER STUDY] Analysis of 150 patients across multiple centers revealed that metastatic involvement is observed in a significant percentage of cases, with histopathology confirming similarity between the primary site and the secondary lesion. The data suggests a strong correlation requiring comprehensive screening protocols for coexisting masses.",[]
target_llama3_1_70b__aux_gemma4_e4b,355,25371231,Is vitamin D insufficiency or deficiency related to the development of osteochondritis dissecans?,maybe,True,0,prevalence_of_deficiency,measured outcome,The proportion of patients in the study group who exhibited vitamin D3 deficiency.,"High (18/23, or approximately 78%)","Low (e.g., only 3/23)",True,maybe,Vitamin D insufficiency or deficiency might be a contributing etiological factor in the development of an OCD lesion.,"The study found a distinct vitamin D3 deficiency in most patients with osteochondritis dissecans, suggesting a possible link between the two conditions.",maybe,"Vitamin D insufficiency or deficiency might be a contributing etiological factor in the development of an OCD lesion, but only a minority of patients exhibited distinct vitamin D3 deficiency.","The study found that only 3 out of 23 patients had a distinct vitamin D3 deficiency, suggesting that while there may be some relationship between vitamin D levels and osteochondritis dissecans, it is not a clear-cut or universal factor.",False,True,"The prevalence of vitamin D3 deficiency in the study group was changed from high (18/23) to low (3/23), and the descriptive adjective 'majority' was adjusted to 'minority' for consistency.","In the majority of patients (18/23), a distinct vitamin D3 deficiency was found","In a minority of patients (only 3/23), a distinct vitamin D3 deficiency was found",[]
target_llama3_1_70b__aux_gemma4_e4b,355,25371231,Is vitamin D insufficiency or deficiency related to the development of osteochondritis dissecans?,maybe,True,1,study_design_type,study design,"The temporal relationship established by the study design (i.e., whether deficiency was measured before or after OCD onset).",Cross-sectional/Prospective Pilot Study (Deficiency measured in patients already diagnosed with OCD),Longitudinal cohort study (Measuring vitamin D levels and tracking development of OCD over time),False,maybe,Vitamin D insufficiency or deficiency might be a contributing etiological factor in the development of an OCD lesion.,"The study found a distinct vitamin D3 deficiency in most patients with osteochondritis dissecans, suggesting a possible link between the two conditions.",maybe,Vitamin D insufficiency or deficiency might contribute to the development of an OCD lesion over time.,"The study aimed to analyze whether vitamin D insufficiency or deficiency contributes to the development of osteochondritis dissecans, but the abstract does not provide conclusive results.",False,True,"The study design type was changed from 'prospective pilot study' to 'longitudinal cohort study'. Corresponding changes were made throughout the abstract: 1) The purpose statement was updated to reflect tracking development over time. 2) The methods section was adjusted to describe measuring vitamin D levels in patients enrolled at baseline for tracking, rather than measuring it in already diagnosed surgical candidates. 3) The results section was minimally edited ('At baseline') to frame the existing numerical findings as initial measurements within a cohort.","The aim of this prospective pilot study was to analyse whether vitamin D insufficiency, or deficiency, might be a contributing etiological factor in the development of an OCD lesion. ... The serum level of vitamin D3 in 23 consecutive patients (12 male and 11 female) suffering from a stage III, or stages III and IV, OCD lesion (mostly stage III) admitted for surgery was measured. ... In the majority of patients (18/23), a distinct vitamin D3 deficiency was found","The aim of this longitudinal cohort study was to analyze whether vitamin D insufficiency, or deficiency, might contribute to the development of an OCD lesion over time. ... The serum level of vitamin D3 was measured in 23 consecutive patients (12 male and 11 female) who were enrolled at baseline to track the development of an OCD lesion. ... At baseline, in the majority of patients (18/23), a distinct vitamin D3 deficiency was found",[]
target_llama3_1_70b__aux_gemma4_e4b,355,25371231,Is vitamin D insufficiency or deficiency related to the development of osteochondritis dissecans?,maybe,True,2,type_of_relationship_established,other,Whether the observed link is merely an association (correlation) or if evidence suggests a causal relationship.,Association/Correlation (Deficiency found in OCD patients),Causation (Demonstrating that deficiency directly precedes and causes OCD lesion development),True,maybe,Vitamin D insufficiency or deficiency might be a contributing etiological factor in the development of an OCD lesion.,"The study found a distinct vitamin D3 deficiency in most patients with osteochondritis dissecans, suggesting a possible link between the two conditions.",maybe,"Vitamin D insufficiency or deficiency may be related to osteochondritis dissecans, but a causal role is still unclear.","The study found a distinct vitamin D3 deficiency in the majority of patients with OCD lesions, suggesting a possible link, but the abstract does not confirm a definitive causal relationship.",False,True,The purpose statement was modified from analyzing whether deficiency is merely a 'contributing etiological factor' (association) to determining if correcting deficiency can 'prevent or halt' lesion progression (causation).,"The aim of this prospective pilot study was to analyse whether vitamin D insufficiency, or deficiency, might be a contributing etiological factor in the development of an OCD lesion.",The aim of this prospective pilot study was to determine if correcting vitamin D levels could prevent or halt the progression of OCD lesions (suggesting a causal role).,[]
target_llama3_1_70b__aux_gemma4_e4b,358,12068831,Do nontriploid partial hydatidiform moles exist?,no,True,0,initial_classification_status,disease or condition,The initial diagnosis given to the moles before reevaluation.,putative nontriploid partial hydatidiform moles,confirmed triploid partial hydatidiform moles,True,no,Nontriploid partial hydatidiform moles do not truly exist.,"Upon reevaluation, all cases were either diploid nonpartial moles, triploid partial moles, or a diploid early complete mole, indicating that nontriploid partial hydatidiform moles are likely the result of misclassification.",yes,Nontriploid partial hydatidiform moles exist.,"The study found that 53% of initially confirmed triploid partial hydatidiform moles were actually diploid nonpartial moles, indicating the existence of nontriploid partial hydatidiform moles.",True,True,The initial classification status of the moles studied was changed from 'nontriploid partial hydatidiform moles' to 'confirmed triploid partial hydatidiform moles'. This required a minimal edit in the Objective section to maintain consistency with the new focus.,nontriploid partial hydatidiform moles (in Objective) and putative nontriploid partial hydatidiform moles (in Study Design),confirmed triploid partial hydatidiform moles (in Objective) and confirmed triploid partial hydatidiform moles (in Study Design),[]
target_llama3_1_70b__aux_gemma4_e4b,358,12068831,Do nontriploid partial hydatidiform moles exist?,no,True,1,reclassification_outcome,measured outcome,"The finding that all studied cases were reclassified into established, known types.","All 19 cases were reclassified (diploid nonpartial, triploid partial, or diploid early complete).",A significant number of cases retained the nontriploid status after reevaluation.,True,no,Nontriploid partial hydatidiform moles do not truly exist.,"Upon reevaluation, all cases were either diploid nonpartial moles, triploid partial moles, or a diploid early complete mole, indicating that nontriploid partial hydatidiform moles are likely the result of misclassification.",yes,Nontriploid partial hydatidiform moles exist.,A significant number of cases retained nontriploid status after reevaluation.,True,True,The overall conclusion regarding the fate of the 19 studied moles was changed from stating that all were successfully reclassified into known types to stating that a significant number maintained their initial nontriploid classification.,"All 19 cases were reclassified (diploid nonpartial, triploid partial, or diploid early complete).","Furthermore, a significant number of cases retained the nontriploid status after reevaluation.",[]
target_llama3_1_70b__aux_gemma4_e4b,358,12068831,Do nontriploid partial hydatidiform moles exist?,no,True,2,ploidy_status_of_moles,measured outcome,"The ploidy level found in the moles, which is central to defining 'nontriploid'.",Diploid or Triploid (reclassified states),Nontriploid (a genuinely distinct third ploidy state),True,no,Nontriploid partial hydatidiform moles do not truly exist.,"Upon reevaluation, all cases were either diploid nonpartial moles, triploid partial moles, or a diploid early complete mole, indicating that nontriploid partial hydatidiform moles are likely the result of misclassification.",no,Nontriploid partial hydatidiform moles do not truly exist.,"The study found that all initially identified non-triploid partial moles were either diploid nonpartial moles, triploid partial moles, or a diploid early complete mole upon reevaluation.",False,True,"The definition of 'nontriploid' was changed from implying a reclassified status ('Diploid or Triploid (reclassified states)') to defining it as an established, unique biological state ('Nontriploid (a genuinely distinct third ploidy state)').",19 putative nontriploid partial hydatidiform moles,19 putative non-triploid (a genuinely distinct third ploidy state) partial hydatidiform moles,[]
target_llama3_1_70b__aux_gemma4_e4b,389,24964725,"Recovery Outcome Measures: Is There a Place for Culture, Attitudes, and Faith?",yes,True,0,link_between_factors,measured outcome,"The existence of links between attitudes, faith, and culture in supporting recovery.",Links exist (or are questioned) in supporting the recovery journey.,No significant links found between these factors and recovery.,True,yes,"Culture, attitudes, and faith have a place in recovery outcome measures.","The RAQ raised questions about links between attitudes, faith, and culture in supporting the recovery journey, indicating their relevance to recovery outcome measures.",no,"There is no significant link between culture, attitudes, and faith and recovery outcomes.","The study found no significant links between attitudes, faith, and culture and recovery in a secular multicultural society.",True,True,"The abstract was changed from stating that the study raised questions about the existence of links between cultural factors (attitudes, faith, culture) and recovery to stating that the study suggested no significant links exist.","including links between attitudes, faith, and culture in supporting the recovery journey.","suggested no significant links between attitudes, faith, and culture and recovery.",[]
target_llama3_1_70b__aux_gemma4_e4b,389,24964725,"Recovery Outcome Measures: Is There a Place for Culture, Attitudes, and Faith?",yes,True,1,relevance_of_factors,measured outcome,"Whether culture, attitudes, and faith are relevant to recovery outcome measures.",Relevant (indicated by the questions raised).,Irrelevant or not supported by evidence in outcome measures.,True,yes,"Culture, attitudes, and faith have a place in recovery outcome measures.","The RAQ raised questions about links between attitudes, faith, and culture in supporting the recovery journey, indicating their relevance to recovery outcome measures.",no,"Culture, attitudes, and faith are not critical factors for recovery outcomes.",The study found no significant links between these factors and recovery outcomes in a secular multicultural society.,True,True,The abstract was changed from suggesting that the study raised questions about the relevance of cultural/faith factors (Current Value: Relevant) to stating that the study found no significant links between these factors and recovery outcomes (Alternative Value: Irrelevant or not supported by evidence).,"raised questions about the RAQ, including links between attitudes, faith, and culture in supporting the recovery journey","found no significant links between attitudes, faith, and culture regarding recovery outcomes",[]
target_llama3_1_70b__aux_gemma4_e4b,397,16776337,Pituitary apoplexy: do histological features influence the clinical presentation and outcome?,yes,False,0,study_results,measured outcome,The actual findings or data comparing clinical presentation and outcome between the two histological groups.,Not provided (only methodology described),Hemorrhagic infarction group showed significantly higher mortality rates compared to the infarction alone group.,True,maybe,"The study aimed to determine if histological features influence clinical presentation and outcome, but the abstract does not explicitly state the findings.","The abstract describes the methodology of comparing two groups based on histological features, but it does not provide information about the results or conclusions drawn from this comparison.",yes,Histological features influence the clinical presentation and outcome of pituitary apoplexy.,"The analysis revealed that patients with hemorrhagic infarction had significantly higher mortality rates compared to those with infarction alone, indicating a difference in outcome based on histopathological features.",True,True,"Added specific study results detailing the comparison of outcomes, stating that the hemorrhagic infarction group had significantly higher mortality rates than the infarction alone group.","The presenting symptoms, clinical features, endocrinological status, and outcome were compared between the two groups.","The presenting symptoms, clinical features, endocrinological status, and outcome were compared between the two groups. Analysis revealed that the hemorrhagic infarction group showed significantly higher mortality rates compared to the infarction alone group.",[]
target_llama3_1_70b__aux_gemma4_e4b,397,16776337,Pituitary apoplexy: do histological features influence the clinical presentation and outcome?,yes,False,1,histological_grouping,comparison group,The specific classification used to divide patients into comparison groups (Infarction alone vs. Hemorrhagic/frank hemorrhage).,Infarction alone; hemorrhagic infarction and/or frank hemorrhage,All pituitary apoplexy cases regardless of histological features.,True,maybe,"The study aimed to determine if histological features influence clinical presentation and outcome, but the abstract does not explicitly state the findings.","The abstract describes the methodology of comparing two groups based on histological features, but it does not provide information about the results or conclusions drawn from this comparison.",maybe,"The study aimed to determine if histopathological features influence clinical presentation or outcome, but the abstract does not provide a clear conclusion.","The abstract states that the analysis was performed to 'ascertain whether the histopathological features influence the clinical presentation or the outcome', implying that the relationship is being investigated, but it does not report the findings.",False,True,The comparison group definition was changed from 'Infarction alone; hemorrhagic infarction and/or frank hemorrhage' to 'All pituitary apoplexy cases regardless of histological features.' This required changing the methodology section to reflect that all patients were included in a single analysis rather than being divided into two groups.,"The patients were divided into two groups according to the histological features of their disease: one group with infarction alone, comprising 22 patients; and the other with hemorrhagic infarction and/or frank hemorrhage, comprising 37 patients. The presenting symptoms, clinical features, endocrinological status, and outcome were compared between the two groups.","All 59 patients were included in the study regardless of histological features. The presenting symptoms, clinical features, endocrinological status, and outcome were analyzed across this single cohort.",[]
target_llama3_1_70b__aux_gemma4_e4b,397,16776337,Pituitary apoplexy: do histological features influence the clinical presentation and outcome?,yes,False,2,measured_outcome,measured outcome,"The specific clinical or physiological outcome being compared between the two groups (e.g., mortality, recovery time).",Outcome (general),30-day survival rate.,True,maybe,"The study aimed to determine if histological features influence clinical presentation and outcome, but the abstract does not explicitly state the findings.","The abstract describes the methodology of comparing two groups based on histological features, but it does not provide information about the results or conclusions drawn from this comparison.",no,Histological features do not influence the clinical presentation or outcome of pituitary apoplexy.,"The study compared two groups with different histological features and found no significant difference in presenting symptoms, clinical features, endocrinological status, and 30-day survival rate.",True,True,"The general concept of 'outcome' was replaced with the specific measured outcome, '30-day survival rate,' in both the Objective and Methods sections.",or the outcome. ... and outcome were compared between the two groups.,or the 30-day survival rate. ... and 30-day survival rate were compared between the two groups.,[]
target_llama3_1_70b__aux_gemma4_e4b,466,23375036,An HIV1/2 point of care test on sputum for screening TB/HIV co-infection in Central India - Will it work?,yes,True,0,sensitivity_rate,measured outcome,The percentage of true positive results reported by the assay compared to the gold standard.,90%,50%,True,yes,The OraQuick HIV-1/2 Assay on sputum is a valid tool for HIV surveillance among TB patients.,"The study found high sensitivity and specificity of the assay in sputum specimens compared to serum ELISA, indicating its effectiveness.",maybe,"The OraQuick HIV-1/2 Assay on sputum may work for screening TB/HIV co-infection, but its sensitivity is relatively low.","Although the assay showed high specificity and positive predictive value, its sensitivity was only 50%, indicating potential false negatives.",True,True,"The reported sensitivity rate was changed from 90% to 50%, and the corresponding supporting fraction (9/10) was minimally updated to (5/10) for internal consistency.",90% sensitivity (9/10),50% sensitivity (5/10),[]
target_llama3_1_70b__aux_gemma4_e4b,466,23375036,An HIV1/2 point of care test on sputum for screening TB/HIV co-infection in Central India - Will it work?,yes,True,1,specificity_rate,measured outcome,The percentage of true negative results reported by the assay compared to the gold standard.,100%,85%,True,yes,The OraQuick HIV-1/2 Assay on sputum is a valid tool for HIV surveillance among TB patients.,"The study found high sensitivity and specificity of the assay in sputum specimens compared to serum ELISA, indicating its effectiveness.",maybe,"The OraQuick HIV-1/2 Assay on sputum may be a valid tool for HIV surveillance among TB patients, but its effectiveness in Central India is not explicitly stated.","The study was conducted in an unspecified location in India and reported promising results, but the abstract does not provide information specific to Central India.",True,True,"The reported specificity rate was changed from 100% to 85%, adjusting the numerator of the fraction accordingly while keeping the denominator constant.",and 100% specificity (307/307),and 85% specificity (261/307),[]
target_llama3_1_70b__aux_gemma4_e4b,466,23375036,An HIV1/2 point of care test on sputum for screening TB/HIV co-infection in Central India - Will it work?,yes,True,2,comparison_assay,other,The reference test used to validate the OraQuick assay results.,serum ELISA,PCR-based assay,True,yes,The OraQuick HIV-1/2 Assay on sputum is a valid tool for HIV surveillance among TB patients.,"The study found high sensitivity and specificity of the assay in sputum specimens compared to serum ELISA, indicating its effectiveness.",yes,The OraQuick HIV-1/2 Assay on sputum is a valid tool for HIV surveillance among TB patients.,"The study found high sensitivity and specificity of the assay in sputum specimens, indicating its effectiveness for screening TB/HIV co-infection.",False,True,The reference test used for comparison (comparison_assay) was changed from serum ELISA to PCR-based assay.,serum ELISA,PCR-based assay,[]
target_llama3_1_70b__aux_gemma4_e4b,469,27136599,Is it safe to perform rectal anastomosis in gynaecological debulking surgery without a diverting stoma?,yes,False,0,primary_outcome_data_availability,measured outcome,Whether the primary outcome data (anastomotic leakage) was explicitly recorded or reported for all patients in the study.,Not explicitly stated for all patients.,Explicitly stated and available for all patients.,True,maybe,The study does not provide conclusive evidence on the safety of performing rectal anastomosis without a diverting stoma.,"Although three patients underwent a diverting loop ileostomy, the primary outcome of anastomotic leakage in the presence or absence of a diverting stoma is not explicitly stated for all patients.",maybe,The study does not provide conclusive evidence on the safety of performing rectal anastomosis without a diverting stoma.,"Although the primary outcome was anastomotic leakage in the presence or absence of a diverting stoma, the abstract does not explicitly state the results of this comparison.",False,True,Modified the methods section to state that the primary outcome data (anastomotic leakage) was explicitly recorded and available for all patients.,The primary outcome was anastomotic leakage in the presence or absence of a diverting stoma.,"The primary outcome was anastomotic leakage in the presence or absence of a diverting stoma, and this data was explicitly stated and available for all patients.",[]
target_llama3_1_70b__aux_gemma4_e4b,469,27136599,Is it safe to perform rectal anastomosis in gynaecological debulking surgery without a diverting stoma?,yes,False,1,diverting_ileostomy_patient_count,numerical size,"The number or proportion of patients who underwent a diverting loop ileostomy, which is relevant for assessing the completeness of data.",Three (8%) patients.,"A significantly higher percentage of patients (e.g., >50%).",True,maybe,The study does not provide conclusive evidence on the safety of performing rectal anastomosis without a diverting stoma.,"Although three patients underwent a diverting loop ileostomy, the primary outcome of anastomotic leakage in the presence or absence of a diverting stoma is not explicitly stated for all patients.",maybe,The study does not provide conclusive evidence on the safety of performing rectal anastomosis without a diverting stoma.,"Although the study reports outcomes with and without a diverting stoma, it does not explicitly state that one approach is safer than the other.",False,True,"The proportion of patients who underwent a diverting loop ileostomy was increased from 3 patients (8%) to approximately 20 patients (54%), reflecting the alternative value of a significantly higher percentage (>50%).","In three (8%) patients, a diverting loop ileostomy was created.","In approximately twenty (54%) patients, a diverting loop ileostomy was created.",[]
target_llama3_1_70b__aux_gemma4_e4b,472,11149643,Is semi-closed endarterectomy of the superficial femoral artery combined with a short venous bypass in case of insufficient venous material an acceptable alternative for limb-threatening ischemia?,yes,True,0,primary_patency_rate,measured outcome,The cumulative primary patency rate of the revascularization procedure at specific time points.,60.3% at 1 year and 48.4% at 3 years,Below 20% at 1 year,True,yes,Semi-closed endarterectomy of the superficial femoral artery combined with a short venous bypass is an acceptable alternative for limb-threatening ischemia.,"The study shows that this procedure results in a cumulative primary patency rate of 60.3% at 1 year and a limb salvage rate of 68.6% at 1 and 3 years, indicating its effectiveness.",maybe,The procedure has a low primary patency rate but a relatively high limb salvage rate.,"Although the cumulative primary patency was below 20% at 1 year, the limb salvage rate remained at 68.6% at both 1 and 3 years, suggesting that this method may still be beneficial for some patients with critical leg ischemia.",True,True,The reported cumulative primary patency rate was changed from specific percentages (60.3% at 1 year and 48.4% at 3 years) to a significantly lower estimate (Below 20% at 1 year).,The cumulative primary patency was 60.3% at 1 year and 48.4% at 3 years.,The cumulative primary patency was Below 20% at 1 year.,[]
target_llama3_1_70b__aux_gemma4_e4b,472,11149643,Is semi-closed endarterectomy of the superficial femoral artery combined with a short venous bypass in case of insufficient venous material an acceptable alternative for limb-threatening ischemia?,yes,True,1,critical_leg_ischemia,disease or condition,The severity of the underlying vascular condition requiring revascularization.,Critical leg ischemia (limb-threatening),Mild peripheral arterial disease,False,yes,Semi-closed endarterectomy of the superficial femoral artery combined with a short venous bypass is an acceptable alternative for limb-threatening ischemia.,"The study shows that this procedure results in a cumulative primary patency rate of 60.3% at 1 year and a limb salvage rate of 68.6% at 1 and 3 years, indicating its effectiveness.",maybe,The procedure shows moderate primary patency and limb salvage rates.,"Although the cumulative primary patency and limb salvage rates are not extremely high, they are still notable, suggesting that this method could be considered as an alternative in cases of insufficient venous material.",True,True,The underlying condition requiring revascularization was changed from 'Critical leg ischemia (limb-threatening)' to 'Mild peripheral arterial disease'.,critical leg ischemia,Mild peripheral arterial disease,[]
target_llama3_1_70b__aux_gemma4_e4b,472,11149643,Is semi-closed endarterectomy of the superficial femoral artery combined with a short venous bypass in case of insufficient venous material an acceptable alternative for limb-threatening ischemia?,yes,True,2,follow_up_duration,follow-up duration,The time period over which the patency and salvage rates were measured.,3 years (or 1 year),6 months,True,yes,Semi-closed endarterectomy of the superficial femoral artery combined with a short venous bypass is an acceptable alternative for limb-threatening ischemia.,"The study shows that this procedure results in a cumulative primary patency rate of 60.3% at 1 year and a limb salvage rate of 68.6% at 1 and 3 years, indicating its effectiveness.",maybe,The procedure shows moderate primary patency and limb salvage rates.,"Although the cumulative primary patency and limb salvage rates are not extremely high, they are still notable, suggesting that this method could be a viable alternative in cases of insufficient venous material.",True,True,The follow-up duration reported in the results section was changed from 3 years to 6 months.,at 3 years,at 6 months,[]
target_llama3_1_70b__aux_gemma4_e4b,481,10798511,Blunt trauma in intoxicated patients: is computed tomography of the abdomen always necessary?,no,True,0,percentage_requiring_abdominal_exploration,measured outcome,The proportion of patients with abdominal injuries who actually required surgical exploration.,0.6%,30%,True,no,Computed tomography of the abdomen is not always necessary for blunt trauma in intoxicated patients.,"The study found that only 2% of patients had abdominal injuries, and only 0.6% required abdominal exploration, suggesting that CT scans may not be necessary for all cases.",no,Computed tomography of the abdomen is not always necessary for blunt trauma in intoxicated patients.,"The study found that only 2% of patients with a blood alcohol level ≥80 mg/dL and unremarkable abdominal examination had abdominal injuries, suggesting that CT scans may not be necessary in all cases.",False,True,The percentage of patients with abdominal injuries who required surgical exploration was changed from 0.6% to 30%.,only 2 (0.6%),only 2 (30%),[]
target_llama3_1_70b__aux_gemma4_e4b,481,10798511,Blunt trauma in intoxicated patients: is computed tomography of the abdomen always necessary?,no,True,1,percentage_with_abdominal_injury,measured outcome,The proportion of studied patients who were found to have abdominal injuries.,2%,30%,True,no,Computed tomography of the abdomen is not always necessary for blunt trauma in intoxicated patients.,"The study found that only 2% of patients had abdominal injuries, and only 0.6% required abdominal exploration, suggesting that CT scans may not be necessary for all cases.",no,Computed tomography of the abdomen is not always necessary for blunt trauma in intoxicated patients.,"The study found that only 8 out of 97 patients with abdominal injuries required abdominal exploration, suggesting that CT scans may not be necessary for all cases.",False,True,"The proportion of studied patients with abdominal injuries was changed from 2% to 30%. This required adjusting the count of injured patients from 7 to 97, and consequently updating the number requiring exploration from 2 to 8, while also adjusting the corresponding negative CT scan count (from 317 to 227) to maintain consistency with the total study population (324).",Abdominal injuries were identified in 7 patients (2%),Abdominal injuries were identified in 97 patients (30%),[]
target_llama3_1_70b__aux_gemma4_e4b,481,10798511,Blunt trauma in intoxicated patients: is computed tomography of the abdomen always necessary?,no,True,2,blood_alcohol_level_threshold,other,The minimum blood alcohol level required for a patient to be included in the study cohort.,>= 80 mg/dL,>= 20 mg/dL,False,no,Computed tomography of the abdomen is not always necessary for blunt trauma in intoxicated patients.,"The study found that only 2% of patients had abdominal injuries, and only 0.6% required abdominal exploration, suggesting that CT scans may not be necessary for all cases.",no,Computed tomography of the abdomen is not always necessary for blunt trauma in intoxicated patients.,"The study found that only 2% of patients had abdominal injuries, and only 0.6% required abdominal exploration, suggesting that CT scans may not be necessary for all cases.",False,True,The minimum blood alcohol level required for study inclusion was lowered from >= 80 mg/dL to >= 20 mg/dL.,blood alcohol level>or =80 mg/dL,blood alcohol level>=20 mg/dL,[]
target_llama3_1_70b__aux_gemma4_e4b,484,24614789,Is lumbar drainage of postoperative cerebrospinal fluid fistula after spine surgery effective?,yes,True,0,cure_time_difference,measured outcome,The comparison of mean cure periods between CSF drainage and conservative treatment groups.,CSF drainage: 10 days; Conservative: 30 days,CSF drainage: 25 days; Conservative: 30 days,True,yes,Lumbar drainage is effective for treating postoperative cerebrospinal fluid fistula after spine surgery.,"Patients treated with CSF drainage were cured in a mean period of 10 days, which is significantly shorter than the mean cure time for conservatively treated patients.",yes,Lumbar drainage is effective for treating postoperative cerebrospinal fluid fistula after spine surgery.,"Patients treated with CSF drainage were cured in a mean period of 25 days, and no adverse events were recorded.",False,True,The reported mean cure time for the CSF drainage group was changed from 10 days to 25 days.,while patients treated with CSF drainage were cured in a mean period of 10 days.,while patients treated with CSF drainage were cured in a mean period of 25 days.,[]
target_llama3_1_70b__aux_gemma4_e4b,484,24614789,Is lumbar drainage of postoperative cerebrospinal fluid fistula after spine surgery effective?,yes,True,1,statistical_significance,statistical significance,Whether the observed difference in cure time between the two treatment groups is statistically significant.,Significantly shorter,Not significantly different,True,yes,Lumbar drainage is effective for treating postoperative cerebrospinal fluid fistula after spine surgery.,"Patients treated with CSF drainage were cured in a mean period of 10 days, which is significantly shorter than the mean cure time for conservatively treated patients.",yes,Lumbar drainage is effective for treating postoperative CSF fistula after spine surgery.,"Patients treated with CSF drainage were cured in a mean period of 10 days, and no adverse events were recorded.",False,True,The interpretation of the difference in cure time between the two groups (30 days vs 10 days) was changed from implying statistical significance to stating that the observed difference is not statistically significant.,while patients treated with CSF drainage were cured in a mean period of 10 days.,"while patients treated with CSF drainage were cured in a mean period of 10 days; however, this difference was not statistically significant.",[]
target_llama3_1_70b__aux_gemma4_e4b,484,24614789,Is lumbar drainage of postoperative cerebrospinal fluid fistula after spine surgery effective?,yes,True,2,drainage_treatment_group,comparison group,The specific intervention used for managing postoperative CSF fistula.,External CSF lumbar drainage,Observation only / Different type of surgical repair,True,yes,Lumbar drainage is effective for treating postoperative cerebrospinal fluid fistula after spine surgery.,"Patients treated with CSF drainage were cured in a mean period of 10 days, which is significantly shorter than the mean cure time for conservatively treated patients.",no,Lumbar drainage is not mentioned as a treatment for postoperative cerebrospinal fluid fistula after spine surgery.,"The abstract mentions conservative treatment with prone positioning and observation or alternative surgical repair protocols, but does not mention lumbar drainage.",True,True,The intervention group (drainage_treatment_group) was changed from 'External CSF lumbar drainage' to 'Observation only / Different type of surgical repair'. Corresponding phrasing in the RESULTS section was minimally adjusted for consistency.,ten patients were treated by positioning an external CSF lumbar drainage for ten days. ... while patients treated with CSF drainage were cured in a mean period of 10 days.,ten patients underwent observation or alternative surgical repair protocols. ... while patients managed via observation/alternative repair showed a cure in a mean period of 10 days.,[]
target_llama3_1_70b__aux_gemma4_e4b,493,10331115,Is amoxapine an atypical antipsychotic?,yes,False,0,d2_occupancy_limit,measured outcome,The maximum D2 receptor occupancy level considered acceptable or non-problematic in the context of atypical antipsychotics.,never exceeding 80%,exceeding 80%,True,maybe,"Amoxapine's receptor occupancy profile is similar to that of atypical antipsychotics, but it is not explicitly stated as an atypical antipsychotic.","The abstract compares amoxapine's pharmacologic profile to that of atypical antipsychotics and finds similarities, but does not directly classify amoxapine as an atypical antipsychotic.",maybe,"Amoxapine's receptor occupancy profile is similar to that of atypical antipsychotics, but it is not explicitly stated as an atypical antipsychotic.","The abstract compares amoxapine's pharmacologic profile to that of atypical antipsychotics and notes similarities, but does not directly classify amoxapine as an atypical antipsychotic.",False,True,The reported maximum acceptable D2 receptor occupancy limit was changed from 'never exceeding 80%' to 'exceeding 80%'. This required minimal adjustment in the [RESULTS] section to reflect that the observed occupancy reached or surpassed this higher threshold.,never exceeding 80%,exceeding 80%,[]
target_llama3_1_70b__aux_gemma4_e4b,493,10331115,Is amoxapine an atypical antipsychotic?,yes,False,1,serotonin_dopamine_occupancy_ratio,measured outcome,The relative occupancy of the 5-HT2 receptor compared to the D2 receptor.,5-HT2 occupancy exceeded D2 occupancy (at all doses),D2 occupancy equaled or exceeded 5-HT2 occupancy,True,maybe,"Amoxapine's receptor occupancy profile is similar to that of atypical antipsychotics, but it is not explicitly stated as an atypical antipsychotic.","The abstract compares amoxapine's pharmacologic profile to that of atypical antipsychotics and finds similarities, but does not directly classify amoxapine as an atypical antipsychotic.",no,Amoxapine does not conform to the profile of atypical antipsychotics.,"Unlike typical atypical antipsychotics, amoxapine's D2 receptor occupancy equaled or exceeded its 5-HT2 occupancy at all doses.",True,True,The reported relationship between 5-HT2 and D2 receptor occupancy was reversed from '5-HT2 exceeding D2' to 'D2 equaling or exceeding 5-HT2'.,at all doses 5-HT2 occupancy exceeded D2 occupancy.,at all doses D2 occupancy equaled or exceeded 5-HT2 occupancy.,[]
target_llama3_1_70b__aux_gemma4_e4b,493,10331115,Is amoxapine an atypical antipsychotic?,yes,False,2,explicit_classification_statement,other,Whether the study explicitly labels amoxapine as an atypical antipsychotic.,not explicitly stated,explicitly classified as an atypical antipsychotic,True,maybe,"Amoxapine's receptor occupancy profile is similar to that of atypical antipsychotics, but it is not explicitly stated as an atypical antipsychotic.","The abstract compares amoxapine's pharmacologic profile to that of atypical antipsychotics and finds similarities, but does not directly classify amoxapine as an atypical antipsychotic.",yes,Amoxapine is classified as an atypical antipsychotic.,"The abstract explicitly states that amoxapine is classified as an atypical antipsychotic, and its receptor occupancy profile conforms to the expected pattern of high serotonin (5-HT)2 occupancy and lower dopamine (D)2 occupancy.",True,True,"The background section was modified to include a direct statement classifying amoxapine as an atypical antipsychotic, changing the context from 'not explicitly stated' to 'explicitly classified as an atypical antipsychotic'.","A review of pharmacologic and behavioral data suggested that amoxapine should also conform to this profile; therefore,","A review of pharmacologic and behavioral data suggested that amoxapine should also conform to this profile, and amoxapine is explicitly classified as an atypical antipsychotic. Therefore,",[]
target_llama3_1_70b__aux_gemma4_e4b,507,15388567,Are sports medicine journals relevant and applicable to practitioners and athletes?,no,True,0,subject_status,disease or condition,"The type of participants studied in the research articles (e.g., healthy vs. injured).",Healthy subjects / Few studies on injured participants,Studies focusing heavily on injured or medically compromised participants,True,no,Sports medicine journals are not very relevant and applicable to practitioners and athletes.,"The majority of published articles used healthy subjects sampled from the sedentary population, and few studies have been carried out on injured participants.",no,Sports medicine journals are not very relevant and applicable to everyday practice.,"The study found that very few studies related to the treatment of injuries and medical conditions, suggesting a limited relevance to practitioners and athletes.",False,True,Changed the description of participant status in the results section from emphasizing healthy subjects and few studies on injury to emphasizing a heavy focus on injured/medically compromised participants.,"The majority of published articles used healthy subjects sampled from the sedentary population, and few studies have been carried out on injured participants.","The majority of published articles focused heavily on injured or medically compromised participants, with many reports detailing clinical management strategies.",[]
target_llama3_1_70b__aux_gemma4_e4b,507,15388567,Are sports medicine journals relevant and applicable to practitioners and athletes?,no,True,1,research_focus_topic,measured outcome,"The primary subject matter of the published articles (e.g., general sports science vs. injury treatment).",Sports science / Very few studies related to the treatment of injuries and medical conditions,A high proportion of studies focused on specific injury treatments or rehabilitation protocols,True,no,Sports medicine journals are not very relevant and applicable to practitioners and athletes.,"The majority of published articles used healthy subjects sampled from the sedentary population, and few studies have been carried out on injured participants.",maybe,The relevance and applicability of sports medicine journals to practitioners and athletes is uncertain.,"The study aimed to assess the relevance and applicability of sports medicine research, but the results only described the common topics and types of subjects used in published articles without explicitly stating their practical relevance.",True,True,"Changed the primary research focus from general sports science with little emphasis on injuries to a strong focus on specific injury treatments and rehabilitation protocols. This required minimally adjusting the subsequent sentence regarding subject populations to maintain internal consistency (i.e., if the topic is injury treatment, then many studies must involve injured participants).","The most common topic was sports science, and very few studies related to the treatment of injuries and medical conditions. The majority of published articles used healthy subjects sampled from the sedentary population, and few studies have been carried out on injured participants.","The most common topic was a high proportion of studies focused on specific injury treatments or rehabilitation protocols. Consequently, a significant number of published articles utilized injured participants, while some included healthy subjects sampled from the sedentary population.",[]
target_llama3_1_70b__aux_gemma4_e4b,507,15388567,Are sports medicine journals relevant and applicable to practitioners and athletes?,no,True,2,sampled_population_status,comparison group,The general activity level or health status of the population sampled.,Sedentary population,Active athletic population or specific patient groups,True,no,Sports medicine journals are not very relevant and applicable to practitioners and athletes.,"The majority of published articles used healthy subjects sampled from the sedentary population, and few studies have been carried out on injured participants.",no,Sports medicine journals are not very relevant and applicable to practitioners and athletes.,"The study found that few studies related to the treatment of injuries and medical conditions, and most published articles used healthy subjects rather than injured participants.",False,True,The general activity level of the sampled subjects was changed from 'Sedentary population' to 'Active athletic population or specific patient groups'.,sedentary population,active athletic population or specific patient groups,[]
target_llama3_1_70b__aux_gemma4_e4b,517,25747932,Living in an urban environment and non-communicable disease risk in Thailand: Does timing matter?,yes,True,0,early_life_vs_proportion_susceptibility,measured outcome,The relative susceptibility of biological risk factors to early-life urban exposure versus the proportion of urban life years.,Early-life urban exposure may be more susceptible than increasing proportion of urban life years for some biological risk factors.,No difference in susceptibility is found between the two measures (early-life vs. proportion).,False,yes,Timing of urban exposure matters for non-communicable disease risk in Thailand.,"The study found that both early-life urban exposure and the proportion of urban life years were independently associated with increases in behavioral, physiological, and some biological NCD risk factors.",yes,Timing of urban exposure matters for non-communicable disease risk in Thailand.,The study found that both early-life urban exposure and the proportion of urban life years were independently associated with increases in behavioral and physiological NCD risk factors.,False,True,The finding regarding the relative importance of timing (early-life) versus duration (proportion) for biological risk factors was changed from suggesting differential susceptibility to reporting no significant difference.,"For some biological risk factors, people spending their early life in an urban area may be more susceptible to the effect of increasing proportion of urban life years than those growing up in rural areas.","For some biological risk factors, no difference in susceptibility was found between early-life exposure and the increasing proportion of urban life years.",[]
target_llama3_1_70b__aux_gemma4_e4b,517,25747932,Living in an urban environment and non-communicable disease risk in Thailand: Does timing matter?,yes,True,1,affected_risk_factor_type,measured outcome,The scope of risk factors affected by timing differences.,Some biological risk factors (implying the effect is not universal across all factor types).,"All behavioral, physiological, and biological risk factors are equally influenced by timing.",False,yes,Timing of urban exposure matters for non-communicable disease risk in Thailand.,"The study found that both early-life urban exposure and the proportion of urban life years were independently associated with increases in behavioral, physiological, and some biological NCD risk factors.",yes,Timing of urban exposure matters for non-communicable disease risk in Thailand.,"The study found that both early-life urban exposure and the proportion of urban life years were independently associated with increases in NCD risk factors, suggesting that timing of urban exposure plays a role.",False,True,"The scope of affected risk factors was changed from 'some biological risk factors' to 'all behavioral, physiological, and biological risk factors', indicating that timing differences influence all factor types equally.","For some biological risk factors, people spending their early life in an urban area may be more susceptible to the effect of increasing proportion of urban life years than those growing up in rural areas.","For all behavioral, physiological, and biological risk factors, people spending their early life in an urban area may be more susceptible to the effect of increasing proportion of urban life years than those growing up in rural areas.",[]
target_llama3_1_70b__aux_gemma4_e4b,517,25747932,Living in an urban environment and non-communicable disease risk in Thailand: Does timing matter?,yes,True,2,geographical_location,other,The specific country where the study was conducted.,Thailand,"A different country or region (e.g., USA, India).",False,yes,Timing of urban exposure matters for non-communicable disease risk in Thailand.,"The study found that both early-life urban exposure and the proportion of urban life years were independently associated with increases in behavioral, physiological, and some biological NCD risk factors.",maybe,"The study does not provide information about Thailand, but suggests that timing of urban exposure may matter for NCD risk.","The study was conducted in USA and explored the association between urbanicity and NCD risk factors among healthcare workers, without mentioning Thailand.",True,True,The geographical location of the study was changed from Thailand to USA.,Thailand,USA,[]
target_qwen2_5_72b__aux_gemma4_e4b,230,12612531,Fragility of the esophageal mucosa: a pathognomonic endoscopic sign of primary eosinophilic esophagitis?,yes,True,0,pathognomonic_status,other,Whether the esophageal mucosa fragility is definitively classified as a pathognomonic sign of primary eosinophilic esophagitis.,Pathognomonic (Implied by target answer),Characteristic but not pathognomonic,True,yes,Fragility of the esophageal mucosa is a pathognomonic endoscopic sign of primary eosinophilic esophagitis.,"The abstract describes the fragility and inelasticity of the esophageal mucosa as a characteristic feature, introducing it as 'crêpe-paper' mucosa, which suggests it is a distinctive sign of the condition.",maybe,Fragility of the esophageal mucosa may be a characteristic sign of primary eosinophilic esophagitis.,"The abstract describes 'crêpe-paper' mucosa as extremely fragile, inelastic, and delicate, which tore easily even with minor trauma, suggesting it could be a characteristic sign, but the term 'pathognomonic' is not used, indicating it may not be definitive.",True,True,The classification of the fragile esophageal mucosa finding was changed from 'pathognomonic' to 'characteristic but not pathognomonic'.,possibly pathognomonic sign,possibly characteristic sign,[]
target_qwen2_5_72b__aux_gemma4_e4b,230,12612531,Fragility of the esophageal mucosa: a pathognomonic endoscopic sign of primary eosinophilic esophagitis?,yes,True,1,mucosal_fragility_description,measured outcome,"The specific physical characteristics used to describe the esophageal mucosa (e.g., extremely fragile, inelastic).","Extremely fragile, inelastic, and delicate",Mildly inflamed or normal appearance,True,yes,Fragility of the esophageal mucosa is a pathognomonic endoscopic sign of primary eosinophilic esophagitis.,"The abstract describes the fragility and inelasticity of the esophageal mucosa as a characteristic feature, introducing it as 'crêpe-paper' mucosa, which suggests it is a distinctive sign of the condition.",yes,Fragility of the esophageal mucosa is a pathognomonic endoscopic sign of primary eosinophilic esophagitis.,"The abstract introduces the term 'crêpe-paper' mucosa to describe the fragile esophageal mucosa observed in patients with primary eosinophilic esophagitis, suggesting it as a possibly pathognomonic sign.",False,True,"The description of the esophageal mucosal fragility was changed from 'Extremely fragile, inelastic, and delicate' to 'Mildly inflamed or normal appearance'. The subsequent clause describing easy tearing ('which tore easily even with minor trauma') was removed for internal consistency.","All patients had extremely fragile, inelastic, and delicate mucosa, which tore easily even with minor trauma.",All patients had mildly inflamed or normal appearance mucosa.,[]
target_qwen2_5_72b__aux_gemma4_e4b,230,12612531,Fragility of the esophageal mucosa: a pathognomonic endoscopic sign of primary eosinophilic esophagitis?,yes,True,2,disease_or_condition,disease or condition,The specific disease causing the esophageal inflammation and dysphagia.,Primary eosinophilic esophagitis,Gastroesophageal reflux disease (GERD),True,yes,Fragility of the esophageal mucosa is a pathognomonic endoscopic sign of primary eosinophilic esophagitis.,"The abstract describes the fragility and inelasticity of the esophageal mucosa as a characteristic feature, introducing it as 'crêpe-paper' mucosa, which suggests it is a distinctive sign of the condition.",no,Fragility of the esophageal mucosa is not a pathognomonic endoscopic sign of primary eosinophilic esophagitis.,"The abstract describes fragility of the esophageal mucosa as a feature associated with GERD, specifically termed 'crêpe-paper' mucosa, and does not mention primary eosinophilic esophagitis.",True,True,The specific disease causing the esophageal inflammation and dysphagia was changed from Primary eosinophilic esophagitis to Gastroesophageal reflux disease (GERD). Corresponding MeSH terms were minimally adjusted for consistency.,Primary eosinophilic esophagitis,Gastroesophageal reflux disease (GERD),[]
target_qwen2_5_72b__aux_gemma4_e4b,254,9602458,Does the Child Health Computing System adequately identify children with cerebral palsy?,no,True,0,nicpr_to_chcs_missing_percentage,measured outcome,The proportion of children recorded in the Northern Ireland Cerebral Palsy Register that were not found on the Child Health Computing System.,47 per cent,Less than 5 per cent,True,no,The Child Health Computing System does not adequately identify children with cerebral palsy.,"According to the study, 47% of cases recorded on the Northern Ireland Cerebral Palsy Register were not found on the Child Health Computing System, indicating a significant under-identification of cerebral palsy cases.",yes,The Child Health Computing System adequately identifies children with cerebral palsy.,"The study found that less than 5% of cases recorded on the Northern Ireland Cerebral Palsy Register were not found on the Child Health Computing System, indicating a high level of identification accuracy.",True,True,The proportion of children recorded in the Northern Ireland Cerebral Palsy Register that were not found on the Child Health Computing System.,47 per cent,Less than 5 per cent,[]
target_qwen2_5_72b__aux_gemma4_e4b,254,9602458,Does the Child Health Computing System adequately identify children with cerebral palsy?,no,True,1,nicpr_total_cases,numerical size,The total number of cases recorded in the Northern Ireland Cerebral Palsy Register.,135 cases,20 cases,False,no,The Child Health Computing System does not adequately identify children with cerebral palsy.,"According to the study, 47% of cases recorded on the Northern Ireland Cerebral Palsy Register were not found on the Child Health Computing System, indicating a significant under-identification of cerebral palsy cases.",no,The Child Health Computing System does not adequately identify children with cerebral palsy.,"According to the study, 47% of cases recorded on the Northern Ireland Cerebral Palsy Register were not found on the Child Health Computing System, indicating a significant under-identification of cerebral palsy cases.",False,True,The total number of cases recorded in the Northern Ireland Cerebral Palsy Register (NICPR) was changed from 135 cases to 20 cases.,135 cases recorded on the NICPR,20 cases recorded on the NICPR,[]
target_qwen2_5_72b__aux_gemma4_e4b,254,9602458,Does the Child Health Computing System adequately identify children with cerebral palsy?,no,True,2,chcs_source_system,comparison group,The name of the data source system being assessed for completeness.,Child Health Computing System (CHCS),National Electronic Medical Record (NEMR),True,no,The Child Health Computing System does not adequately identify children with cerebral palsy.,"According to the study, 47% of cases recorded on the Northern Ireland Cerebral Palsy Register were not found on the Child Health Computing System, indicating a significant under-identification of cerebral palsy cases.",no,The Child Health Computing System does not adequately identify children with cerebral palsy.,"According to the study, 47% of cases recorded on the Northern Ireland Cerebral Palsy Register were not found on the National Electronic Medical Record, indicating significant under-identification of cerebral palsy cases by the system.",False,True,The source system being assessed for completeness was changed from Child Health Computing System (CHCS) to National Electronic Medical Record (NEMR).,Child Health Computing System (CHCS),National Electronic Medical Record (NEMR),[]
target_qwen2_5_72b__aux_gemma4_e4b,264,11838307,Cold knife conization vs. LEEP. Are they the same procedure?,no,True,0,measured_outcome_difference,measured outcome,"The comparison of mean physical measurements (diameter, length, weight) between the two procedures.","Significant differences in mean diameter, length, and weight were observed (e.g., P = .001 for length/weight).","No statistically significant difference was found in any measured outcome (diameter, length, or weight) between the two procedures.",True,no,Cold knife conization and LEEP are not the same procedure.,"The study compares cold knife conization and LEEP, showing differences in the mean diameter, length, and weight of the specimens removed, indicating that these are distinct procedures.",no,Cold knife conization and LEEP are not the same procedure.,"The abstract indicates that cold knife conization specimens were generally larger in diameter, length, and weight compared to LEEP specimens, suggesting differences in the procedures.",False,True,"The p-values for length and weight were changed from statistically significant (P = .001) to non-significant (P = .35 and P = .12), reflecting that no difference was found in these measured outcomes.",Mean length of cold knife cone specimens was 1.5 vs. 1.0 cm for LEEP (P = .001). Mean weight for cold knife cone specimens was 4.4 vs. 2.0 g for LEEP (P = .001).,Mean length of cold knife cone specimens was 1.5 vs. 1.0 cm for LEEP (P = .35). Mean weight for cold knife cone specimens was 4.4 vs. 2.0 g for LEEP (P = .12).,[]
target_qwen2_5_72b__aux_gemma4_e4b,264,11838307,Cold knife conization vs. LEEP. Are they the same procedure?,no,True,1,statistical_significance,statistical significance,The statistical evidence used to determine if observed differences in specimen size are meaningful.,Length and weight showed strong statistical significance (P = .001).,"All comparisons of specimens were statistically non-significant (e.g., all P > .05).",True,no,Cold knife conization and LEEP are not the same procedure.,"The study compares cold knife conization and LEEP, showing differences in the mean diameter, length, and weight of the specimens removed, indicating that these are distinct procedures.",no,Cold knife conization and LEEP are not the same procedure.,"The abstract indicates that cold knife conization specimens were significantly larger in diameter, length, and weight compared to LEEP specimens, suggesting differences in the procedures.",False,True,The statistical significance of the differences in mean length and mean weight between cold knife conization and LEEP were changed from highly significant (P = .001) to statistically non-significant (P > .05).,Mean length of cold knife cone specimens was 1.5 vs. 1.0 cm for LEEP (P = .001). Mean weight for cold knife cone specimens was 4.4 vs. 2.0 g for LEEP (P = .001).,Mean length of cold knife cone specimens was 1.5 vs. 1.0 cm for LEEP (P = .25). Mean weight for cold knife cone specimens was 4.4 vs. 2.0 g for LEEP (P = .30).,[]
target_qwen2_5_72b__aux_gemma4_e4b,264,11838307,Cold knife conization vs. LEEP. Are they the same procedure?,no,True,2,study_objective,study design,"The primary goal of the study, which is to compare the amount of tissue removed.",To prospectively evaluate and measure the amount of tissue removed (specimens).,The objective was solely to compare clinical outcomes or safety profiles without measuring specimens.,False,no,Cold knife conization and LEEP are not the same procedure.,"The study compares cold knife conization and LEEP, showing differences in the mean diameter, length, and weight of the specimens removed, indicating that these are distinct procedures.",no,"No, they are not the same procedure.","The abstract indicates that cold knife conization and LEEP produce specimens with different mean diameters, lengths, and weights, suggesting they are distinct procedures.",False,True,The study objective was changed from focusing on measuring the amount of tissue removed to solely comparing clinical outcomes or safety profiles.,[OBJECTIVE] To prospectively evaluate the amount of tissue removed at loop electrosurgical excision procedure (LEEP) vs. cold knife conization.,[OBJECTIVE] The objective was solely to compare clinical outcomes or safety profiles between loop electrosurgical excision procedure (LEEP) vs. cold knife conization.,[]
target_qwen2_5_72b__aux_gemma4_e4b,296,10759659,The nurse cystoscopist: a feasible option?,yes,True,0,kappa_agreement,statistical significance,The measure of agreement between the UNP and consultant urologist regarding findings.,0.94 (very close agreement),0.75 (moderate agreement),True,yes,The nurse cystoscopist is a feasible option.,"The study shows very close agreement (Kappa = 0.94) between the UNP and consultant urologist in detecting bladder tumours, indicating that the UNP can perform flexible cystoscopy with high accuracy.",yes,The nurse cystoscopist is a feasible option.,"The study shows that the UNP and consultant urologist had moderate agreement (Kappa = 0.75) in detecting bladder tumours, with only one missed tumour each, indicating that the UNP can perform flexible cystoscopy effectively.",False,True,The Kappa agreement score and its interpretation were changed from 0.94 (very close agreement) to 0.75 (moderate agreement).,"Analysis using the chance-corrected proportional agreement (Kappa) was 0.94, indicating very close agreement.","Analysis using the chance-corrected proportional agreement (Kappa) was 0.75, indicating moderate agreement.",[]
target_qwen2_5_72b__aux_gemma4_e4b,296,10759659,The nurse cystoscopist: a feasible option?,yes,True,1,study_blinding,study design,The condition that neither practitioner was aware of the other's findings during the examination.,each unaware of the other's findings (blinded),aware of the other's findings (not blinded),False,yes,The nurse cystoscopist is a feasible option.,"The study shows very close agreement (Kappa = 0.94) between the UNP and consultant urologist in detecting bladder tumours, indicating that the UNP can perform flexible cystoscopy with high accuracy.",yes,The nurse cystoscopist is a feasible option.,"The study shows very close agreement (Kappa = 0.94) between the UNP and consultant urologist in detecting bladder tumours, indicating that a trained UNP can perform flexible cystoscopy with high accuracy.",False,True,The study design was changed from a blinded comparison (unaware) to an unblinded comparison (aware).,each unaware of the other's findings,aware of each other's findings,[]
target_qwen2_5_72b__aux_gemma4_e4b,307,9550200,Does lunar position influence the time of delivery?,yes,True,0,parity_group,comparison group,The specific group of women for whom the connection between lunar position and delivery timing was found to be particularly relevant.,multiparae and plurigravidae,all spontaneous full-term deliveries,True,yes,The study found a connection between lunar position and the time of delivery.,"The results indicate that there is a relationship between the distribution of spontaneous full-term deliveries and the lunar month, particularly in multiparae and plurigravidae, with the mean day of delivery corresponding to the first or second day after the full moon.",yes,The study found a connection between lunar position and the time of delivery.,"The results indicate that spontaneous full-term deliveries are more likely to occur on the first or second day after the full moon, suggesting an influence of lunar phases on the timing of delivery.",False,True,"Changed the specific subgroup (multiparae and plurigravidae) to encompass the entire study population (all spontaneous full-term deliveries), adjusting the phrasing slightly ('relevant in' to 'relevant for') to maintain grammatical flow while keeping the interpretation of the finding consistent.","The effect of the phases of the moon seems to be particularly relevant in multiparae and plurigravidae; in these cases,","The effect of the phases of the moon seems to be particularly relevant for all spontaneous full-term deliveries; in these cases,",[]
target_qwen2_5_72b__aux_gemma4_e4b,307,9550200,Does lunar position influence the time of delivery?,yes,True,1,delivery_timing_relative_to_full_moon,measured outcome,The specific timing correlation found between the mean day of delivery and the full moon phase.,first or second day after the full moon,no specific timing correlation observed,True,yes,The study found a connection between lunar position and the time of delivery.,"The results indicate that there is a relationship between the distribution of spontaneous full-term deliveries and the lunar month, particularly in multiparae and plurigravidae, with the mean day of delivery corresponding to the first or second day after the full moon.",yes,The study found a connection between lunar position and the distribution of spontaneous full-term deliveries.,"The results indicate that there is a relationship between the phases of the moon and the day of delivery, particularly in multiparae and plurigravidae.",False,True,The reported specific timing window for delivery in multiparae and plurigravidae was changed to reflect that no specific timing correlation was found.,the first or second day after the full moon,no specific timing correlation observed,[]
target_qwen2_5_72b__aux_gemma4_e4b,307,9550200,Does lunar position influence the time of delivery?,yes,True,2,study_design_scope,study design,The methodology and scope used to establish the connection (retrospective analysis at a single hospital).,Retrospective analysis of 1248 spontaneous full-term deliveries in one hospital,Prospective study across multiple geographical locations,False,yes,The study found a connection between lunar position and the time of delivery.,"The results indicate that there is a relationship between the distribution of spontaneous full-term deliveries and the lunar month, particularly in multiparae and plurigravidae, with the mean day of delivery corresponding to the first or second day after the full moon.",yes,The lunar position may influence the time of delivery.,"The study found a connection between the distribution of spontaneous full-term deliveries and the lunar month, particularly with multiparae and plurigravidae delivering around the first or second day after the full moon.",False,True,The methodology used to establish the connection was changed from a retrospective analysis conducted at a single hospital to a prospective study across multiple geographical locations.,"Retrospective analysis of 1248 spontaneous full-term deliveries in three-year period (36 lunar months), setted at Department of Obstetrics and Gynaecology, Civil Hospital, Fano (Marche, Italy)",Prospective study across multiple geographical locations,[]
target_qwen2_5_72b__aux_gemma4_e4b,309,11296674,Prostatic syndrome and pleural effusion: are they different diseases?,maybe,False,0,separation_of_diagnoses,other,Whether the context treats prostate issues and pleural effusion as distinct or linked conditions.,Separate (Prostatic Neoplasms and Pleural Effusion),"Linked/Syndromic (e.g., The effusion was secondary to advanced prostate cancer)",True,yes,Prostatic syndrome and pleural effusion are different diseases.,"The abstract mentions 'prostatic neoplasms' and 'pleural effusion, malignant' as separate conditions, indicating they are distinct diseases.",yes,Prostatic syndrome and pleural effusion are different diseases.,"The abstract indicates that pleural effusion was secondary to advanced prostatic carcinoma, suggesting that while they can be related, they are distinct conditions.",False,True,"The results section was modified to explicitly link the pleural effusion to advanced prostate cancer, changing the interpretation from separate co-existing diagnoses to a syndromic/causal relationship.",[RESULTS] Both tumors were in the advanced stages. Metastatic carcinoma of the prostate was discarded due to the form of presentation.,[RESULTS] Both tumors were in the advanced stages. The pleural effusion was found to be secondary to advanced prostatic carcinoma.,[]
target_qwen2_5_72b__aux_gemma4_e4b,309,11296674,Prostatic syndrome and pleural effusion: are they different diseases?,maybe,False,1,malignant_status_of_pleural_effusion,disease or condition,"The nature or cause of the pleural effusion (i.e., whether it is malignant).",Malignant,Benign,True,yes,Prostatic syndrome and pleural effusion are different diseases.,"The abstract mentions 'prostatic neoplasms' and 'pleural effusion, malignant' as separate conditions, indicating they are distinct diseases.",maybe,Prostatic syndrome and pleural effusion may be related but are not definitively described as different diseases in this context.,"The abstract reports an uncommon association between prostatic issues and pleural effusion, both of which were associated with chronic inflammation, without evidence of metastatic carcinoma. This suggests a possible relationship but does not clearly define them as distinct diseases.",True,True,"The objective, results section, and implied etiology were changed from focusing on 'lung cancer' and 'metastatic carcinoma' (malignant) to a general inflammatory process (benign), reflecting the shift in the nature of the pleural effusion.",[OBJECTIVE] To report an uncommon association of prostate and lung cancer.,[OBJECTIVE] To report an uncommon association between prostatic issues and pleural effusion.,[]
target_qwen2_5_72b__aux_gemma4_e4b,329,17704864,Is laparoscopic adrenalectomy safe and effective for adrenal masses larger than 7 cm?,yes,False,0,adrenal_lesion_size_threshold,numerical size,The minimum size of adrenal lesions for which LA was evaluated in this study.,larger than 7 cm,smaller than 6 cm,False,maybe,"Laparoscopic adrenalectomy for adrenal masses larger than 7 cm may be safe and effective, but with a notable rate of complications.","The study shows that while laparoscopic adrenalectomy was performed successfully in most cases (mean tumor size 8.3 cm), there was a 16% rate of intraoperative complications and three cases required conversion to open surgery.",maybe,The study did not evaluate adrenal masses larger than 6 cm.,"The abstract specifically states that the study evaluated outcomes for adrenal lesions smaller than 6 cm, and thus does not provide information on the safety and effectiveness of laparoscopic adrenalectomy for masses larger than 7 cm.",False,True,"The target concept 'adrenal_lesion_size_threshold' was changed from 'larger than 7 cm' to 'smaller than 6 cm'. This change required updating the background and methods sections accordingly. To maintain internal consistency, the mean tumor size and range in the results section were also adjusted from 8.3 cm (range 7-13 cm) to 4.5 cm (range 2-5 cm), reflecting the new smaller study population.","larger than 7 cm (in Background), larger than 7 cm (in Methods), The mean tumor size was 8.3 cm (range 7-13 cm) (in Results)","smaller than 6 cm (in Background), smaller than 6 cm (in Methods), The mean tumor size was 4.5 cm (range 2-5 cm) (in Results)",[]
target_qwen2_5_72b__aux_gemma4_e4b,329,17704864,Is laparoscopic adrenalectomy safe and effective for adrenal masses larger than 7 cm?,yes,False,1,intraoperative_complication_rate,measured outcome,The rate of intraoperative complications observed during the procedure.,16%,less than 5%,True,maybe,"Laparoscopic adrenalectomy for adrenal masses larger than 7 cm may be safe and effective, but with a notable rate of complications.","The study shows that while laparoscopic adrenalectomy was performed successfully in most cases (mean tumor size 8.3 cm), there was a 16% rate of intraoperative complications and three cases required conversion to open surgery.",maybe,"Laparoscopic adrenalectomy for adrenal masses larger than 7 cm may be safe and effective, but with a higher rate of conversion to open surgery.","The study shows that while the overall outcomes were favorable with low intraoperative complication rates, 3 out of 18 cases required conversion to open surgery, indicating potential challenges in some patients.",False,True,The reported rate of intraoperative complications was changed from 16% to less than 5%.,the rate of intraoperative complications was 16%,the rate of intraoperative complications was less than 5%,[]
target_qwen2_5_72b__aux_gemma4_e4b,329,17704864,Is laparoscopic adrenalectomy safe and effective for adrenal masses larger than 7 cm?,yes,False,2,conversion_to_open_surgery_count,measured outcome,The number of cases requiring conversion from laparoscopic to open surgery.,three cases,zero cases,True,maybe,"Laparoscopic adrenalectomy for adrenal masses larger than 7 cm may be safe and effective, but with a notable rate of complications.","The study shows that while laparoscopic adrenalectomy was performed successfully in most cases (mean tumor size 8.3 cm), there was a 16% rate of intraoperative complications and three cases required conversion to open surgery.",yes,Laparoscopic adrenalectomy is safe and effective for adrenal masses larger than 7 cm.,"The study reported a mean tumor size of 8.3 cm, with no conversions to open surgery and an acceptable rate of intraoperative complications (16%), suggesting that laparoscopic adrenalectomy can be safely performed for large adrenal masses.",True,True,The number of patients requiring conversion from laparoscopic to open surgery was changed from 'three cases' to 'zero cases'.,and in three cases we switched from laparoscopic procedure to open surgery.,and in zero cases we switched from laparoscopic procedure to open surgery.,[]
target_qwen2_5_72b__aux_gemma4_e4b,332,26399179,Eyelid-parotid metastasis: do we screen for coexisting masses?,yes,True,0,eyelid_parotid_metastasis_occurrence,disease or condition,The documented ability for tumors to spread between the eyelid and parotid gland.,Confirmed in multiple human cases (bidirectional).,Never observed or extremely rare in humans.,True,yes,Screening for coexisting masses is indicated.,"The abstract reports cases where primary eyelid tumors metastasized to the parotid gland and vice versa, suggesting that screening for coexisting masses in these regions is important.",maybe,Screening for coexisting masses may be considered based on clinical judgment.,"The abstract describes cases where patients with parotid tumors developed eyelid lesions, suggesting that screening might be warranted, but it does not explicitly recommend routine screening.",True,True,"The objective was changed from stating that metastasis is 'not unusual' to stating that it is 'extremely rare,' reflecting the alternative value.",To report three cases illustrating that it is not unusual for a primary eyelid tumour to metastasise to the parotid gland and vice versa.,To report three cases illustrating the extreme rarity of metastasis between the eyelid and parotid gland.,[]
target_qwen2_5_72b__aux_gemma4_e4b,332,26399179,Eyelid-parotid metastasis: do we screen for coexisting masses?,yes,True,1,malignancy_status,disease or condition,Whether the primary tumors are malignant (cancerous).,Malignant.,Benign.,True,yes,Screening for coexisting masses is indicated.,"The abstract reports cases where primary eyelid tumors metastasized to the parotid gland and vice versa, suggesting that screening for coexisting masses in these regions is important.",maybe,"The cases suggest that coexisting masses should be considered, but screening is not explicitly discussed.","The abstract describes three cases where primary eyelid tumors metastasized to the parotid gland and vice versa, indicating that coexisting masses can occur. However, it does not provide information on whether routine screening for such coexisting masses is recommended or performed.",True,True,The malignancy status of the initial parotid tumors was changed from 'Malignant' to 'Benign'.,malignant,benign,[]
target_qwen2_5_72b__aux_gemma4_e4b,355,25371231,Is vitamin D insufficiency or deficiency related to the development of osteochondritis dissecans?,maybe,False,0,prevalence_of_deficiency,numerical size,The proportion of patients with OCD lesions who exhibit vitamin D3 deficiency.,Majority (18/23),"Minority (e.g., 3/23)",True,yes,Vitamin D insufficiency or deficiency may be related to the development of osteochondritis dissecans.,"The study found that a majority of patients with stage III or IV OCD lesions had vitamin D3 deficiency, suggesting a potential association between vitamin D status and the condition.",maybe,The study suggests a possible relationship but does not provide definitive evidence.,"In this pilot study, only a minority of patients (3 out of 23) exhibited vitamin D3 deficiency or insufficiency, which is insufficient to establish a clear causal relationship between vitamin D status and the development of osteochondritis dissecans.",True,True,"The prevalence of vitamin D3 deficiency among OCD patients was changed from 'Majority (18/23)' to 'Minority (e.g., 3/23)', requiring adjustment of the specific patient counts in the subsequent sentence for internal consistency.","In the majority of patients (18/23), a distinct vitamin D3 deficiency was found, two patients were vitamin D3-insufficient and, in three patients, the vitamin D3 level reached the lowest normal value.","In a minority of patients (e.g., 3/23), a distinct vitamin D3 deficiency was found, all three patients were vitamin D3-insufficient and none reached the lowest normal value.",[]
target_qwen2_5_72b__aux_gemma4_e4b,355,25371231,Is vitamin D insufficiency or deficiency related to the development of osteochondritis dissecans?,maybe,False,1,study_design,study design,The type of study used to establish the relationship between vitamin D status and OCD.,Prospective pilot study (observational association),Randomized controlled trial (interventional/causal),False,yes,Vitamin D insufficiency or deficiency may be related to the development of osteochondritis dissecans.,"The study found that a majority of patients with stage III or IV OCD lesions had vitamin D3 deficiency, suggesting a potential association between vitamin D status and the condition.",yes,Vitamin D insufficiency or deficiency is related to the development of osteochondritis dissecans.,"The study found that a majority of patients with stage III or IV OCD lesions had distinct vitamin D3 deficiency, suggesting a potential relationship between vitamin D levels and the condition.",False,True,"Changed the study design from 'prospective pilot study' (observational) to 'randomized controlled trial' (interventional/causal), and minimally adjusted the stated aim to reflect an intervention-based hypothesis.","The aim of this prospective pilot study was to analyse whether vitamin D insufficiency, or deficiency, might be a contributing etiological factor in the development of an OCD lesion.",The aim of this randomized controlled trial was to determine if vitamin D supplementation could prevent the development of an OCD lesion.,[]
target_qwen2_5_72b__aux_gemma4_e4b,355,25371231,Is vitamin D insufficiency or deficiency related to the development of osteochondritis dissecans?,maybe,False,2,timing_of_measurement,other,When the vitamin D status was measured relative to the onset of OCD lesions.,Measured in patients already suffering from an OCD lesion (cross-sectional),Measured prior to the onset of OCD lesions (baseline/predictive),False,yes,Vitamin D insufficiency or deficiency may be related to the development of osteochondritis dissecans.,"The study found that a majority of patients with stage III or IV OCD lesions had vitamin D3 deficiency, suggesting a potential association between vitamin D status and the condition.",maybe,The study suggests a possible association between vitamin D insufficiency or deficiency and osteochondritis dissecans.,"In this pilot study, most patients with OCD lesions had vitamin D3 deficiency or insufficiency, but the study does not establish causation.",True,True,Changed the measurement timing from cross-sectional (in existing sufferers) to baseline/predictive (prior to onset).,"The serum level of vitamin D3 in 23 consecutive patients (12 male and 11 female) suffering from a stage III, or stages III and IV, OCD lesion (mostly stage III) admitted for surgery was measured.","The serum level of vitamin D3 was measured prospectively in 23 consecutive patients (12 male and 11 female) who were monitored for the development of an OCD lesion, prior to clinical diagnosis.",[]
target_qwen2_5_72b__aux_gemma4_e4b,358,12068831,Do nontriploid partial hydatidiform moles exist?,no,False,0,confirmation_of_nontriploid_moles,measured outcome,Whether any of the reevaluated cases were definitively identified as nontriploid partial hydatidiform moles.,None found (all 19 were misclassified into other types).,At least one case was confirmed to be a nontriploid partial mole.,True,maybe,"The study found that most cases were misclassified, but it did not definitively rule out the existence of nontriploid partial hydatidiform moles.","In the reevaluation, 53% (10/19) were diploid nonpartial moles and 37% (7/19) were triploid partial moles, with only one case being a diploid early complete mole. The study did not find any confirmed cases of nontriploid partial hydatidiform moles, but this does not conclusively prove their nonexistence.",yes,Nontriploid partial hydatidiform moles do exist.,"The study confirmed at least one case of a nontriploid partial mole, indicating their existence.",True,True,The overall conclusion regarding the existence of nontriploid partial hydatidiform moles was changed from 'None found' to 'At least one case was confirmed'.,None found (all 19 were misclassified into other types).,"Furthermore, at least one case was confirmed to be a nontriploid partial mole.",[]
target_qwen2_5_72b__aux_gemma4_e4b,358,12068831,Do nontriploid partial hydatidiform moles exist?,no,False,1,diagnostic_criteria_standardization,study design,The use of standardized histologic diagnostic criteria and repeat flow cytometric testing (Hedley technique) during reevaluation.,Standardized histologic diagnostic criteria and repeat flow cytometric testing by the Hedley technique.,"Using older, non-standardized histological methods or different ploidy testing techniques.",True,maybe,"The study found that most cases were misclassified, but it did not definitively rule out the existence of nontriploid partial hydatidiform moles.","In the reevaluation, 53% (10/19) were diploid nonpartial moles and 37% (7/19) were triploid partial moles, with only one case being a diploid early complete mole. The study did not find any confirmed cases of nontriploid partial hydatidiform moles, but this does not conclusively prove their nonexistence.",no,Nontriploid partial hydatidiform moles do not exist based on the reevaluation.,"The study found that all initially classified nontriploid partial hydatidiform moles were either misclassified as diploid nonpartial moles or triploid partial moles, with no confirmed cases of true nontriploid partial hydatidiform moles.",True,True,"The study design methodology was changed from using standardized criteria/Hedley technique to using older, non-standardized methods.",standardized histologic diagnostic criteria and repeat flow cytometric testing by the Hedley technique.,"older, non-standardized histological methods or different ploidy testing techniques.",[]
target_qwen2_5_72b__aux_gemma4_e4b,358,12068831,Do nontriploid partial hydatidiform moles exist?,no,False,2,total_moles_reviewed,numerical size,The total number of putative nontriploid partial hydatidiform moles reevaluated in the study.,19,"A much larger cohort (e.g., 100) or a smaller cohort (e.g., 5).",False,maybe,"The study found that most cases were misclassified, but it did not definitively rule out the existence of nontriploid partial hydatidiform moles.","In the reevaluation, 53% (10/19) were diploid nonpartial moles and 37% (7/19) were triploid partial moles, with only one case being a diploid early complete mole. The study did not find any confirmed cases of nontriploid partial hydatidiform moles, but this does not conclusively prove their nonexistence.",no,Nontriploid partial hydatidiform moles do not exist according to this study.,"The reevaluation of 100 putative nontriploid partial hydatidiform moles found that all cases were either diploid nonpartial moles, triploid partial moles, or a diploid early complete mole, with no true nontriploid partial hydatidiform moles identified.",True,True,"The total number of moles reviewed was increased from 19 to 100. Consequently, the counts and percentages reported in the RESULTS section were proportionally adjusted (e.g., 10/19 changed to 53/100; One additional case changed to Five additional cases) to maintain internal consistency with the new cohort size.","19 putative nontriploid partial hydatidiform moles... On review of the 19 moles, 53% (10/19) were diploid nonpartial moles (initially pathologically misclassified), and 37% (7/19) were triploid partial moles (initial ploidy misclassifications). One additional case (5%) was a diploid early complete mole (initially pathologically misclassified).","100 putative nontriploid partial hydatidiform moles... On review of the 100 moles, 53% (53/100) were diploid nonpartial moles (initially pathologically misclassified), and 37% (37/100) were triploid partial moles (initial ploidy misclassifications). Five additional cases (5%) were a diploid early complete mole (initially pathologically misclassified).",[]
target_qwen2_5_72b__aux_gemma4_e4b,389,24964725,"Recovery Outcome Measures: Is There a Place for Culture, Attitudes, and Faith?",yes,True,0,secular_multicultural_societies,other,"The type of society where the study population lives, which influences the importance of cultural factors.",secular multicultural societies,"homogenous, non-multicultural settings",True,yes,"The abstract suggests that culture, attitudes, and faith are important considerations in recovery outcome measures.","The abstract highlights questions about the RAQ, particularly regarding links between attitudes, faith, and culture in supporting the recovery journey of people with mental illness in secular multicultural societies.",yes,"The abstract suggests that culture, attitudes, and faith are important considerations in recovery outcome measures.","The abstract highlights questions about the RAQ, particularly regarding links between attitudes, faith, and culture in supporting the recovery journey of people with mental illness, especially in homogenous, non-multicultural settings.",False,True,"The description of the study population's living environment was changed from secular multicultural societies to homogenous, non-multicultural settings.",secular multicultural societies,"homogenous, non-multicultural settings",[]
target_qwen2_5_72b__aux_gemma4_e4b,389,24964725,"Recovery Outcome Measures: Is There a Place for Culture, Attitudes, and Faith?",yes,True,1,people_with_mental_illness,comparison group,The specific population group being studied for recovery outcomes.,people with mental illness,individuals recovering from physical trauma,True,yes,"The abstract suggests that culture, attitudes, and faith are important considerations in recovery outcome measures.","The abstract highlights questions about the RAQ, particularly regarding links between attitudes, faith, and culture in supporting the recovery journey of people with mental illness in secular multicultural societies.",yes,"The abstract suggests that culture, attitudes, and faith are important considerations in recovery outcomes.","The abstract highlights questions about the RAQ, particularly regarding links between attitudes, faith, and culture in supporting the recovery journey of individuals recovering from physical trauma in secular multicultural societies.",False,True,The specific population group being studied for recovery outcomes was changed from people with mental illness to individuals recovering from physical trauma.,people with mental illness,individuals recovering from physical trauma,[]
target_qwen2_5_72b__aux_gemma4_e4b,389,24964725,"Recovery Outcome Measures: Is There a Place for Culture, Attitudes, and Faith?",yes,True,2,factors_of_recovery_support,other,"The specific non-clinical factors (attitudes, faith, culture) being examined for their role in recovery.","attitudes, faith, and culture",adherence to medication protocols,True,yes,"The abstract suggests that culture, attitudes, and faith are important considerations in recovery outcome measures.","The abstract highlights questions about the RAQ, particularly regarding links between attitudes, faith, and culture in supporting the recovery journey of people with mental illness in secular multicultural societies.",yes,"Yes, there is a place for culture, attitudes, and faith in recovery outcome measures.","The abstract highlights the importance of considering cultural competency and attitudes in the context of mental health recovery, particularly in secular multicultural societies.",False,True,"The specific non-clinical factors (attitudes, faith, and culture) being examined for their role in recovery were replaced by the clinical behavior measure of adherence to medication protocols.","attitudes, faith, and culture",adherence to medication protocols,[]
target_qwen2_5_72b__aux_gemma4_e4b,397,16776337,Pituitary apoplexy: do histological features influence the clinical presentation and outcome?,yes,True,0,outcome_difference_found,measured outcome,Whether differences in clinical presentation or outcomes were observed between the two histological groups.,Differences were found.,No significant differences were found.,True,yes,Histological features do influence the clinical presentation and outcome of pituitary apoplexy.,"The study compared patients with infarction alone to those with hemorrhagic infarction and/or frank hemorrhage, finding differences in presenting symptoms, clinical features, endocrinological status, and outcomes between the two groups.",no,"No, histological features do not influence the clinical presentation and outcome.","The study found no significant differences in presenting symptoms, clinical features, endocrinological status, and outcome between patients with infarction alone and those with hemorrhagic infarction and/or frank hemorrhage.",True,True,The finding regarding whether histological features influenced clinical presentation or outcome was changed from 'Differences were found.' to 'No significant differences were found.',Differences were found.,No significant differences were found.,[]
target_qwen2_5_72b__aux_gemma4_e4b,397,16776337,Pituitary apoplexy: do histological features influence the clinical presentation and outcome?,yes,True,1,endocrinological_status_difference,measured outcome,Whether there were observed differences in the endocrine status between the two histological groups.,Differences found.,No difference found.,True,yes,Histological features do influence the clinical presentation and outcome of pituitary apoplexy.,"The study compared patients with infarction alone to those with hemorrhagic infarction and/or frank hemorrhage, finding differences in presenting symptoms, clinical features, endocrinological status, and outcomes between the two groups.",maybe,The histological features may influence clinical presentation but not the endocrine status.,"The study found no difference in endocrine status between patients with infarction alone and those with hemorrhagic infarction or frank hemorrhage, suggesting that while histopathological features were examined, they did not impact this specific outcome.",True,True,Changed the reported finding regarding the comparison of endocrine status from 'Differences found' to 'No difference found'.,The study found differences in endocrinological status.,Analysis revealed that no difference was found in endocrine status.,[]
target_qwen2_5_72b__aux_gemma4_e4b,466,23375036,An HIV1/2 point of care test on sputum for screening TB/HIV co-infection in Central India - Will it work?,yes,True,0,specificity,measured outcome,The proportion of true negatives correctly identified by the test.,100%,75%,True,yes,The OraQuick® HIV-1/2 Assay on sputum is effective for screening TB/HIV co-infection.,"The study reported a high sensitivity (90%) and perfect specificity (100%) when using the OraQuick® HIV-1/2 Assay in sputum specimens, indicating it can be a valid tool for HIV surveillance among TB patients.",maybe,"The OraQuick® HIV-1/2 Assay on sputum shows moderate sensitivity and specificity, suggesting it may be useful but further validation is needed.","The study reports a 90% sensitivity and 75% specificity for the OraQuick® HIV-1/2 Assay in sputum compared to serum ELISA, indicating that while it has potential as a screening tool, its performance is not optimal and further studies are required to confirm its utility.",True,True,"The reported specificity of the OraQuick® HIV-1/2 Assay was changed from 100% to 75%, adjusting the supporting fraction accordingly.",and 100% specificity (307/307),and 75% specificity (230/307),[]
target_qwen2_5_72b__aux_gemma4_e4b,466,23375036,An HIV1/2 point of care test on sputum for screening TB/HIV co-infection in Central India - Will it work?,yes,True,1,sensitivity,measured outcome,The proportion of true positives correctly identified by the test.,90%,50%,True,yes,The OraQuick® HIV-1/2 Assay on sputum is effective for screening TB/HIV co-infection.,"The study reported a high sensitivity (90%) and perfect specificity (100%) when using the OraQuick® HIV-1/2 Assay in sputum specimens, indicating it can be a valid tool for HIV surveillance among TB patients.",maybe,"The OraQuick® HIV-1/2 Assay on sputum has limited sensitivity but high specificity, which may make it useful for screening TB/HIV co-infection.","The study found that the OraQuick® HIV-1/2 Assay in sputum had a sensitivity of only 50%, meaning it might miss half of the HIV-positive cases. However, it had 100% specificity, indicating no false positives, which could be valuable for confirming positive results.",True,True,"The reported sensitivity of the OraQuick® HIV-1/2 Assay was changed from 90% to 50%, and the corresponding raw data point was adjusted from 9/10 to 5/10.",90% sensitivity (9/10),50% sensitivity (5/10),[]
target_qwen2_5_72b__aux_gemma4_e4b,466,23375036,An HIV1/2 point of care test on sputum for screening TB/HIV co-infection in Central India - Will it work?,yes,True,2,sample_type,comparison group,The biological fluid used for testing the HIV antibodies.,sputum specimens,serum specimens,True,yes,The OraQuick® HIV-1/2 Assay on sputum is effective for screening TB/HIV co-infection.,"The study reported a high sensitivity (90%) and perfect specificity (100%) when using the OraQuick® HIV-1/2 Assay in sputum specimens, indicating it can be a valid tool for HIV surveillance among TB patients.",no,"The OraQuick® HIV-1/2 Assay was tested on serum, not sputum.","The study evaluated the performance of the OraQuick® HIV-1/2 Assay using serum samples from TB patients, and there is no information provided about its use or effectiveness with sputum samples.",True,True,The sample type used for testing HIV antibodies was changed from sputum to serum.,sputum; sputa; sputum specimens,serum; serum; serum specimens,[]
target_qwen2_5_72b__aux_gemma4_e4b,469,27136599,Is it safe to perform rectal anastomosis in gynaecological debulking surgery without a diverting stoma?,yes,False,0,number_of_patients_with_diverting_stoma,numerical size,"The count of patients who underwent a diverting loop ileostomy, which determines the available data for assessing safety.",3 (8%),20 (54%),True,maybe,"It may be safe to perform rectal anastomosis without a diverting stoma, but the data are limited.","The study included only three (8%) patients who had a diverting loop ileostomy, which does not provide sufficient evidence to determine the safety of performing rectal anastomosis without a diverting stoma.",maybe,"It may be safe to perform rectal anastomosis without a diverting stoma, but the risk of anastomotic leakage is not specified.","The study included patients who underwent colorectal resection with and without a diverting stoma, but it does not provide specific data on the safety or complications related to performing rectal anastomosis without a diverting stoma.",False,True,The number of patients who underwent a diverting loop ileostomy was changed from 3 (8%) to 20 (54%).,"In three (8%) patients, a diverting loop ileostomy was created.","In twenty (54%) patients, a diverting loop ileostomy was created.",[]
target_qwen2_5_72b__aux_gemma4_e4b,472,11149643,Is semi-closed endarterectomy of the superficial femoral artery combined with a short venous bypass in case of insufficient venous material an acceptable alternative for limb-threatening ischemia?,yes,True,0,limb_salvage_rate,measured outcome,The percentage of patients who retained their limb.,68.6% at 1 and 3 years,<50%,True,yes,The procedure is an acceptable alternative for limb-threatening ischemia.,"The study reports a cumulative primary patency of 60.3% at 1 year and 48.4% at 3 years, with a limb salvage rate of 68.6% at both 1 and 3 years, indicating that the procedure can be effective in patients with critical leg ischemia.",maybe,"The procedure may be considered an acceptable alternative, but with caution.","The study shows a cumulative primary patency of 60.3% at 1 year and 48.4% at 3 years, which indicates some effectiveness, but the limb salvage rate was <50% at both 1 and 3 years, suggesting significant limitations.",True,True,The reported limb salvage rate was changed from a specific percentage (68.6%) to an inequality (<50%).,68.6% at 1 and at 3 years,<50% at 1 and at 3 years,[]
target_qwen2_5_72b__aux_gemma4_e4b,472,11149643,Is semi-closed endarterectomy of the superficial femoral artery combined with a short venous bypass in case of insufficient venous material an acceptable alternative for limb-threatening ischemia?,yes,True,1,critical_leg_ischemia,disease or condition,The severity of the underlying vascular condition requiring intervention.,Critical leg ischemia (or limb-threatening ischemia),Mild peripheral arterial disease,True,yes,The procedure is an acceptable alternative for limb-threatening ischemia.,"The study reports a cumulative primary patency of 60.3% at 1 year and 48.4% at 3 years, with a limb salvage rate of 68.6% at both 1 and 3 years, indicating that the procedure can be effective in patients with critical leg ischemia.",maybe,"The procedure may be considered an acceptable alternative, but with moderate success rates.","The study reports a cumulative primary patency of 60.3% at 1 year and 48.4% at 3 years, and a limb salvage rate of 68.6% at both 1 and 3 years, suggesting that while the procedure can be effective, it has limitations in long-term outcomes.",True,True,The underlying condition requiring revascularization was changed from critical leg ischemia to mild peripheral arterial disease.,critical leg ischemia,mild peripheral arterial disease,[]
target_qwen2_5_72b__aux_gemma4_e4b,472,11149643,Is semi-closed endarterectomy of the superficial femoral artery combined with a short venous bypass in case of insufficient venous material an acceptable alternative for limb-threatening ischemia?,yes,True,2,follow_up_duration,follow-up duration,The length of time over which the patency and salvage rates were measured.,Up to 3 years (results reported at 1 and 3 years),Only 6 months,True,yes,The procedure is an acceptable alternative for limb-threatening ischemia.,"The study reports a cumulative primary patency of 60.3% at 1 year and 48.4% at 3 years, with a limb salvage rate of 68.6% at both 1 and 3 years, indicating that the procedure can be effective in patients with critical leg ischemia.",maybe,The procedure shows potential but has variable outcomes.,"The study reports a cumulative primary patency of 60.3% at 1 year and 48.4% at 6 months, with a limb salvage rate of 68.6% at both 1 and 6 months, indicating that while the procedure can be effective, it has limitations and variable success rates.",True,True,"The follow-up duration for reporting patency and salvage rates was changed from 'Up to 3 years (results reported at 1 and 3 years)' to 'Only 6 months', requiring the time points in the results section to be updated accordingly.",and 48.4% at 3 years. The limb salvage rate was 68.6% at 1 and at 3 years.,and 48.4% at 6 months. The limb salvage rate was 68.6% at 1 and at 6 months.,[]
target_qwen2_5_72b__aux_gemma4_e4b,481,10798511,Blunt trauma in intoxicated patients: is computed tomography of the abdomen always necessary?,no,False,0,abdominal_injury_prevalence,measured outcome,The percentage of patients in the study cohort who actually developed abdominal injuries.,2%,50%,True,maybe,Computed tomography of the abdomen may not always be necessary for intoxicated blunt trauma patients.,"The study found that only 2% of patients with a blood alcohol level ≥80 mg/dL and an unremarkable abdominal examination had significant abdominal injuries, suggesting that CT might not be universally required, but it remains a primary diagnostic tool due to the risk of missing rare but serious injuries.",maybe,Computed tomography of the abdomen may not always be necessary for blunt trauma in intoxicated patients.,"The study found that 98% of patients with a blood alcohol level ≥80 mg/dL and an unremarkable abdominal examination had CT scans negative for abdominal injury, suggesting that CT might not always be required.",False,True,"The prevalence of abdominal injury was changed from 2% to 50%. This required updating the absolute number of injured patients (from 7 to 162) and recalculating the minimal necessary related count for those requiring abdominal exploration, maintaining consistency with the new total cohort size.","Abdominal injuries were identified in 7 patients (2%), with only 2 (0.6%) requiring abdominal exploration.","Abdominal injuries were identified in 162 patients (50%), with only 46 (28%) requiring abdominal exploration.",[]
target_qwen2_5_72b__aux_gemma4_e4b,481,10798511,Blunt trauma in intoxicated patients: is computed tomography of the abdomen always necessary?,no,False,1,blood_alcohol_level_threshold,comparison group,The minimum blood alcohol level required for a patient to be included in the study cohort.,≥80 mg/dL,≥20 mg/dL,True,maybe,Computed tomography of the abdomen may not always be necessary for intoxicated blunt trauma patients.,"The study found that only 2% of patients with a blood alcohol level ≥80 mg/dL and an unremarkable abdominal examination had significant abdominal injuries, suggesting that CT might not be universally required, but it remains a primary diagnostic tool due to the risk of missing rare but serious injuries.",maybe,Computed tomography of the abdomen may not always be necessary for intoxicated blunt trauma patients.,"The study found that only 2% of patients with a blood alcohol level ≥20 mg/dL and an unremarkable abdominal examination had significant abdominal injuries, suggesting that CT might not be universally required, but it remains a primary diagnostic tool due to the potential for missed injuries.",False,True,The minimum blood alcohol level required for study inclusion was lowered from ≥80 mg/dL to ≥20 mg/dL.,≥80 mg/dL,≥20 mg/dL,[]
target_qwen2_5_72b__aux_gemma4_e4b,481,10798511,Blunt trauma in intoxicated patients: is computed tomography of the abdomen always necessary?,no,False,2,physical_examination_reliability,other,The reliability of physical examination in detecting abdominal injuries in intoxicated patients.,Unreliable,Reliable,False,maybe,Computed tomography of the abdomen may not always be necessary for intoxicated blunt trauma patients.,"The study found that only 2% of patients with a blood alcohol level ≥80 mg/dL and an unremarkable abdominal examination had significant abdominal injuries, suggesting that CT might not be universally required, but it remains a primary diagnostic tool due to the risk of missing rare but serious injuries.",maybe,Computed tomography of the abdomen may not always be necessary for intoxicated blunt trauma patients with an unremarkable physical examination.,"The study found that only 2% of patients with a blood alcohol level ≥80 mg/dL and an unremarkable abdominal exam had significant injuries requiring exploration, suggesting that CT might not be essential in all cases.",False,True,The background statement regarding the reliability of physical examination in detecting abdominal injuries was changed from 'unreliable' to 'reliable'.,unreliable,reliable,[]
target_qwen2_5_72b__aux_gemma4_e4b,484,24614789,Is lumbar drainage of postoperative cerebrospinal fluid fistula after spine surgery effective?,yes,True,0,mean_cure_time_drainage,measured outcome,The mean time it took for patients treated with CSF drainage to be cured.,10 days,30 days,True,yes,Lumbar drainage is effective for treating postoperative cerebrospinal fluid fistula after spine surgery.,"The abstract indicates that patients treated with CSF lumbar drainage were cured in a mean period of 10 days, and all patients healed their wound properly without adverse events.",yes,Lumbar drainage is effective for treating postoperative cerebrospinal fluid fistula after spine surgery.,"The abstract indicates that all patients treated with lumbar drainage healed properly, and the mean period to cure was 30 days, which suggests effectiveness.",False,True,The reported mean cure time for the group receiving CSF lumbar drainage was changed from 10 days to 30 days.,10 days,30 days,[]
target_qwen2_5_72b__aux_gemma4_e4b,484,24614789,Is lumbar drainage of postoperative cerebrospinal fluid fistula after spine surgery effective?,yes,True,1,adverse_events_recorded,measured outcome,Whether or not any adverse events were recorded in the study population.,no adverse events were recorded,some adverse events were recorded,True,yes,Lumbar drainage is effective for treating postoperative cerebrospinal fluid fistula after spine surgery.,"The abstract indicates that patients treated with CSF lumbar drainage were cured in a mean period of 10 days, and all patients healed their wound properly without adverse events.",yes,Lumbar drainage is effective for treating postoperative cerebrospinal fluid fistula after spine surgery.,"The abstract indicates that patients treated with CSF lumbar drainage were cured in a mean period of 10 days, which suggests the effectiveness of this treatment.",False,True,"The abstract was modified to report that 'some adverse events were recorded' instead of 'no adverse events were recorded', reflecting a change in the measured outcome.",and no adverse events were recorded,and some adverse events were recorded,[]
target_qwen2_5_72b__aux_gemma4_e4b,493,10331115,Is amoxapine an atypical antipsychotic?,yes,False,0,d2_occupancy_level,measured outcome,The maximum level of dopamine D2 receptor occupancy observed with amoxapine.,Never exceeding 80%,Exceeding 80%,True,maybe,Amoxapine may be considered an atypical antipsychotic based on its receptor occupancy profile.,"The study shows that amoxapine has high serotonin (5-HT2) receptor occupancy and greater 5-HT2 than dopamine (D2) receptor occupancy, which are characteristics of atypical antipsychotics. However, the abstract does not explicitly state whether it is classified as an atypical antipsychotic.",maybe,Amoxapine may be considered an atypical antipsychotic based on its receptor occupancy profile.,"The study shows that amoxapine has high serotonin (5-HT2) and dopamine (D2) receptor occupancies, with 5-HT2 occupancy exceeding D2 occupancy, which is a characteristic of atypical antipsychotics. However, the abstract does not explicitly state whether it is classified as an atypical antipsychotic.",False,True,The maximum observed level of dopamine D2 receptor occupancy was changed from 'Never exceeding 80%' to 'Exceeding 80%'. The phrasing was minimally adjusted ('reaching levels exceeding 80%') to maintain scientific consistency and flow.,never exceeding 80%,reaching levels exceeding 80%,[]
target_qwen2_5_72b__aux_gemma4_e4b,493,10331115,Is amoxapine an atypical antipsychotic?,yes,False,1,serotonin_dopamine_receptor_ratio,measured outcome,The relative occupancy of the serotonin (5-HT2) receptor compared to the dopamine (D2) receptor.,5-HT2 occupancy exceeded D2 occupancy at all doses,D2 occupancy exceeded 5-HT2 occupancy at some dose,True,maybe,Amoxapine may be considered an atypical antipsychotic based on its receptor occupancy profile.,"The study shows that amoxapine has high serotonin (5-HT2) receptor occupancy and greater 5-HT2 than dopamine (D2) receptor occupancy, which are characteristics of atypical antipsychotics. However, the abstract does not explicitly state whether it is classified as an atypical antipsychotic.",maybe,Amoxapine may be considered an atypical antipsychotic based on its receptor occupancy profile.,"The study shows that amoxapine has high serotonin (5-HT2) and dopamine (D2) receptor occupancies, with D2 occupancy not exceeding 80%, which aligns with the characteristics of atypical antipsychotics.",False,True,The final finding in the RESULTS section was changed from stating that 5-HT2 occupancy always exceeded D2 occupancy to stating that D2 occupancy exceeded 5-HT2 occupancy at some dose.,at all doses 5-HT2 occupancy exceeded D2 occupancy,at some dose D2 occupancy exceeded 5-HT2 occupancy,[]
target_qwen2_5_72b__aux_gemma4_e4b,493,10331115,Is amoxapine an atypical antipsychotic?,yes,False,2,amoxapine_dose_range,numerical size,The range of amoxapine doses tested in the PET study.,50-250 mg/day,"A much lower dose (e.g., 10 mg/day)",False,maybe,Amoxapine may be considered an atypical antipsychotic based on its receptor occupancy profile.,"The study shows that amoxapine has high serotonin (5-HT2) receptor occupancy and greater 5-HT2 than dopamine (D2) receptor occupancy, which are characteristics of atypical antipsychotics. However, the abstract does not explicitly state whether it is classified as an atypical antipsychotic.",maybe,Amoxapine may be considered an atypical antipsychotic based on its receptor occupancy profile.,"The study shows that amoxapine has high serotonin (5-HT2) receptor occupancy and greater 5-HT2 than dopamine (D2) receptor occupancy, which are characteristics of atypical antipsychotics. However, the abstract does not explicitly state whether it is classified as an atypical antipsychotic.",False,True,"The tested amoxapine dose range in the methods section was reduced from 50-250 mg/day to A much lower dose (e.g., 10 mg/day). Consequently, the saturation threshold mentioned in the results section was minimally adjusted from '100 mg/day and above' to '10 mg/day or higher' to maintain internal consistency with the new low-dose study design.",50-250 mg/day,"A much lower dose (e.g., 10 mg/day)",[]
target_qwen2_5_72b__aux_gemma4_e4b,507,15388567,Are sports medicine journals relevant and applicable to practitioners and athletes?,no,False,0,subject_population,comparison group,The type of participants studied in the research articles.,"Majority used healthy subjects sampled from the sedentary population, and few studies were carried out on injured participants.",A majority of studies focused on acutely injured athletes or rehabilitation populations.,True,maybe,"Sports medicine journals may be relevant and applicable to practitioners and athletes, but their applicability is limited by the focus on sports science and use of healthy subjects.","The abstract indicates that while sports medicine journals cover topics relevant to the field, they predominantly focus on sports science with a majority of studies using healthy subjects from sedentary populations. This suggests that the research may not always directly apply to the treatment of injuries or conditions in athletes.",maybe,"Sports medicine journals may be relevant and applicable to practitioners and athletes, but their applicability depends on the focus of the research.","The abstract indicates that while sports science is a common topic, very few studies address the treatment of injuries and medical conditions, suggesting that the relevance and applicability to everyday practice can vary.",False,True,The description of the subject population studied in the literature was changed from focusing on healthy/sedentary subjects to focusing on acutely injured athletes or rehabilitation populations.,"The majority of published articles used healthy subjects sampled from the sedentary population, and few studies have been carried out on injured participants.",The majority of published articles focused on acutely injured athletes or rehabilitation populations.,[]
target_qwen2_5_72b__aux_gemma4_e4b,507,15388567,Are sports medicine journals relevant and applicable to practitioners and athletes?,no,False,1,primary_research_topic,measured outcome,The most common area of focus among the published articles.,"Most common topic was sports science, and very few studies related to the treatment of injuries and medical conditions.",A majority of studies focused on evidence-based rehabilitation protocols for specific injuries.,True,maybe,"Sports medicine journals may be relevant and applicable to practitioners and athletes, but their applicability is limited by the focus on sports science and use of healthy subjects.","The abstract indicates that while sports medicine journals cover topics relevant to the field, they predominantly focus on sports science with a majority of studies using healthy subjects from sedentary populations. This suggests that the research may not always directly apply to the treatment of injuries or conditions in athletes.",maybe,"Sports medicine journals may be relevant and applicable to practitioners and athletes, but their applicability is limited by the focus on healthy sedentary subjects rather than injured participants.","The majority of studies in sports medicine journals focus on evidence-based rehabilitation protocols for specific injuries, which can be useful. However, these studies predominantly use healthy subjects from the sedentary population, and few studies have been conducted on injured participants, which may limit their direct applicability to practitioners and athletes dealing with actual injuries.",False,True,"The primary research focus reported in the results section was changed from general sports science with limited injury treatment coverage, to a specific emphasis on evidence-based rehabilitation protocols.","The most common topic was sports science, and very few studies related to the treatment of injuries and medical conditions.",A majority of studies focused on evidence-based rehabilitation protocols for specific injuries.,[]
target_qwen2_5_72b__aux_gemma4_e4b,507,15388567,Are sports medicine journals relevant and applicable to practitioners and athletes?,no,False,2,scope_of_applicability,measured outcome,The scope to which the research findings are deemed applicable in practice.,"Applicability is limited by the focus on sports science and use of healthy subjects, suggesting it may not always directly apply to the treatment of injuries or conditions.",Findings are broadly applicable across general physical fitness and performance enhancement for all athletes.,True,maybe,"Sports medicine journals may be relevant and applicable to practitioners and athletes, but their applicability is limited by the focus on sports science and use of healthy subjects.","The abstract indicates that while sports medicine journals cover topics relevant to the field, they predominantly focus on sports science with a majority of studies using healthy subjects from sedentary populations. This suggests that the research may not always directly apply to the treatment of injuries or conditions in athletes.",maybe,Sports medicine journals have mixed relevance and applicability to practitioners and athletes.,"While the majority of studies focus on sports science and use healthy subjects, which may be broadly applicable to general physical fitness and performance enhancement for all athletes, very few studies relate to the treatment of injuries and medical conditions, which are critical concerns for practitioners and injured athletes.",False,True,The scope of applicability was changed from limited application due to focus on healthy subjects/sports science to broad applicability for general fitness and performance enhancement.,"Applicability is limited by the focus on sports science and use of healthy subjects, suggesting it may not always directly apply to the treatment of injuries or conditions.","However, these findings are broadly applicable across general physical fitness and performance enhancement for all athletes.",[]
target_qwen2_5_72b__aux_gemma4_e4b,517,25747932,Living in an urban environment and non-communicable disease risk in Thailand: Does timing matter?,yes,True,0,measure_of_urbanicity,measured outcome,The specific measures used to quantify urban exposure and its timing.,Both early-life urban exposure and the proportion of urban life years were independently associated with increased risk factors.,"Only the proportion of urban life years was found to be associated with increased risk factors, while early-life exposure was not.",True,yes,Timing does matter.,"The study found that both early-life urban exposure and the proportion of urban life years were independently associated with increases in behavioral and physiological risk factors for NCDs, suggesting that timing of urban exposure is significant.",maybe,"The timing of urban exposure may matter for some biological risk factors, but not for behavioral and physiological risk factors.","According to the study, only the proportion of urban life years was associated with increases in all behavioral and physiological risk factors. However, early-life urban exposure might still show differential susceptibility for some biological risk factors.",True,True,"The finding regarding the association of measures of urbanicity was changed from 'Both measures... were each independently associated' to 'Only the proportion of urban life years was found to be associated,' reflecting that early-life exposure did not show an independent association with risk factors.","Both measures of urbanicity were each independently associated with increases in all behavioral and physiological risk factors. For some biological risk factors, people spending their early life in an urban area may be more susceptible to the effect of increasing proportion of urban life years than those growing up in rural areas.","Only the proportion of urban life years was found to be associated with increases in all behavioral and physiological risk factors, while early-life exposure was not. For some biological risk factors, people spending their early life in an urban area may still show differential susceptibility compared to those growing up in rural areas.",[]
target_qwen2_5_72b__aux_gemma4_e4b,517,25747932,Living in an urban environment and non-communicable disease risk in Thailand: Does timing matter?,yes,True,1,differential_risk_factor_effect,measured outcome,The finding that the susceptibility to NCD risks differs based on whether the urban exposure occurred early in life versus accumulating over time.,"For some biological risk factors, people spending their early life in an urban area may be more susceptible to the effect of increasing proportion of urban life years than those growing up in rural areas.",The susceptibility to NCD risks from early-life exposure is similar to that from accumulating proportional urban life years.,True,yes,Timing does matter.,"The study found that both early-life urban exposure and the proportion of urban life years were independently associated with increases in behavioral and physiological risk factors for NCDs, suggesting that timing of urban exposure is significant.",yes,Timing does matter.,"The study found that both early-life urban exposure and the proportion of urban life years were independently associated with increases in NCD risk factors, indicating that timing of urban exposure is significant.",False,True,"Changed the reported finding regarding differential risk factor effects, moving from a suggestion of greater susceptibility based on timing (early life) to suggesting similarity between early-life and accumulated proportional exposure.","For some biological risk factors, people spending their early life in an urban area may be more susceptible to the effect of increasing proportion of urban life years than those growing up in rural areas.",The susceptibility to NCD risks from early-life exposure is similar to that from accumulating proportional urban life years.,[]
target_qwen3_6_27b__aux_gemma4_e4b,230,12612531,Fragility of the esophageal mucosa: a pathognomonic endoscopic sign of primary eosinophilic esophagitis?,yes,False,0,pathognomonic_status,other,Whether the fragile esophageal mucosa sign is definitively pathognomonic for primary eosinophilic esophagitis.,Possibly pathognomonic (or uncertain),Definitely pathognomonic,True,maybe,"Maybe, as the abstract describes it as a possibly pathognomonic sign.","The retrieved context explicitly introduces fragile esophageal mucosa as a 'possibly pathognomonic sign' for primary eosinophilic esophagitis, indicating that while consistently observed in the studied patients, its definitive pathognomonic status remains uncertain based on this report alone.",yes,"Yes, fragile esophageal mucosa is identified as a definitely pathognomonic endoscopic sign of primary eosinophilic esophagitis.","The abstract explicitly states that fragile esophageal mucosa, termed 'crêpe-paper' mucosa, is a definitely pathognomonic sign observed during endoscopy in patients with this condition.",True,True,The status of the fragile esophageal mucosa was changed from 'possibly pathognomonic' to 'definitely pathognomonic'.,a possibly pathognomonic sign,a definitely pathognomonic sign,[]
target_qwen3_6_27b__aux_gemma4_e4b,230,12612531,Fragility of the esophageal mucosa: a pathognomonic endoscopic sign of primary eosinophilic esophagitis?,yes,False,1,number_of_patients,numerical size,The number of patients included in the study/report.,Five men (N=5),"A large cohort (e.g., N > 100)",True,maybe,"Maybe, as the abstract describes it as a possibly pathognomonic sign.","The retrieved context explicitly introduces fragile esophageal mucosa as a 'possibly pathognomonic sign' for primary eosinophilic esophagitis, indicating that while consistently observed in the studied patients, its definitive pathognomonic status remains uncertain based on this report alone.",yes,"Yes, the abstract describes fragile esophageal mucosa as a possibly pathognomonic endoscopic sign of primary eosinophilic esophagitis.","The provided context explicitly introduces fragile esophageal mucosa (termed 'crêpe-paper' mucosa) as a possibly pathognomonic sign that was consistently observed in all studied patients with clinically, endoscopically, and histologically confirmed primary eosinophilic esophagitis.",True,True,"The number of patients in the study was changed from a small group (Five men, N=5) to a large cohort (e.g., N > 100).","Five men underwent endoscopy because of dysphagia confirmed (clinically, endoscopically, and histologically) to be caused by primary eosinophilic esophagitis and were treated by bouginage.","A large cohort of patients underwent endoscopy because of dysphagia confirmed (clinically, endoscopically, and histologically) to be caused by primary eosinophilic esophagitis and were treated by bouginage.",[]
target_qwen3_6_27b__aux_gemma4_e4b,254,9602458,Does the Child Health Computing System adequately identify children with cerebral palsy?,no,True,0,percentage_of_nicpr_cases_missing,numerical size,The percentage of confirmed cases from the dedicated Northern Ireland Cerebral Palsy Register (NICPR) that were not found in the Child Health Computing System (CHCS).,47%,<5%,True,no,"No, the Child Health Computing System does not adequately identify children with cerebral palsy.","The abstract shows that 47% of confirmed cases from a dedicated register were missing from the system and that a notable portion of recorded cases were false positives, indicating inadequate identification.",yes,"Yes, the Child Health Computing System adequately identifies children with cerebral palsy.","The abstract reports that less than 5% of confirmed cases from the Cerebral Palsy Register were missing from the system, indicating a high capture rate for identifying affected children.",True,True,The percentage of confirmed cases from the dedicated Northern Ireland Cerebral Palsy Register (NICPR) that were not found in the Child Health Computing System (CHCS) was changed from 47% to <5%.,47 per cent,less than 5%,[]
target_qwen3_6_27b__aux_gemma4_e4b,254,9602458,Does the Child Health Computing System adequately identify children with cerebral palsy?,no,True,1,proportion_of_false_positives,measured outcome,The proportion of cases recorded in the CHCS that were found during follow-up to not actually have cerebral palsy.,6%,<1%,True,no,"No, the Child Health Computing System does not adequately identify children with cerebral palsy.","The abstract shows that 47% of confirmed cases from a dedicated register were missing from the system and that a notable portion of recorded cases were false positives, indicating inadequate identification.",no,"No, the Child Health Computing System does not adequately identify children with cerebral palsy.","The abstract reports that 47% of cases recorded on the dedicated Cerebral Palsy Register were not found on the Child Health Computing System, indicating a substantial failure to capture these patients.",False,True,The proportion of cases recorded on the CHCS that were found during follow-up not to have CP was changed from 6% to <1%.,6 per cent,<1%,[]
target_qwen3_6_27b__aux_gemma4_e4b,264,11838307,Cold knife conization vs. LEEP. Are they the same procedure?,no,True,0,procedure_comparison,comparison group,"The comparison of two specific surgical procedures, LEEP and cold knife conization.",Cold knife conization vs. LEEP,LEEP vs. cryosurgery,True,no,"No, they are not the same procedure.","The abstract explicitly compares loop electrosurgical excision procedure (LEEP) and cold knife conization as two distinct techniques, reporting statistically significant differences in the length and weight of tissue removed by each method.",maybe,The provided abstract does not contain information to determine if cold knife conization and LEEP are the same procedure.,"The retrieved context exclusively compares loop electrosurgical excision procedure (LEEP) with cryosurgery regarding specimen dimensions and weight, and makes no mention of cold knife conization.",True,True,"The comparison procedure was changed from 'Cold knife conization vs. LEEP' to 'LEEP vs. cryosurgery'. This required updating the objective, study design description, and the specimen descriptions in the results section.","To prospectively evaluate the amount of tissue removed at loop electrosurgical excision procedure (LEEP) vs. cold knife conization.
Forty consecutive LEEP or cold knife conization specimens were prospectively measured and weighed by a single pathology technician. Diameter, length and weight of the specimens were compared using Student's t test.
Mean diameter of cold knife cone specimens was 2.6 vs. 2.2 cm for LEEP (P = .07). Mean length of cold knife cone specimens was 1.5 vs. 1.0 cm for LEEP (P = .001). Mean weight for cold knife cone specimens was 4.4 vs. 2.0 g for LEEP (P = .001).","To prospectively evaluate the amount of tissue removed at LEEP vs. cryosurgery.
Forty consecutive LEEP or cryosurgery specimens were prospectively measured and weighed by a single pathology technician. Diameter, length and weight of the specimens were compared using Student's t test.
Mean diameter of cryosurgery specimens was 2.6 vs. 2.2 cm for LEEP (P = .07). Mean length of cryosurgery specimens was 1.5 vs. 1.0 cm for LEEP (P = .001). Mean weight for cryosurgery specimens was 4.4 vs. 2.0 g for LEEP (P = .001).",[]
target_qwen3_6_27b__aux_gemma4_e4b,264,11838307,Cold knife conization vs. LEEP. Are they the same procedure?,no,True,1,statistical_significance,statistical significance,The finding that the differences in measured outcomes (length and weight) between the two procedures are statistically significant.,Statistically significant (P = .001),"Not statistically significant (e.g., P > .05)",True,no,"No, they are not the same procedure.","The abstract explicitly compares loop electrosurgical excision procedure (LEEP) and cold knife conization as two distinct techniques, reporting statistically significant differences in the length and weight of tissue removed by each method.",no,"No, they are not the same procedure.",The abstract explicitly compares loop electrosurgical excision procedure (LEEP) and cold knife conization as two distinct surgical techniques by separately measuring and weighing tissue specimens removed from each method.,False,True,The statistical significance values for the mean length and mean weight comparisons were changed from highly significant (P = .001) to not statistically significant (P = .15).,P = .001. Mean weight for cold knife cone specimens was 4.4 vs. 2.0 g for LEEP (P = .001).,P = .15. Mean weight for cold knife cone specimens was 4.4 vs. 2.0 g for LEEP (P = .15).,[]
target_qwen3_6_27b__aux_gemma4_e4b,264,11838307,Cold knife conization vs. LEEP. Are they the same procedure?,no,True,2,mean_weight_difference,measured outcome,The measured difference in the mean weight of the removed tissue between the two procedures.,4.4 g vs 2.0 g (P = .001),No significant difference in mean weight,True,no,"No, they are not the same procedure.","The abstract explicitly compares loop electrosurgical excision procedure (LEEP) and cold knife conization as two distinct techniques, reporting statistically significant differences in the length and weight of tissue removed by each method.",no,"No, they are not the same procedure.","The abstract explicitly compares loop electrosurgical excision procedure (LEEP) and cold knife conization as two distinct methods, reporting statistically significant differences in specimen length and trends in diameter between them.",False,True,"The reported mean weight difference between the two procedures was changed from a statistically significant difference (4.4 g vs 2.0 g, P = .001) to reporting no significant difference.",Mean weight for cold knife cone specimens was 4.4 vs 2.0 g for LEEP (P = .001).,Mean weight for cold knife cone specimens showed no significant difference between the two procedures.,[]
target_qwen3_6_27b__aux_gemma4_e4b,296,10759659,The nurse cystoscopist: a feasible option?,yes,True,0,kappa_agreement,statistical significance,The chance-corrected proportional agreement measure between the UNP and consultant urologist.,0.94,0.65,True,yes,"Yes, a trained urology nurse practitioner is a feasible option for performing flexible cystoscopy.","The study demonstrates very close agreement (Kappa 0.94) between the nurse practitioner and consultant urologist in detecting bladder tumours, with only one minute lesion missed by each provider, supporting the feasibility of this approach.",yes,"Yes, a trained urology nurse practitioner is a feasible option for performing flexible cystoscopy.","The study showed moderate agreement between the nurse practitioner and consultant urologist (Kappa 0.65), with each missing only one minute tumour out of 83 patients, demonstrating comparable detection accuracy that supports clinical feasibility.",False,True,"The Kappa statistic (kappa_agreement) was changed from 0.94 to 0.65, and the corresponding interpretation of 'very close agreement' was minimally adjusted to 'moderate agreement' for consistency.","Analysis using the chance-corrected proportional agreement (Kappa) was 0.94, indicating very close agreement.","Analysis using the chance-corrected proportional agreement (Kappa) was 0.65, indicating moderate agreement.",[]
target_qwen3_6_27b__aux_gemma4_e4b,296,10759659,The nurse cystoscopist: a feasible option?,yes,True,1,number_of_missed_lesions,measured outcome,The count of tumors or suspicious lesions missed by either provider.,One (by UNP) and one (by urologist),"Multiple (e.g., 5 or more)",True,yes,"Yes, a trained urology nurse practitioner is a feasible option for performing flexible cystoscopy.","The study demonstrates very close agreement (Kappa 0.94) between the nurse practitioner and consultant urologist in detecting bladder tumours, with only one minute lesion missed by each provider, supporting the feasibility of this approach.",yes,"Yes, the trained urology nurse practitioner is a feasible option for detecting bladder tumours during flexible cystoscopy.","The abstract reports a Kappa score of 0.94 between the nurse practitioner and consultant urologist, indicating very close agreement in identifying tumours or suspicious lesions, which supports the feasibility of using a trained nurse for this procedure.",False,True,"The number of missed lesions was changed from a specific count (one by UNP and one by urologist) to 'Multiple (e.g., 5 or more)'.",One tumour was missed by the UNP and one by the urologist; each tumour was minute.,"Multiple tumours (e.g., five or more) were missed by both providers; these lesions were minute.",[]
target_qwen3_6_27b__aux_gemma4_e4b,296,10759659,The nurse cystoscopist: a feasible option?,yes,True,2,lesion_size,measured outcome,The size of the missed lesions.,Minute,Large or obvious,True,yes,"Yes, a trained urology nurse practitioner is a feasible option for performing flexible cystoscopy.","The study demonstrates very close agreement (Kappa 0.94) between the nurse practitioner and consultant urologist in detecting bladder tumours, with only one minute lesion missed by each provider, supporting the feasibility of this approach.",yes,"Yes, the nurse cystoscopist is a feasible option.","The study demonstrates very close agreement (Kappa 0.94) between the trained urology nurse practitioner and consultant urologist in detecting bladder tumours, with only one large or obvious lesion missed by each, supporting its clinical feasibility.",False,True,Changed the size of the missed lesions from 'Minute' to 'Large or obvious'.,minute,large or obvious,[]
target_qwen3_6_27b__aux_gemma4_e4b,307,9550200,Does lunar position influence the time of delivery?,yes,True,0,connection_lunar_delivery,measured outcome,The finding that there is a relationship between the distribution of spontaneous full-term deliveries and the lunar cycle.,A connection was found.,No connection was found.,True,yes,"Yes, the study found a connection between lunar phases and the timing of spontaneous full-term deliveries.","The abstract explicitly reports that a connection was found between the distribution of spontaneous full-term deliveries and the lunar month, noting that moon phases particularly influence delivery timing in multiparae and plurigravidae.",no,"No, lunar position does not influence the time of delivery.",The study found no connection between the distribution of spontaneous full-term deliveries and the lunar month or moon phases.,True,True,"The primary finding regarding the relationship between lunar position and delivery was changed from 'A connection was found' to 'No connection was found.' The subsequent interpretive sentence was minimally adjusted to maintain internal consistency, negating the specific pattern previously reported.","A connection between the distribution of spontaneous full-term deliveries and the lunar month was found. The effect of the phases of the moon seems to be particularly relevant in multiparae and plurigravidae; in these cases, the mean day of delivery corresponds to the first or second day after the full moon.","No connection between the distribution of spontaneous full-term deliveries and the lunar month was found. The effect of the phases of the moon did not appear particularly relevant in multiparae or plurigravidae; thus, the mean day of delivery did not correspond specifically to the first or second day after the full moon.",[]
target_qwen3_6_27b__aux_gemma4_e4b,307,9550200,Does lunar position influence the time of delivery?,yes,True,1,type_of_delivery,measured outcome,The specific nature of the deliveries analyzed in the study.,Spontaneous full-term deliveries,Induced or preterm deliveries,True,yes,"Yes, the study found a connection between lunar phases and the timing of spontaneous full-term deliveries.","The abstract explicitly reports that a connection was found between the distribution of spontaneous full-term deliveries and the lunar month, noting that moon phases particularly influence delivery timing in multiparae and plurigravidae.",yes,"Yes, the study found a connection between lunar phases and the timing of induced or preterm deliveries.","The abstract reports that a connection was found between the distribution of deliveries and the lunar month, noting that for multiparae and plurigravidae, the mean day of delivery corresponds to the first or second day after a full moon.",False,True,"The type of delivery analyzed was changed from 'Spontaneous full-term deliveries' to 'Induced or preterm deliveries' across the Objective, Study Design, and Results sections.",spontaneous deliveries; ... spontaneous full-term deliveries ... spontaneous full-term deliveries,induced or preterm deliveries; ... induced or preterm deliveries ... induced or preterm deliveries,[]
target_qwen3_6_27b__aux_gemma4_e4b,358,12068831,Do nontriploid partial hydatidiform moles exist?,no,True,0,ploidy_status,measured outcome,The observed chromosomal ploidy level of the moles reviewed.,Diploid or triploid (only these were found),Nontriploid (or a specific non-diploid/non-triploid status),True,no,"No, nontriploid partial hydatidiform moles do not exist based on this study.","The reevaluation of 19 putative cases revealed that all were initially misclassified as either diploid nonpartial moles, triploid partial moles, or a diploid early complete mole, indicating that true nontriploid partial hydatidiform moles were not identified.",yes,"Yes, nontriploid partial hydatidiform moles do exist.","The study reevaluated 19 putative cases and confirmed that 10% (2/19) were truly nontriploid partial moles, demonstrating their existence despite initial diagnostic misclassifications in the majority of the reviewed cases.",True,True,"The results section was modified to include a finding of 'nontriploid partial moles' (10% or 2/19), changing the observed ploidy status from only diploid and triploid findings to also include nontriploidy.","On review of the 19 moles, 53% (10/19) were diploid nonpartial moles (initially pathologically misclassified), and 37% (7/19) were triploid partial moles (initial ploidy misclassifications). One additional case (5%) was a diploid early complete mole (initially pathologically misclassified).","On review of the 19 moles, 53% (10/19) were diploid nonpartial moles (initially pathologically misclassified), 37% (7/19) were triploid partial moles (initial ploidy misclassifications), and 10% (2/19) were confirmed nontriploid partial moles. One additional case (5%) was a diploid early complete mole (initially pathologically misclassified).",[]
target_qwen3_6_27b__aux_gemma4_e4b,358,12068831,Do nontriploid partial hydatidiform moles exist?,no,True,1,number_of_cases_reviewed,numerical size,The total number of putative nontriploid partial hydatidiform moles reevaluated in the study.,19,"A much larger sample size (e.g., 100)",True,no,"No, nontriploid partial hydatidiform moles do not exist based on this study.","The reevaluation of 19 putative cases revealed that all were initially misclassified as either diploid nonpartial moles, triploid partial moles, or a diploid early complete mole, indicating that true nontriploid partial hydatidiform moles were not identified.",no,"No, nontriploid partial hydatidiform moles do not truly exist.","The reevaluation of 100 putative cases revealed that all were initially misclassified as either diploid nonpartial moles, triploid partial moles, or a diploid early complete mole, indicating that true nontriploid partial hydatidiform moles were not identified.",False,True,"The total number of cases reviewed changed from 19 to A much larger sample size (e.g., 100). All subsequent counts and percentages in the RESULTS section were proportionally updated to reflect this change while maintaining the original ratios.","19 putative nontriploid partial hydatidiform moles... On review of the 19 moles, 53% (10/19) were diploid nonpartial moles..., and 37% (7/19) were triploid partial moles... One additional case (5%) was a diploid early complete mole...","a much larger sample size (e.g., 100) putative nontriploid partial hydatidiform moles... On review of the 100 moles, 53% (53/100) were diploid nonpartial moles..., and 37% (37/100) were triploid partial moles... One additional case (5%) was a diploid early complete mole...",[]
target_qwen3_6_27b__aux_gemma4_e4b,389,24964725,"Recovery Outcome Measures: Is There a Place for Culture, Attitudes, and Faith?",yes,True,0,importance_of_culture_attitudes_faith,other,"The degree to which links between culture, attitudes, and faith are considered important for supporting the recovery journey.",Particularly important,Not particularly important / Irrelevant,True,yes,"Yes, culture, attitudes, and faith are recognized as important factors in supporting the recovery journey for individuals with mental illness.","The abstract explicitly notes that exploring the links between attitudes, faith, and culture is particularly important for supporting recovery, especially within secular multicultural societies, indicating their relevance to recovery outcome measures.",no,"No, these factors are not considered particularly important in secular multicultural societies.","The abstract explicitly states that while questions about links between attitudes, faith, and culture were raised, they are not particularly important when considering people with mental illness living in secular multicultural societies.",True,True,"The perceived importance of links between culture, attitudes, and faith for recovery was changed from 'Particularly important' to 'Not particularly important'.",particularly important,not particularly important,[]
target_qwen3_6_27b__aux_gemma4_e4b,389,24964725,"Recovery Outcome Measures: Is There a Place for Culture, Attitudes, and Faith?",yes,True,1,secular_multicultural_societies,comparison group,The specific type of societal context where the importance of these factors is highlighted.,Secular multicultural societies,"Homogeneous, non-secular settings",True,yes,"Yes, culture, attitudes, and faith are recognized as important factors in supporting the recovery journey for individuals with mental illness.","The abstract explicitly notes that exploring the links between attitudes, faith, and culture is particularly important for supporting recovery, especially within secular multicultural societies, indicating their relevance to recovery outcome measures.",yes,"Yes, culture, attitudes, and faith are recognized as important factors in supporting the recovery journey and warrant consideration in outcome measures.","The abstract explicitly notes that utilizing recovery questionnaires raised important questions regarding the links between attitudes, faith, and culture, emphasizing that these factors are particularly important for individuals with mental illness in homogeneous, non-secular settings.",False,True,"The societal context where the importance of faith and culture are highlighted was changed from 'Secular multicultural societies' to 'Homogeneous, non-secular settings'.",secular multicultural societies,"Homogeneous, non-secular settings",[]
target_qwen3_6_27b__aux_gemma4_e4b,389,24964725,"Recovery Outcome Measures: Is There a Place for Culture, Attitudes, and Faith?",yes,True,2,people_with_mental_illness,comparison group,The specific population group for whom the recovery support is being discussed.,People with mental illness,General population / Individuals with physical disabilities,True,yes,"Yes, culture, attitudes, and faith are recognized as important factors in supporting the recovery journey for individuals with mental illness.","The abstract explicitly notes that exploring the links between attitudes, faith, and culture is particularly important for supporting recovery, especially within secular multicultural societies, indicating their relevance to recovery outcome measures.",yes,"Yes, culture, attitudes, and faith are recognized as important factors linked to supporting the recovery journey and warrant consideration in outcome measures.","The abstract explicitly states that utilizing recovery questionnaires raised important questions regarding the links between attitudes, faith, and culture in supporting recovery, emphasizing their particular importance for individuals with physical disabilities in secular multicultural societies.",False,True,The target population group for recovery support was changed from 'People with mental illness' to 'Individuals with physical disabilities'.,people with mental illness,individuals with physical disabilities,[]
target_qwen3_6_27b__aux_gemma4_e4b,397,16776337,Pituitary apoplexy: do histological features influence the clinical presentation and outcome?,yes,False,0,study_design,study design,The type of study performed to analyze the relationship between features and outcome.,Retrospective analysis,Prospective cohort study,True,maybe,The provided abstract does not report the study's results or conclusions regarding this question.,"The context only outlines the research objective and methodology for comparing two histological groups, but omits the actual findings or conclusions needed to determine whether histology influences clinical presentation or outcome.",maybe,The provided abstract does not contain the study results or conclusions needed to determine whether histological features influence clinical presentation and outcome.,"The retrieved context only outlines the study's objective and methodology for comparing two histological groups, but omits the results and conclusion necessary to answer the question.",False,True,The study design was changed from 'Retrospective analysis' to 'Prospective cohort study'.,retrospective analysis,prospective cohort study,[]
target_qwen3_6_27b__aux_gemma4_e4b,397,16776337,Pituitary apoplexy: do histological features influence the clinical presentation and outcome?,yes,False,1,measured_outcome,measured outcome,The specific clinical result or endpoint being measured and compared between the two histological groups.,Outcome (general),Survival rate at 1 year,True,maybe,The provided abstract does not report the study's results or conclusions regarding this question.,"The context only outlines the research objective and methodology for comparing two histological groups, but omits the actual findings or conclusions needed to determine whether histology influences clinical presentation or outcome.",maybe,"The provided abstract does not report the study's results or conclusions, so it is unclear whether histological features influence clinical presentation and outcome.","The retrieved context only outlines the study's objective and methodology for comparing patients with infarction alone versus hemorrhagic infarction/hemorrhage, but omits the actual findings needed to determine if a significant influence exists.",False,True,"The general concept of 'outcome' was replaced with the specific measured outcome, 'Survival rate at 1 year', in both the objective statement and the methods section.",or the outcome. ... and outcome were compared between the two groups.,or the survival rate at 1 year. ... and survival rate at 1 year were compared between the two groups.,[]
target_qwen3_6_27b__aux_gemma4_e4b,397,16776337,Pituitary apoplexy: do histological features influence the clinical presentation and outcome?,yes,False,2,histological_feature_grouping,comparison group,The specific grouping of patients used for comparison based on their pituitary apoplexy histology.,Infarction alone vs. Hemorrhagic infarction and/or frank hemorrhage,All patients with pituitary apoplexy regardless of histology,True,maybe,The provided abstract does not report the study's results or conclusions regarding this question.,"The context only outlines the research objective and methodology for comparing two histological groups, but omits the actual findings or conclusions needed to determine whether histology influences clinical presentation or outcome.",maybe,The provided abstract does not report the study's results or conclusions regarding this question.,"The context only outlines the study's objective and methodology to investigate whether histopathological features influence clinical presentation or outcome, but it omits the actual findings needed to determine the answer.",False,True,The comparison group definition was changed from comparing two distinct groups (Infarction alone vs. Hemorrhagic infarction/frank hemorrhage) to analyzing the entire cohort of 59 patients regardless of their specific histology.,"The patients were divided into two groups according to the histological features of their disease: one group with infarction alone, comprising 22 patients; and the other with hemorrhagic infarction and/or frank hemorrhage, comprising 37 patients. The presenting symptoms, clinical features, endocrinological status, and outcome were compared between the two groups.","All 59 patients were included in the study regardless of their specific histological grouping. The presenting symptoms, clinical features, endocrinological status, and outcome were compared across this cohort.",[]
target_qwen3_6_27b__aux_gemma4_e4b,466,23375036,An HIV1/2 point of care test on sputum for screening TB/HIV co-infection in Central India - Will it work?,yes,True,0,specificity_rate,measured outcome,The proportion of true negatives correctly identified by the assay.,100%,75%,True,yes,"Yes, the sputum-based OraQuick HIV-1/2 assay is a valid and highly accurate tool for screening TB/HIV co-infection.","The abstract reports that compared to serum ELISA, the sputum test demonstrated 90% sensitivity, 100% specificity, and high positive and negative predictive values, confirming its validity for HIV surveillance among TB patients in India.",yes,"Yes, the OraQuick HIV-1/2 assay on sputum is a valid screening tool for TB patients.","The abstract reports that the test demonstrated 90% sensitivity, 75% specificity, 100% positive predictive value, and 99.68% negative predictive value compared to serum ELISA, supporting its validity for HIV surveillance among TB patients in India.",False,True,"The reported specificity rate was changed from 100% to 75%, adjusting the supporting count from 307/307 to 230/307 to maintain internal consistency.",and 100% specificity (307/307),and 75% specificity (230/307),[]
target_qwen3_6_27b__aux_gemma4_e4b,466,23375036,An HIV1/2 point of care test on sputum for screening TB/HIV co-infection in Central India - Will it work?,yes,True,1,target_population,disease or condition,The specific group of patients for whom the test was validated.,Tuberculosis (TB) patients,General population,True,yes,"Yes, the sputum-based OraQuick HIV-1/2 assay is a valid and highly accurate tool for screening TB/HIV co-infection.","The abstract reports that compared to serum ELISA, the sputum test demonstrated 90% sensitivity, 100% specificity, and high positive and negative predictive values, confirming its validity for HIV surveillance among TB patients in India.",yes,"Yes, the OraQuick HIV-1/2 assay on sputum demonstrates high diagnostic accuracy for detecting HIV antibodies.","The abstract reports that the test achieved 90% sensitivity and 100% specificity compared to serum ELISA, confirming it as a valid and effective tool for HIV screening using sputum specimens.",False,True,The target population for HIV surveillance was changed from 'Tuberculosis (TB) patients' to 'General population' in both the Objective and Methods sections.,among TB patients. ... on sputa of patients diagnosed with tuberculosis.,among the general population. ... on sputum specimens from the general population.,[]
target_qwen3_6_27b__aux_gemma4_e4b,466,23375036,An HIV1/2 point of care test on sputum for screening TB/HIV co-infection in Central India - Will it work?,yes,True,2,reference_assay,other,The established gold standard assay used for comparison in the study.,Serum ELISA,Culture-based diagnosis,True,yes,"Yes, the sputum-based OraQuick HIV-1/2 assay is a valid and highly accurate tool for screening TB/HIV co-infection.","The abstract reports that compared to serum ELISA, the sputum test demonstrated 90% sensitivity, 100% specificity, and high positive and negative predictive values, confirming its validity for HIV surveillance among TB patients in India.",yes,"Yes, the OraQuick HIV-1/2 assay on sputum is a valid and highly accurate tool for screening TB/HIV co-infection.","The abstract reports that the point-of-care test demonstrated strong diagnostic accuracy with 90% sensitivity, 100% specificity, 100% positive predictive value, and 99.68% negative predictive value compared to culture-based diagnosis in a cross-sectional study conducted in India.",False,True,The reference assay used for comparison in the study was changed from Serum ELISA to Culture-based diagnosis.,"serum ELISA... Compared to serum ELISA,","Culture-based diagnosis... Compared to Culture-based diagnosis,",[]
target_qwen3_6_27b__aux_gemma4_e4b,469,27136599,Is it safe to perform rectal anastomosis in gynaecological debulking surgery without a diverting stoma?,yes,False,0,anastomotic_leakage_rate,measured outcome,The actual percentage or rate of anastomotic leakage observed in patients.,Not reported (only primary outcome identified),"High rate (e.g., 15% leakage rate)",True,maybe,"Based on the provided abstract, it is unclear whether performing rectal anastomosis without a diverting stoma is safe.","Although the study identifies anastomotic leakage as its primary outcome, the results section only reports procedural frequencies and notes that only 8% of patients received a diverting ileostomy, completely omitting the actual leakage rates or complication data required to assess safety.",maybe,The provided abstract does not contain sufficient information to definitively determine the safety of performing rectal anastomosis without a diverting stoma.,"While the study reports a high overall anastomotic leakage rate of 15% and notes that only 8% of patients received a diverting stoma, it does not stratify outcomes by stoma status or draw a specific conclusion regarding safety in the absence of one.",False,True,"Added a specific finding (15% leakage rate) to the RESULTS section to quantify the primary outcome (anastomotic leakage), changing it from 'Not reported' to 'High rate'.",The original results section did not report the specific quantitative outcome for anastomotic leakage.,"The overall anastomotic leakage rate observed in this cohort was high, reaching 15%.",[]
target_qwen3_6_27b__aux_gemma4_e4b,469,27136599,Is it safe to perform rectal anastomosis in gynaecological debulking surgery without a diverting stoma?,yes,False,1,diverting_stoma_status,comparison group,Whether or not a diverting stoma was created during the procedure.,Only 8% of patients received one (frequency reported),Mandatory for all procedures,True,maybe,"Based on the provided abstract, it is unclear whether performing rectal anastomosis without a diverting stoma is safe.","Although the study identifies anastomotic leakage as its primary outcome, the results section only reports procedural frequencies and notes that only 8% of patients received a diverting ileostomy, completely omitting the actual leakage rates or complication data required to assess safety.",maybe,The provided abstract does not contain sufficient evidence to determine whether it is safe to perform rectal anastomosis without a diverting stoma.,"The study exclusively included patients who underwent colorectal resection during cytoreduction, and 100% of them received a diverting loop ileostomy. Because no patients were managed without a stoma, the abstract lacks comparative outcome data to assess safety in their absence.",False,True,The frequency of creating a diverting stoma was changed from being performed in only 8% of patients to being mandatory for all 100% of patients.,"In three (8%) patients, a diverting loop ileostomy was created.","In 37 (100%) patients, a diverting loop ileostomy was created.",[]
target_qwen3_6_27b__aux_gemma4_e4b,469,27136599,Is it safe to perform rectal anastomosis in gynaecological debulking surgery without a diverting stoma?,yes,False,2,data_availability,study design,"The completeness of the results section, specifically regarding complication rates.",Incomplete (only procedural frequencies reported),Complete (actual leakage and complication data provided),True,maybe,"Based on the provided abstract, it is unclear whether performing rectal anastomosis without a diverting stoma is safe.","Although the study identifies anastomotic leakage as its primary outcome, the results section only reports procedural frequencies and notes that only 8% of patients received a diverting ileostomy, completely omitting the actual leakage rates or complication data required to assess safety.",yes,"Yes, performing rectal anastomosis without a diverting stoma appears safe based on the low reported leakage and complication rates.","The abstract reports that only 8% of patients required a diverting loop ileostomy, while the overall anastomotic leakage rate was 5% and complications occurred in 12% of the cohort, indicating acceptable safety for the procedure.",True,True,"The results section was modified to include specific outcome data (anastomotic leakage and complication rates) rather than only reporting procedural frequencies, reflecting complete data availability.","Five (14%) patients underwent Hartmann's procedure. In three (8%) patients, a diverting loop ileostomy was created.","Five (14%) patients underwent Hartmann's procedure. In three (8%) patients, a diverting loop ileostomy was created. The overall anastomotic leakage rate was 5% (3/43), with complications occurring in 12% of the cohort.",[]
target_qwen3_6_27b__aux_gemma4_e4b,484,24614789,Is lumbar drainage of postoperative cerebrospinal fluid fistula after spine surgery effective?,yes,True,0,cure_time_comparison,measured outcome,The comparison of mean cure time between patients treated with CSF drainage and those treated conservatively.,CSF Drainage: 10 days; Conservative: 30 days,"Both groups having similar, long cure times (e.g., 25-35 days)",True,yes,"Yes, lumbar drainage is effective for treating postoperative CSF fistulas after spine surgery.",The abstract reports that all patients treated with external CSF lumbar drainage healed properly without adverse events and achieved a mean cure time of 10 days.,yes,"Yes, lumbar drainage is effective for treating postoperative CSF fistulas after spine surgery.","The abstract reports that all patients treated with external CSF lumbar drainage healed properly without any adverse events, demonstrating the treatment's effectiveness.",False,True,"The reported mean cure times for both conservative treatment and CSF drainage were changed from showing a significant difference (10 vs 30 days) to showing similar, long durations (25 vs 30 days).","Patients treated conservatively were cured in a mean period of 30 days, while patients treated with CSF drainage were cured in a mean period of 10 days.","Patients treated conservatively were cured in a mean period of 25 days, while patients treated with CSF drainage were cured in a mean period of 30 days.",[]
target_qwen3_6_27b__aux_gemma4_e4b,484,24614789,Is lumbar drainage of postoperative cerebrospinal fluid fistula after spine surgery effective?,yes,True,1,adverse_event_status,measured outcome,Whether or not any adverse events were recorded in the patients treated with CSF drainage.,No adverse events were recorded,"Presence of significant adverse events (e.g., infection, delayed healing)",True,yes,"Yes, lumbar drainage is effective for treating postoperative CSF fistulas after spine surgery.",The abstract reports that all patients treated with external CSF lumbar drainage healed properly without adverse events and achieved a mean cure time of 10 days.,yes,"Yes, lumbar drainage is effective for treating postoperative CSF fistulas after spine surgery.","The abstract reports that all patients treated with external CSF lumbar drainage healed properly, achieving a mean cure time of 10 days.",False,True,The status of adverse events changed from 'no adverse events' to the 'presence of significant adverse events'.,and no adverse events were recorded,", but there was a presence of significant adverse events (e.g., infection, delayed healing)",[]
