run_name,sample_idx,sample_id,question,gold_label,original_answer_correct,concept_i,concept,category,description,current_value,alternative_value,mentioned_in_explanation,original_answer_label,original_answer,original_explanation,counterfactual_answer_label,counterfactual_answer,counterfactual_explanation,answer_changed,counterfactual_context_changed,change_summary,changed_span_original,changed_span_counterfactual,cf_generation_warnings
target_qwen2_5_72b__aux_gemma4_e4b,8,17113061,Do mutations causing low HDL-C promote increased carotid intima-media thickness?,no,True,0,cimt_comparison,measured outcome,The comparison of carotid intima-media thickness (cIMT) between cases (with mutations) and controls.,Nearly identical (0.66+/-0.17 cm vs 0.65+/-0.18 cm),"Significantly increased in cases (e.g., 0.80 cm)",True,no,Mutations causing low HDL-C do not promote increased carotid intima-media thickness.,"The study found that despite significantly lower HDL cholesterol levels, carotid intima-media thickness (cIMT) was nearly identical between cases with genetic mutations and controls.",yes,Mutations causing low HDL-C are associated with increased carotid intima-media thickness.,"The study found that despite significantly lower HDL cholesterol levels, cases with genetic mutations in LCAT, ABCA1, and APOA1 had a significantly increased cIMT compared to controls.",True,True,The comparison of cIMT between cases and controls was changed from 'nearly identical' to 'significantly increased in cases'.,cIMT was nearly identical between cases (0.66+/-0.17 cm) and controls (0.65+/-0.18 cm),"cIMT was significantly increased in cases (e.g., 0.80 cm) compared to controls",[]
target_qwen2_5_72b__aux_gemma4_e4b,8,17113061,Do mutations causing low HDL-C promote increased carotid intima-media thickness?,no,True,1,hdl_cholesterol_difference,measured outcome,The difference in HDL cholesterol levels between cases (with mutations) and controls.,Significantly lower in cases (0.67 vs 1.58 mmol/l),Not significantly different between cases and controls,True,no,Mutations causing low HDL-C do not promote increased carotid intima-media thickness.,"The study found that despite significantly lower HDL cholesterol levels, carotid intima-media thickness (cIMT) was nearly identical between cases with genetic mutations and controls.",no,Mutations causing low HDL-C do not promote increased carotid intima-media thickness.,"The study found that despite significantly lower HDL cholesterol levels in cases with genetic mutations, the carotid intima-media thickness (cIMT) was nearly identical between cases and controls.",False,True,"The finding regarding the difference in HDL-C between cases and controls was changed from 'significantly lower' to 'not significantly different', reflecting a null finding for the measured outcome.",despite significantly lower HDL cholesterol (0.67 vs. 1.58 mmol/l),despite HDL cholesterol levels that were not significantly different (0.67 vs. 1.58 mmol/l),[]
target_qwen2_5_72b__aux_gemma4_e4b,17,17096624,Do patterns of knowledge and attitudes exist among unvaccinated seniors?,yes,True,0,number_of_clusters,other,The number of distinct clusters identified based on immunization knowledge and attitudes.,4,1,True,yes,"Yes, patterns of knowledge and attitudes exist among unvaccinated seniors.","The study identified four distinct clusters of unvaccinated seniors based on their immunization-related knowledge and attitudes: Potentials, Fearful Uninformeds, Doubters, and Misinformeds.",,,,False,False,"COUNTERFACTUAL_GENERATION_FAILED: No JSON found in output:
```json
{
  ""counterfactual_context"": ""[OBJECTIVE] To examine patterns of knowledge and attitudes among adults aged>65 years unvaccinated for influenza.\n[METHODS] Surveyed Medicare beneficiaries in 5 areas; clustered unvaccinated seniors by their immunization related knowledge and attitudes.\n[RESULTS] Identified 1 cluster.\nMeSH terms: Aged, Aged, 80 and over, Female, Health Knowledge, Attitudes, Practice, Humans, Immunization Programs, Influenza A virus, Influenza, Human, Interviews as Topic, Male, United States"",
  ""changed_span_original"": ""Identified 4 clusters: Potentials (45%) would receive influenza vaccine to prevent disease; Fearful Uninformeds (9%) were unsure if influenza vaccine causes illness; Doubters (27%) were unsure if vaccine is efficacious; Misinformeds (19%) believed influenza vaccine causes illness. More Potentials (75%) and Misinformeds (70%) ever received influenza vaccine than did Fearful Uninformeds (18%) and Doubters (29%)."",
  ""changed_span_counterfactual"": ""Identified 1 cluster."",
  ""change_summary"": ""The number of distinct clusters identified was changed from 4 to 1. Consequently, the detailed descriptions of",,,['counterfactual generation failed']
target_qwen2_5_72b__aux_gemma4_e4b,17,17096624,Do patterns of knowledge and attitudes exist among unvaccinated seniors?,yes,True,1,unvaccinated_seniors,comparison group,The specific population group studied (adults aged >65 years unvaccinated for influenza).,Unvaccinated seniors,Vaccinated seniors,True,yes,"Yes, patterns of knowledge and attitudes exist among unvaccinated seniors.","The study identified four distinct clusters of unvaccinated seniors based on their immunization-related knowledge and attitudes: Potentials, Fearful Uninformeds, Doubters, and Misinformeds.",no,The study did not specifically examine unvaccinated seniors.,"The abstract describes a survey of Medicare beneficiaries who were vaccinated for influenza, and it clusters these vaccinated seniors based on their knowledge and attitudes. It does not provide information about the patterns of knowledge and attitudes among unvaccinated seniors.",True,True,The study population was changed from 'unvaccinated seniors' to 'vaccinated seniors' in both the Objective and Methods sections.,"unvaccinated

unvaccinated seniors","vaccinated

vaccinated seniors",[]
target_qwen2_5_72b__aux_gemma4_e4b,17,17096624,Do patterns of knowledge and attitudes exist among unvaccinated seniors?,yes,True,2,measured_variables,other,The types of factors measured to determine patterns (knowledge and attitudes).,Knowledge and attitudes,Knowledge only,True,yes,"Yes, patterns of knowledge and attitudes exist among unvaccinated seniors.","The study identified four distinct clusters of unvaccinated seniors based on their immunization-related knowledge and attitudes: Potentials, Fearful Uninformeds, Doubters, and Misinformeds.",yes,Patterns of knowledge and attitudes do exist among unvaccinated seniors.,"The study identified four distinct clusters of unvaccinated seniors based on their immunization-related knowledge: Potentials, Fearful Uninformeds, Doubters, and Misinformeds.",False,True,The measured variables were changed from 'Knowledge and attitudes' to 'Knowledge only' in the Objective and Methods sections.,"To examine patterns of knowledge and attitudes among adults aged>65 years unvaccinated for influenza.
...clustered unvaccinated seniors by their immunization related knowledge and attitudes.","To examine patterns of knowledge among adults aged>65 years unvaccinated for influenza.
...clustered unvaccinated seniors by their immunization related knowledge.",[]
target_qwen2_5_72b__aux_gemma4_e4b,29,28707539,Visceral adipose tissue area measurement at a single level: can it represent visceral adipose tissue volume?,yes,True,0,correlation_strength,statistical significance,The strength of the correlation (r value) found between VAT area changes and VAT volume changes.,Strong (r values of 0.853 and 0.902),"Weak or non-existent (e.g., r < 0.5)",True,yes,Visceral adipose tissue area measurement at a single level can represent visceral adipose tissue volume.,"The study found that the strongest correlation of VAT area with VAT volume was shown in a slice 3 cm above the lower margin of L3, indicating that a single-level measurement can effectively reflect changes in VAT volume.",maybe,Visceral adipose tissue area measurement at a single level may represent visceral adipose tissue volume.,"The study found that the strongest correlations of VAT area with VAT volume were shown in a slice 3 cm above the lower margin of L3, suggesting that a single-level measurement can reflect changes in VAT volume to some extent, but it does not definitively state that this is always the case.",True,True,The correlation strength (r values) between VAT area changes and VAT volume/body weight changes was changed from strong (0.853 and 0.902) to weak/non-existent (0.41 and 0.45).,"with r values of 0.853 and 0.902, respectively.","with r values of 0.41 and 0.45, respectively.",[]
target_qwen2_5_72b__aux_gemma4_e4b,29,28707539,Visceral adipose tissue area measurement at a single level: can it represent visceral adipose tissue volume?,yes,True,1,optimal_slice_location,other,The specific CT slice level where the strongest correlation was observed.,3 cm above the lower margin of L3,"A different anatomical location or slice level (e.g., 5 cm above L3)",True,yes,Visceral adipose tissue area measurement at a single level can represent visceral adipose tissue volume.,"The study found that the strongest correlation of VAT area with VAT volume was shown in a slice 3 cm above the lower margin of L3, indicating that a single-level measurement can effectively reflect changes in VAT volume.",yes,Visceral adipose tissue area measurement at a single level can represent visceral adipose tissue volume.,"The study found that the strongest correlation of VAT area with VAT volume was shown in a slice 5 cm above the lower margin of L3, indicating that a single-level measurement can effectively reflect changes in VAT volume.",False,True,The optimal slice location for measuring VAT area was changed from 3 cm above the lower margin of L3 to 5 cm above the lower margin of L3.,3 cm above the lower margin of L3,5 cm above the lower margin of L3,[]
target_qwen2_5_72b__aux_gemma4_e4b,29,28707539,Visceral adipose tissue area measurement at a single level: can it represent visceral adipose tissue volume?,yes,True,2,area_to_volume_correlation,measured outcome,Whether the measured change in VAT area correlates strongly with the change in VAT volume.,Strong correlation found,No significant correlation found,True,yes,Visceral adipose tissue area measurement at a single level can represent visceral adipose tissue volume.,"The study found that the strongest correlation of VAT area with VAT volume was shown in a slice 3 cm above the lower margin of L3, indicating that a single-level measurement can effectively reflect changes in VAT volume.",no,Visceral adipose tissue area measurement at a single level cannot reliably represent visceral adipose tissue volume.,"The study found that the correlations of VAT area with VAT volume and body weight changes were not significantly different across the measured slices, with r values generally below 0.3, indicating poor correlation.",True,True,The reported strong correlations (r=0.853 and r=0.902) were changed to reflect no significant correlation (r < 0.3) between VAT area and VAT volume/body weight changes.,"The strongest correlations of VAT area with VAT volume and body weight changes were shown in a slice 3 cm above the lower margin of L3 with r values of 0.853 and 0.902, respectively.","The correlations of VAT area with VAT volume and body weight changes were not significantly different across the measured slices, with r values generally below 0.3 for both VAT volume and body weight changes.",[]
target_qwen2_5_72b__aux_gemma4_e4b,32,9645785,Is a mandatory general surgery rotation necessary in the surgical clerkship?,no,True,0,score_difference,measured outcome,The comparison of scores between students who received the general surgery rotation and those who did not.,no differences in scores,significant differences in scores,True,no,A mandatory general surgery rotation is not necessary in the surgical clerkship.,"The study found no differences in scores between students who had a general surgery rotation and those who did not, indicating that equal mastery of surgical clerkship objectives can be achieved without a mandatory general surgery rotation.",maybe,The necessity of a mandatory general surgery rotation is uncertain.,"While students were assessed with and without a general surgery rotation, significant differences in scores between groups on certain parameters were identified, suggesting that the absence of general surgery may impact learning outcomes.",True,True,"The finding regarding score equality was changed from 'no differences in scores' to 'significant differences in scores,' requiring the conclusion to change from 'no specific concerns' to 'specific concerns' to maintain internal consistency.",Data for 54 students showed no differences in scores between groups on any parameter. No specific concerns related to the absence of general surgery were identified.,Data for 54 students showed significant differences in scores between groups on certain parameters. Specific concerns related to the absence of general surgery were identified.,[]
target_qwen2_5_72b__aux_gemma4_e4b,32,9645785,Is a mandatory general surgery rotation necessary in the surgical clerkship?,no,True,1,parameters_assessed,measured outcome,"The scope of the assessment, indicating that the lack of difference was found across all measured objectives.",any parameter,only written examination scores,True,no,A mandatory general surgery rotation is not necessary in the surgical clerkship.,"The study found no differences in scores between students who had a general surgery rotation and those who did not, indicating that equal mastery of surgical clerkship objectives can be achieved without a mandatory general surgery rotation.",no,A mandatory general surgery rotation is not necessary in the surgical clerkship.,"The study found no differences in scores between students who had a general surgery rotation and those who did not, suggesting that equal mastery of surgical clerkship objectives can be achieved without a mandatory general surgery rotation.",False,True,The scope of the measured outcome was narrowed from all assessed parameters to only written examination scores.,on any parameter,on only written examination scores,[]
target_qwen2_5_72b__aux_gemma4_e4b,46,19504993,It's Fournier's gangrene still dangerous?,yes,True,0,mortality_rate,measured outcome,The proportion of patients who died from Fournier's gangrene.,35.7% (5 out of 14),5% (1 out of 14),True,yes,Fournier's gangrene is still dangerous.,"The abstract indicates a high mortality rate, with 5 out of 14 patients dying despite treatment, highlighting the continued danger of Fournier's gangrene.",yes,Fournier's gangrene is still dangerous.,"The abstract indicates a high mortality rate and significant morbidity despite treatment with antibiotics and aggressive debridement, highlighting the continued danger of Fournier's gangrene.",False,True,"The reported number of deaths and survivors was changed from 5 deaths and 9 survivors to 1 death and 13 survivors, reflecting a change in the calculated mortality rate from 35.7% to 5%.","Of the 14 patients, 5 died and 9 survived. Mean age was 54 years (range from 41-61): it was 53 years in the group of survivors and 62 years in deceased group.","Of the 14 patients, 1 died and 13 survived. Mean age was 54 years (range from 41-61): it was 53 years in the group of survivors and 62 years in deceased group.",[]
target_qwen2_5_72b__aux_gemma4_e4b,46,19504993,It's Fournier's gangrene still dangerous?,yes,True,1,total_patient_count,numerical size,The total number of patients included in the retrospective review.,14,140,True,yes,Fournier's gangrene is still dangerous.,"The abstract indicates a high mortality rate, with 5 out of 14 patients dying despite treatment, highlighting the continued danger of Fournier's gangrene.",yes,Fournier's gangrene is still dangerous.,"The abstract indicates a high mortality rate of 35.7% (50 out of 140 patients) despite treatment with antibiotics and aggressive debridement, highlighting the continued danger of Fournier's gangrene.",False,True,"The total patient count was changed from 14 to 140. To maintain internal consistency, the number of deceased patients was adjusted from 5 to 50, and the number of surviving patients was adjusted from 9 to 90 (maintaining the original ratio of outcomes).","14 patients... Of the 14 patients, 5 died and 9 survived.","140 patients... Of the 140 patients, 50 died and 90 survived.",[]
target_qwen2_5_72b__aux_gemma4_e4b,46,19504993,It's Fournier's gangrene still dangerous?,yes,True,2,survival_rate,measured outcome,The proportion of patients who survived the condition.,64.3% (9 out of 14),95% (13 out of 14),True,yes,Fournier's gangrene is still dangerous.,"The abstract indicates a high mortality rate, with 5 out of 14 patients dying despite treatment, highlighting the continued danger of Fournier's gangrene.",,,,False,False,"COUNTERFACTUAL_GENERATION_FAILED: No JSON found in output:
```json
{
  ""counterfactual_context"": ""[BACKGROUND] Fournier's gangrene is known to have an impact in the morbidity and despite antibiotics and aggressive debridement, the mortality rate remains high.\n[OBJECTIVES] To assess the morbidity and mortality in the treatment of Fournier's gangrene in our experience.\n[METHODS] The medical records of 14 patients with Fournier's gangrene who presented at the University Hospital Center \""Mother Teresa\"" from January 1997 to December 2006 were reviewed retrospectively to analyze the outcome and identify the risk factor and prognostic indicators of mortality.\n[RESULTS] Of the 14 patients, 1 died and 13 survived, resulting in a survival rate of 95% (13 out of 14). Mean age was 54 years (range from 41-61): it was 53 years in the group of survivors and 62 years in deceased group. There was a significant difference in leukocyte count between patients who survived (range 4900-17000/mm) and those died (range 20.300-31000/mm3). Mean hospital stay was about 19 days (range 2-57 days)."",
  ""changed_span_original"": ""Of the 14 patients, 5 died and 9 survived."",
  ""changed_span_counterfactual"": ""Of the 14 patients, 1 died and 13 survived, resulting in a survival rate of 95% (13 out of 14)."",
  ""change_summary"": ""The overall outcome count was changed from 5 deaths and 9 survivors to 1 death and 13 survivors,",,,['counterfactual generation failed']
target_qwen2_5_72b__aux_gemma4_e4b,54,25277731,Sternal fracture in growing children : A rare and often overlooked fracture?,maybe,False,0,rarity_of_fracture,other,The perceived frequency or rarity of sternal fractures in childhood.,rare,common,True,yes,Sternal fractures are rare in children.,"The abstract states that sternal fractures in childhood are rare, and only 4 cases were treated over a 2-year period.",maybe,Sternal fractures in growing children may be rare and sometimes overlooked.,"The study recorded only 4 cases of sternal fractures in children over a 2-year period, suggesting that these injuries might be relatively uncommon. However, the abstract does not provide information on whether these fractures are often overlooked.",True,True,The perceived frequency of sternal fractures in childhood was changed from 'rare' to 'common'.,rare,common,[]
target_qwen2_5_72b__aux_gemma4_e4b,54,25277731,Sternal fracture in growing children : A rare and often overlooked fracture?,maybe,False,1,total_number_of_cases,numerical size,The total number of children with sternal fractures treated during the study period.,4,40,True,yes,Sternal fractures are rare in children.,"The abstract states that sternal fractures in childhood are rare, and only 4 cases were treated over a 2-year period.",yes,Sternal fractures are rare in children.,"The abstract states that 'sternal fractures in childhood are rare,' which directly supports the label 'yes'.",False,True,"The total number of children treated (4) was increased to 40. To maintain internal consistency, the breakdown of hospitalized (2) and outpatient (2) cases was proportionally increased to 20 each (20 + 20 = 40).","4 children aged 5-14 years with a sternal fracture were treated in 2 years, 2 children were hospitalized for pain management and 2 remained in outpatient care.","40 children aged 5-14 years with a sternal fracture were treated in 2 years, 20 children were hospitalized for pain management and 20 remained in outpatient care.",[]
target_qwen2_5_72b__aux_gemma4_e4b,54,25277731,Sternal fracture in growing children : A rare and often overlooked fracture?,maybe,False,2,study_duration,follow-up duration,The length of time the study recorded cases of sternal fractures.,2 years,20 years,True,yes,Sternal fractures are rare in children.,"The abstract states that sternal fractures in childhood are rare, and only 4 cases were treated over a 2-year period.",yes,Sternal fractures are rare in children.,"The study recorded only 4 cases of sternal fractures in children over a 20-year period, indicating that these injuries are indeed rare.",False,True,The duration over which the children were treated (study_duration) was changed from 2 years to 20 years.,2 years,20 years,[]
target_qwen2_5_72b__aux_gemma4_e4b,59,27491658,Can predilatation in transcatheter aortic valve implantation be omitted?,yes,False,0,statistical_significance_of_difference,statistical significance,Whether or not there were significant differences in outcomes between the predilatation group and the no-predilatation group.,No significant differences,"Significant differences (e.g., worse outcomes without predilatation)",True,maybe,Predilatation in transcatheter aortic valve implantation can potentially be omitted.,"The study found no significant differences in early hemodynamic results or complication rates between patients who underwent balloon predilatation and those who did not, suggesting that predilatation may not be necessary.",no,Predilatation should not be omitted.,The study found that omitting balloon predilatation in TAVI led to worse early hemodynamic results and higher complication rates.,True,True,"The statistical finding was changed from 'no significant differences' to 'significant differences,' specifically indicating that omitting predilatation led to worse outcomes.",There were no significant differences between the groups regarding early hemodynamic results or complication rates.,"There were significant differences between the groups, with the no-predilatation group showing worse outcomes regarding early hemodynamic results and higher complication rates.",[]
target_qwen2_5_72b__aux_gemma4_e4b,59,27491658,Can predilatation in transcatheter aortic valve implantation be omitted?,yes,False,1,measured_outcome,measured outcome,The specific clinical outcomes measured (hemodynamic results or complication rates).,Early hemodynamic results or complication rates,Long-term mortality or stroke rates,True,maybe,Predilatation in transcatheter aortic valve implantation can potentially be omitted.,"The study found no significant differences in early hemodynamic results or complication rates between patients who underwent balloon predilatation and those who did not, suggesting that predilatation may not be necessary.",maybe,Predilatation in transcatheter aortic valve implantation can potentially be omitted.,"The study found no significant differences in long-term mortality or stroke rates between patients who underwent balloon predilatation and those who did not, suggesting that predilatation may not be necessary.",False,True,The measured outcome was changed from early hemodynamic results or complication rates to long-term mortality or stroke rates.,early hemodynamic results or complication rates,long-term mortality or stroke rates,[]
target_qwen2_5_72b__aux_gemma4_e4b,59,27491658,Can predilatation in transcatheter aortic valve implantation be omitted?,yes,False,2,study_design,study design,The methodology used to compare the two groups (randomization).,Randomized (RCT),Observational/Retrospective,False,maybe,Predilatation in transcatheter aortic valve implantation can potentially be omitted.,"The study found no significant differences in early hemodynamic results or complication rates between patients who underwent balloon predilatation and those who did not, suggesting that predilatation may not be necessary.",maybe,Predilatation in transcatheter aortic valve implantation can potentially be omitted.,"The study found no significant differences in early hemodynamic results or complication rates between patients who received balloon predilatation and those who did not, suggesting that predilatation might be optional.",False,True,The study design was changed from a randomized controlled trial (RCT) to an observational/retrospective cohort study.,Sixty consecutive TAVI patients were randomized to the standard procedure or to a protocol where balloon predilatation was omitted.,"Sixty consecutive TAVI patients were analyzed, comparing those who received the standard procedure with those who had a protocol where balloon predilatation was omitted.",[]
target_qwen2_5_72b__aux_gemma4_e4b,71,18049437,Is there any relationship between streptococcal infection and multiple sclerosis?,yes,False,0,adnase_b_levels,measured outcome,The measured level of ADNase B in MS patients compared to controls.,Significantly higher in MS patients than controls,Similar to controls,True,maybe,There may be a relationship between streptococcal infection and multiple sclerosis.,"The study found significantly higher levels of ADNase B, an indicator of past group A streptococcal infection, in patients with MS compared to controls, suggesting a possible association.",maybe,There is no definitive relationship shown between streptococcal infection and multiple sclerosis based on the measured antibody levels.,"The study found that ADNase B and ASO levels were similar in patients with MS and healthy controls, suggesting no significant difference in past group A streptococcal infection between the two groups.",False,True,"The reported level of ADNase B in MS patients was changed from 'significantly higher than controls' to 'similar to controls', adjusting the p-value for consistency.",ADNase B levels in the patients with MS were found to be significantly higher than in the controls (p<0.001),ADNase B levels in the patients with MS were found to be similar to controls (p>0.05),[]
target_qwen2_5_72b__aux_gemma4_e4b,71,18049437,Is there any relationship between streptococcal infection and multiple sclerosis?,yes,False,1,aso_levels,measured outcome,The measured level of Antistreptolysin O (ASO) in MS patients compared to controls.,Similar in both groups,Significantly higher in MS patients than controls,False,maybe,There may be a relationship between streptococcal infection and multiple sclerosis.,"The study found significantly higher levels of ADNase B, an indicator of past group A streptococcal infection, in patients with MS compared to controls, suggesting a possible association.",yes,There is a relationship between streptococcal infection and multiple sclerosis.,"The study found significantly higher levels of antideoxyribonuclease B (ADNase B) and antistreptolysin O (ASO) in patients with relapsing-remitting MS compared to healthy controls, suggesting a relationship between past streptococcal infection and MS.",True,True,The reported ASO levels were changed from 'Similar in both groups' to 'Significantly higher in MS patients than controls'.,"however, ASO levels were similar in both groups.","however, ASO levels were significantly higher in MS patients than controls.",[]
target_qwen2_5_72b__aux_gemma4_e4b,71,18049437,Is there any relationship between streptococcal infection and multiple sclerosis?,yes,False,2,statistical_significance,statistical significance,The statistical evidence supporting the difference in ADNase B levels.,p < 0.001,p > 0.05,True,maybe,There may be a relationship between streptococcal infection and multiple sclerosis.,"The study found significantly higher levels of ADNase B, an indicator of past group A streptococcal infection, in patients with MS compared to controls, suggesting a possible association.",maybe,There is no definitive relationship shown between streptococcal infection and multiple sclerosis based on the measured antibody levels.,"The study found that ADNase B and ASO levels were similar in patients with MS and healthy controls, suggesting no significant difference in past group A streptococcal infection between the two groups.",False,True,The statistical significance of the difference in ADNase B levels between MS patients and controls was changed from highly significant (p < 0.001) to non-significant (p > 0.05). The descriptive text was minimally adjusted to reflect this lack of significant difference.,ADNase B levels in the patients with MS were found to be significantly higher than in the controls (p<0.001),ADNase B levels in the patients with MS were found to be similar to those in the controls (p>0.05),[]
target_qwen2_5_72b__aux_gemma4_e4b,86,11570976,Is it Crohn's disease?,maybe,False,0,patient_primary_diagnosis,disease or condition,The specific diagnosis given to the patient in the case presentation.,rheumatoid arthritis,Crohn's disease,True,no,"The patient has rheumatoid arthritis, not Crohn's disease.","The abstract specifically mentions that the patient was a 21-year-old female with rheumatoid arthritis who developed a severe systemic reaction to sulfasalazine. While sulfasalazine is used in both inflammatory bowel disease and rheumatological disorders, the context clearly indicates that this case pertains to rheumatoid arthritis.",yes,The patient has Crohn's disease.,The abstract specifically mentions that the severe systemic reaction to sulfasalazine developed in a 21-year-old female with Crohn's disease.,True,True,The patient's primary diagnosis was changed from rheumatoid arthritis to Crohn's disease.,rheumatoid arthritis,Crohn's disease,[]
target_qwen2_5_72b__aux_gemma4_e4b,86,11570976,Is it Crohn's disease?,maybe,False,1,enteritis_type,disease or condition,The specific type of enteritis observed in the patient.,granulomatous enteritis,ulcerative enteritis,False,no,"The patient has rheumatoid arthritis, not Crohn's disease.","The abstract specifically mentions that the patient was a 21-year-old female with rheumatoid arthritis who developed a severe systemic reaction to sulfasalazine. While sulfasalazine is used in both inflammatory bowel disease and rheumatological disorders, the context clearly indicates that this case pertains to rheumatoid arthritis.",no,"The patient has rheumatoid arthritis, not Crohn's disease.","The abstract specifically mentions that the patient had rheumatoid arthritis and was being treated with sulfasalazine for this condition. While sulfasalazine is also used in inflammatory bowel diseases like Crohn’s disease, there is no mention of Crohn’s disease in this case.",False,True,The specific type of enteritis observed in the patient was changed from granulomatous enteritis to ulcerative enteritis.,granulomatous enteritis,ulcerative enteritis,[]
target_qwen2_5_72b__aux_gemma4_e4b,95,23076787,Can increases in the cigarette tax rate be linked to cigarette retail prices?,no,True,0,tax_increase_year,numerical size,The specific year of the excise tax increase mentioned in the context.,2009,2015,True,no,The 2009 excise tax increase did not lead to higher retail prices for cigarettes.,"According to the abstract, the Chinese State Tobacco Monopoly Administration used its policy authority to ensure that retail cigarette prices did not change despite the 2009 excise tax increase.",maybe,The link between cigarette tax increases and retail prices is not straightforward.,"According to the abstract, the 2015 excise tax increase did not result in higher retail prices due to the Chinese STMA's intervention, suggesting that while tax increases can potentially affect retail prices, they do not necessarily do so when regulated by authorities.",True,True,The year of the excise tax increase was changed from 2009 to 2015.,2009 excise tax increase,2015 excise tax increase,[]
target_qwen2_5_72b__aux_gemma4_e4b,95,23076787,Can increases in the cigarette tax rate be linked to cigarette retail prices?,no,True,1,retail_price_change,measured outcome,Whether the retail price of cigarettes increased following the tax increase.,no increase,increase,True,no,The 2009 excise tax increase did not lead to higher retail prices for cigarettes.,"According to the abstract, the Chinese State Tobacco Monopoly Administration used its policy authority to ensure that retail cigarette prices did not change despite the 2009 excise tax increase.",yes,Increases in the cigarette tax rate can be linked to higher retail prices.,"The 2009 excise tax increase on cigarettes in China resulted in higher retail prices for consumers, as stated in the abstract.",True,True,"The abstract was changed to reflect that the 2009 excise tax increase did result in higher retail prices, reversing the original claim that the STMA prevented any price change.",The 2009 excise tax increase on cigarettes in China has not translated into higher retail prices because the Chinese STMA used its policy authority to ensure that retail cigarette prices did not change. [...] with no increase in the retail price of cigarettes for consumers.,The 2009 excise tax increase on cigarettes in China has translated into higher retail prices. [...] with an increase in the retail price of cigarettes for consumers.,[]
target_qwen2_5_72b__aux_gemma4_e4b,95,23076787,Can increases in the cigarette tax rate be linked to cigarette retail prices?,no,True,2,stma_policy_authority,other,The use of the Chinese State Tobacco Monopoly Administration's policy authority to control pricing.,used its policy authority,did not use its policy authority,True,no,The 2009 excise tax increase did not lead to higher retail prices for cigarettes.,"According to the abstract, the Chinese State Tobacco Monopoly Administration used its policy authority to ensure that retail cigarette prices did not change despite the 2009 excise tax increase.",no,The 2009 excise tax increase on cigarettes in China did not result in higher retail prices.,"According to the study, despite the government's tax increase, the Chinese State Tobacco Monopoly Administration (STMA) did not use its policy authority to ensure that retail cigarette prices changed, leading to no increase in the retail price of cigarettes for consumers.",False,True,"The description of the Chinese STMA's role in maintaining stable retail prices after the 2009 tax increase was changed from 'used its policy authority' to 'did not use its policy authority', requiring a minimal structural edit ('because' to 'suggesting that') to maintain internal consistency.",used its policy authority,did not use its policy authority,[]
target_qwen2_5_72b__aux_gemma4_e4b,118,19106867,"The Main Gate Syndrome: a new format in mass-casualty victim ""surge"" management?",yes,False,0,main_gate_syndrome_mention,other,"Whether the specific syndrome, 'Main Gate Syndrome,' is mentioned or introduced in the context.",Not mentioned,Mentioned/Introduced,True,no,The Main Gate Syndrome is not mentioned as a new format in mass-casualty victim 'surge' management.,The abstract describes the experience of a French-German Military Trauma Group in managing casualties from suicide bombings but does not mention or introduce the concept of 'Main Gate Syndrome.',maybe,The Main Gate Syndrome may represent a new format in mass-casualty victim 'surge' management.,"The abstract mentions the novel problem of managing the massive simultaneous arrival of many gravely wounded patients due to recent suicide bombings, which could be indicative of a new approach or challenge in surge management, but it does not explicitly define this as a new format.",True,True,The Introduction was modified to introduce 'Main Gate Syndrome' as the specific focus of the novel problem faced by Trauma Centers.,Recent suicide bombings pose the novel problem for Trauma Centers of the massive simultaneous arrival of many gravely wounded patients.,"Recent suicide bombings pose the novel problem for Trauma Centers, particularly regarding the management of Main Gate Syndrome, due to the massive simultaneous arrival of many gravely wounded patients.",[]
target_qwen2_5_72b__aux_gemma4_e4b,124,18540901,Transient tachypnea of the newborn (TTN): a role for polymorphisms in the beta-adrenergic receptor (ADRB) encoding genes?,yes,True,0,beta1gly49_homozygote_risk,measured outcome,The increased risk of TTN associated with being homozygous for the beta1Gly49 polymorphism.,OR 18.5; p = 0.023,OR < 1 or p > 0.05,True,yes,The study found a significant association between polymorphisms in the ADRB2 gene and TTN.,The results of the multivariate analysis showed that beta1Gly49 homozygotes had a higher risk for TTN (OR 18.5; 95%CI 1.5-229; p = 0.023) and there was a significant association of the TACC haplotype in the ADRB2 gene with TTN (p = 0.048).,yes,"The ADRB2 gene polymorphisms, particularly the TACC haplotype, are associated with TTN.","The study found a significant association of the T-47C, A46G, C79G and C491T (TACC) haplotype in the ADRB2 gene with transient tachypnea of the newborn (TTN).",False,True,"The reported association between beta1Gly49 homozygosity and TTN risk was changed from a significant, high-risk finding (OR 18.5; p = 0.023) to a non-significant, protective finding (OR 0.8; p = 0.15). The descriptive text 'higher risk' was minimally adjusted to 'lower risk' to maintain internal consistency with the new OR value.",Multivariate analysis provided beta1Gly49 homozygotes with higher risk for TTN (OR 18.5; 95%CI 1.5-229; p = 0.023) than beta1Ser49 allele carrier.,Multivariate analysis provided beta1Gly49 homozygotes with lower risk for TTN (OR 0.8; 95%CI 0.3-2.2; p = 0.15) than beta1Ser49 allele carrier.,[]
target_qwen2_5_72b__aux_gemma4_e4b,124,18540901,Transient tachypnea of the newborn (TTN): a role for polymorphisms in the beta-adrenergic receptor (ADRB) encoding genes?,yes,True,1,tacc_haplotype_association,statistical significance,"The significant association of the T-47C, A46G, C79G and C491T (TACC) haplotype in the ADRB2 gene with TTN.",p = 0.048,p > 0.05,True,yes,The study found a significant association between polymorphisms in the ADRB2 gene and TTN.,The results of the multivariate analysis showed that beta1Gly49 homozygotes had a higher risk for TTN (OR 18.5; 95%CI 1.5-229; p = 0.023) and there was a significant association of the TACC haplotype in the ADRB2 gene with TTN (p = 0.048).,yes,The beta1Ser49Gly polymorphism is associated with a higher risk for TTN.,The multivariate analysis provided evidence that beta1Gly49 homozygotes have a significantly higher risk for TTN (OR 18.5; 95%CI 1.5-229; p = 0.023) compared to beta1Ser49 allele carriers.,False,True,"The statistical significance of the TACC haplotype association was changed from p = 0.048 to p > 0.05, requiring the modification of the descriptive phrase 'significant association' to 'no significant association'.","Further analysis showed significant association of T-47C, A46G, C79G and C491T (TACC) haplotype in ADRB2 gene with TTN (p = 0.048).","Further analysis showed no significant association of T-47C, A46G, C79G and C491T (TACC) haplotype in ADRB2 gene with TTN (p > 0.05).",[]
target_qwen2_5_72b__aux_gemma4_e4b,124,18540901,Transient tachypnea of the newborn (TTN): a role for polymorphisms in the beta-adrenergic receptor (ADRB) encoding genes?,yes,True,2,control_cohort_status,comparison group,The ethnic background of the healthy control group.,Caucasian cohort,African American cohort,False,yes,The study found a significant association between polymorphisms in the ADRB2 gene and TTN.,The results of the multivariate analysis showed that beta1Gly49 homozygotes had a higher risk for TTN (OR 18.5; 95%CI 1.5-229; p = 0.023) and there was a significant association of the TACC haplotype in the ADRB2 gene with TTN (p = 0.048).,yes,The study found a significant association between polymorphisms in the ADRB2 gene and TTN.,"The results of the multivariate analysis showed that beta1Gly49 homozygotes had a higher risk for TTN (OR 18.5; 95%CI 1.5-229; p = 0.023), and further analysis revealed a significant association of the TACC haplotype in the ADRB2 gene with TTN (p = 0.048).",False,True,The ethnic background of the healthy control group was changed from Caucasian to African American.,Caucasian cohort,African American cohort,[]
target_qwen2_5_72b__aux_gemma4_e4b,135,12836106,Does the leukocyte count correlate with the severity of injury?,yes,True,0,wbc_iss_correlation,measured outcome,The correlation found between white blood cell count and Injury Severity Score.,Positive correlation,Negative correlation,True,yes,The leukocyte count correlates with the severity of injury.,"The study found a positive correlation between white blood cell (WBC) count and Injury Severity Score (ISS), indicating that higher WBC counts are associated with more severe injuries.",no,The leukocyte count does not correlate with the severity of injury.,"According to the study, WBC was correlated negatively with ISS (which indicates more severe injuries), suggesting that higher WBC counts are associated with less severe injuries.",True,True,The correlation between WBC and ISS was changed from positive to negative.,correlated positively with ISS,correlated negatively with ISS,[]
target_qwen2_5_72b__aux_gemma4_e4b,135,12836106,Does the leukocyte count correlate with the severity of injury?,yes,True,1,wbc_gcs_rts_correlation,measured outcome,The correlation found between white blood cell count and Glasgow Coma Score/Revised Trauma Score.,Negative correlation,No correlation,False,yes,The leukocyte count correlates with the severity of injury.,"The study found a positive correlation between white blood cell (WBC) count and Injury Severity Score (ISS), indicating that higher WBC counts are associated with more severe injuries.",yes,The leukocyte count correlates with the severity of injury.,"The study found a positive correlation between white blood cell (WBC) count and Injury Severity Score (ISS), indicating that higher WBC counts are associated with more severe injuries.",False,True,The correlation between WBC count and GCS/RTS was changed from 'Negative correlation' to 'No correlation'.,but negatively with GCS and RTS.,but showed no correlation with GCS and RTS.,[]
target_qwen2_5_72b__aux_gemma4_e4b,135,12836106,Does the leukocyte count correlate with the severity of injury?,yes,True,2,trauma_type,other,The type of trauma patients studied.,Blunt trauma,Penetrating trauma,False,yes,The leukocyte count correlates with the severity of injury.,"The study found a positive correlation between white blood cell (WBC) count and Injury Severity Score (ISS), indicating that higher WBC counts are associated with more severe injuries.",yes,The leukocyte count correlates with the severity of injury.,"The study found a positive correlation between white blood cell (WBC) count and Injury Severity Score (ISS), indicating that higher WBC counts are associated with more severe injuries.",False,True,The type of trauma studied was changed from 'Blunt trauma' to 'Penetrating trauma' throughout the background and methods sections.,blunt trauma,penetrating trauma,[]
target_qwen2_5_72b__aux_gemma4_e4b,141,22497340,Is horizontal semicircular canal ocular reflex influenced by otolith organs input?,yes,True,0,symmetry_of_eye_movements,measured outcome,Whether the eye movements and nystagmus are symmetric across different head positions.,"Not symmetric (in supine/prone, and left-ear-down/right-ear-down).",Symmetric.,True,yes,The horizontal semicircular canal ocular reflex is influenced by otolith organs input.,"The study found that eye movements and nystagmus were not symmetric across different head positions, indicating that the axis of eyeball rotation was affected by the direction of gravity exerted on the head, which suggests an influence from the otolith organs.",no,The horizontal semicircular canal ocular reflex is not influenced by otolith organs input.,"The study found that eye movements and nystagmus were symmetric across different head positions, indicating that the axis of eyeball rotation was not affected by changes in gravity direction exerted on the head.",True,True,"The results section was modified to state that eye movements and nystagmus were symmetric across all tested positions, and consequently, the interpretation was changed to indicate that the axis of eyeball rotation was NOT affected by the shift of gravity.",Eye movements in the supine position and the prone position were not in a symmetric fashion. Nystagmus in the left-ear-down position and the right-ear-down position were not symmetric either. These phenomena indicate that the axis of the eyeball rotation was affected by the shift of the direction of gravity exerted on the head.,Eye movements in the supine position and the prone position were symmetric. Nystagmus in the left-ear-down position and the right-ear-down position were symmetric either. These phenomena indicate that the axis of the eyeball rotation was not affected by the shift of the direction of gravity exerted on the head.,[]
target_qwen2_5_72b__aux_gemma4_e4b,141,22497340,Is horizontal semicircular canal ocular reflex influenced by otolith organs input?,yes,True,1,primary_influence_source,comparison group,The source of the observed influence on the axis of eyeball rotation.,Otolith organs input (suggested by the findings).,Semicircular canals input (or purely gravitational input).,True,yes,The horizontal semicircular canal ocular reflex is influenced by otolith organs input.,"The study found that eye movements and nystagmus were not symmetric across different head positions, indicating that the axis of eyeball rotation was affected by the direction of gravity exerted on the head, which suggests an influence from the otolith organs.",yes,The horizontal semicircular canal ocular reflex is influenced by otolith organs input.,"The study found that eye movements were not symmetric across different positions, indicating that the axis of eyeball rotation was affected by changes in gravity direction, which suggests involvement of the otolith organs.",False,True,The interpretation of the observed nystagmus was changed from suggesting that the findings point to otolith organ influence to suggesting that the findings point to semicircular canals or purely gravitational input.,These phenomena indicate that the axis of the eyeball rotation was affected by the shift of the direction of gravity exerted on the head.,"These phenomena indicate that the axis of the eyeball rotation was affected by the shift of the direction of gravity, suggesting involvement of the semicircular canals.",[]
target_qwen2_5_72b__aux_gemma4_e4b,141,22497340,Is horizontal semicircular canal ocular reflex influenced by otolith organs input?,yes,True,2,direction_of_gravity_shift,other,The effect of changing the direction of gravity on the head.,The shift of the direction of gravity exerted on the head.,The effect is independent of the direction of gravity.,True,yes,The horizontal semicircular canal ocular reflex is influenced by otolith organs input.,"The study found that eye movements and nystagmus were not symmetric across different head positions, indicating that the axis of eyeball rotation was affected by the direction of gravity exerted on the head, which suggests an influence from the otolith organs.",yes,The horizontal semicircular canal ocular reflex is influenced by otolith organs input.,"The study found that eye movements and nystagmus were not symmetric across different positions, indicating that the axis of eyeball rotation is independent of gravity, which suggests an influence from the otolith organs.",False,True,The conclusion regarding the influence of gravity direction was changed from stating that the axis of rotation was 'affected by the shift of the direction of gravity' to stating that the axis of rotation was 'independent of the direction of gravity'.,affected by the shift of the direction of gravity exerted on the head.,independent of the direction of gravity.,[]
target_qwen2_5_72b__aux_gemma4_e4b,143,8566975,Serovar specific immunity to Neisseria gonorrhoeae: does it exist?,no,True,0,statistical_significance,statistical significance,Whether the observed difference in serovar prevalence between repeat and non-repeat infections is statistically significant.,No significant difference was seen,A significant difference was seen,True,no,"No, serovar specific immunity to Neisseria gonorrhoeae does not exist.","The study found no significant difference in the prevalence of serovars isolated following a repeat infection compared with those without repeat infections, suggesting that there is no serovar-specific protection from reinfection.",maybe,"The study suggests that there may be some serovar-specific protection, but it is limited.","A significant difference was seen in the prevalence of serovars isolated following a repeat infection compared with those without repeat infections, indicating some level of serovar-specific immunity, though not complete protection.",True,True,The finding regarding the statistical significance of serovar prevalence differences between repeat and non-repeat infections was changed from 'No significant difference was seen' to 'A significant difference was seen'.,No significant difference was seen,A significant difference was seen,[]
target_qwen2_5_72b__aux_gemma4_e4b,143,8566975,Serovar specific immunity to Neisseria gonorrhoeae: does it exist?,no,True,1,comparison_group,comparison group,The comparison made between serovars isolated following repeat infections versus those without repeat infections.,Repeat infections vs. non-repeat infections,Repeat infections vs. a healthy control group,True,no,"No, serovar specific immunity to Neisseria gonorrhoeae does not exist.","The study found no significant difference in the prevalence of serovars isolated following a repeat infection compared with those without repeat infections, suggesting that there is no serovar-specific protection from reinfection.",no,No significant serovar specific immunity to Neisseria gonorrhoeae was observed.,"The study found no significant difference in the prevalence of serovars isolated following a repeat infection compared with those isolated in a healthy control group, suggesting that host immune response does not provide limited serovar specific protection from reinfection.",False,True,The comparison group in the results section was changed from non-repeat infections to a healthy control group.,compared with those without repeat infections,compared with those isolated in a healthy control group,[]
target_qwen2_5_72b__aux_gemma4_e4b,143,8566975,Serovar specific immunity to Neisseria gonorrhoeae: does it exist?,no,True,2,measured_outcome,measured outcome,"The specific measure used to assess protection, which is the prevalence of serovars.",Prevalence of serovars,Antibody titer levels,True,no,"No, serovar specific immunity to Neisseria gonorrhoeae does not exist.","The study found no significant difference in the prevalence of serovars isolated following a repeat infection compared with those without repeat infections, suggesting that there is no serovar-specific protection from reinfection.",no,"No, serovar specific immunity to Neisseria gonorrhoeae does not exist.","The study found no significant difference in antibody titer levels following a repeat infection compared with those without repeat infections, suggesting that the host immune response does not provide limited serovar specific protection from reinfection.",False,True,The measured outcome used to assess protection was changed from 'Prevalence of serovars' to 'Antibody titer levels' in the results section.,No significant difference was seen in the prevalence of serovars isolated following a repeat infection compared with those without repeat infections.,No significant difference was seen in the antibody titer levels following a repeat infection compared with those without repeat infections.,[]
target_qwen2_5_72b__aux_gemma4_e4b,157,18243752,Should chest wall irradiation be included after mastectomy and negative node breast cancer?,maybe,True,0,recurrence_site,measured outcome,The anatomical location where local recurrence was observed.,operative scare and chest wall,operative scare only,True,maybe,Chest wall irradiation may be considered after mastectomy and negative node breast cancer.,"The study found local recurrence at the chest wall, suggesting that chest wall irradiation could potentially reduce this risk, although factors like age and tumor size were not statistically significant in predicting local failure.",maybe,"Chest wall irradiation may be considered after mastectomy and negative node breast cancer, depending on patient factors.","The study found a local recurrence rate of 5%, with recurrences occurring at the operative scar only. Factors such as age ≤ 40 years and tumor size > 20mm were associated with increased risk of local failure, though not statistically significant, suggesting that chest wall irradiation might be beneficial in certain patient subgroups.",False,True,The anatomical location of local recurrence was changed from 'operative scare and chest wall' to 'operative scare only'.,Recurrence sites were the operative scare and chest wall.,Recurrence sites were the operative scare only.,[]
target_qwen2_5_72b__aux_gemma4_e4b,157,18243752,Should chest wall irradiation be included after mastectomy and negative node breast cancer?,maybe,True,1,statistical_significance,statistical significance,Whether the identified risk factors (age and tumor size) for local failure were statistically significant.,without statistical significance,with statistical significance,True,maybe,Chest wall irradiation may be considered after mastectomy and negative node breast cancer.,"The study found local recurrence at the chest wall, suggesting that chest wall irradiation could potentially reduce this risk, although factors like age and tumor size were not statistically significant in predicting local failure.",maybe,Chest wall irradiation may be considered after mastectomy and negative node breast cancer.,"The study found local recurrence at the chest wall, suggesting that chest wall irradiation could potentially reduce this risk, especially in patients with risk factors such as age ≤ 40 years and tumor size > 20mm.",False,True,The statistical significance of the identified risk factors (age and tumor size) for local failure was changed from 'without statistical significance' to 'with statistical significance'.,without statistical significance,with statistical significance,[]
target_qwen2_5_72b__aux_gemma4_e4b,186,22211919,"Actinobaculum schaalii, a cause of urinary tract infections in children?",maybe,False,0,uti_status,disease or condition,Whether the children presenting with A. schaalii also had a confirmed urinary tract infection.,Present (in two children),Absent (or asymptomatic),True,yes,Actinobaculum schaalii can be a cause of urinary tract infections in children.,"The abstract indicates that A. schaalii was found in two children with urinary tract infection and large numbers of leucocytes in the urine, suggesting its role as a causative agent.",yes,Actinobaculum schaalii can be a cause of urinary tract infections in children.,"The abstract indicates that A. schaalii was detected in urine samples from children, including two asymptomatic children with normal urine findings, suggesting its presence in the urinary tract.",False,True,The status of urinary tract infection (UTI) for the two children found with high bacterial loads was changed from 'Present' to 'Absent/Asymptomatic'. The description of the urine was minimally adjusted to maintain internal consistency with the absence of infection.,in two children with a urinary tract infection and large numbers of leucocytes in the urine,in two asymptomatic children with normal urine findings,[]
target_qwen2_5_72b__aux_gemma4_e4b,186,22211919,"Actinobaculum schaalii, a cause of urinary tract infections in children?",maybe,False,1,bacterial_load,measured outcome,The concentration of A. schaalii found in the urine samples.,High (≥ 10(6) CFU/mL),"Low (e.g., ≥ 10(2) CFU/mL)",True,yes,Actinobaculum schaalii can be a cause of urinary tract infections in children.,"The abstract indicates that A. schaalii was found in two children with urinary tract infection and large numbers of leucocytes in the urine, suggesting its role as a causative agent.",yes,Actinobaculum schaalii can be a cause of urinary tract infections in children.,"The abstract mentions that A. schaalii was found in two children with a urinary tract infection and large numbers of leucocytes in the urine, indicating its role as a potential causative agent.",False,True,"The reported bacterial load (A. schaalii concentration) in the positive cases was changed from high (≥ 10⁶ CFU/mL) to low (e.g., ≥ 10² CFU/mL).",≥ 10(6) CFU/mL,"e.g., ≥ 10(2) CFU/mL",[]
target_qwen2_5_72b__aux_gemma4_e4b,192,17444776,Is the holmium:YAG laser the best intracorporeal lithotripter for the ureter?,yes,False,0,comparison_group,comparison group,Whether the study compared the holmium:YAG laser to other types of intracorporeal lithotripters.,None (Single-arm study),"Comparison to other lasers (e.g., pneumatic lithotripsy)",True,maybe,The holmium:YAG laser lithotripsy shows high success rates but may not be definitively labeled as the best without comparative data.,"The study reports a high success rate (92.7% at the time of ureteroscopy and 96.7% at 3 months) for holmium:YAG laser lithotripsy in treating ureteral stones, but it does not provide comparative data with other intracorporeal lithotripters to determine if it is the best.",maybe,The holmium:YAG laser lithotripsy is effective but the abstract does not provide a direct comparison to other lithotripters.,"The success rate for both procedures combined was high (92.7% at the time of ureteroscopy and 96.7% at 3 months), but the abstract does not specify which method (holmium:YAG laser or pneumatic lithotripsy) performed better, nor does it compare these methods to other intracorporeal lithotripters.",False,True,The study design was changed from a single-arm study (holmium:YAG only) to a comparative study (holmium:YAG vs. pneumatic lithotripsy) by modifying the stated purpose and the methods section.,[PURPOSE] To study the efficiency and safety of holmium:YAG laser lithotripsy for ureteral stones. [PATIENTS AND METHODS] A series of 188 patients with 208 ureteral stones were treated with semirigid ureteroscopy and holmium:YAG laser lithotripsy from January 2003 to December 2005.,[PURPOSE] To compare the efficiency and safety of holmium:YAG laser lithotripsy versus pneumatic lithotripsy for ureteral stones. [PATIENTS AND METHODS] A series of 188 patients with 208 ureteral stones were treated with semirigid ureteroscopy and received either holmium:YAG laser lithotripsy or pneumatic lithotripsy from January 2003 to December 2005.,[]
target_qwen2_5_72b__aux_gemma4_e4b,192,17444776,Is the holmium:YAG laser the best intracorporeal lithotripter for the ureter?,yes,False,1,success_rate,measured outcome,The reported success rate of the lithotripsy procedure.,96.7% (at 3 months),60%,True,maybe,The holmium:YAG laser lithotripsy shows high success rates but may not be definitively labeled as the best without comparative data.,"The study reports a high success rate (92.7% at the time of ureteroscopy and 96.7% at 3 months) for holmium:YAG laser lithotripsy in treating ureteral stones, but it does not provide comparative data with other intracorporeal lithotripters to determine if it is the best.",maybe,The holmium:YAG laser lithotripsy has a high success rate but is not definitively stated as the best.,"The study reports a success rate of 92.7% at the time of ureteroscopy, which indicates effectiveness, but does not compare it to other methods to determine if it is the best.",False,True,The reported success rate at 3 months was changed from 96.7% to 60%. The failure rate was adjusted from 3.3% to 40% to maintain internal consistency (100% - 60%).,96.7% at 3 months. The failures were secondary to retropulsion of the stones (3.3%).,60% at 3 months. The failures were secondary to retropulsion of the stones (40%).,[]
target_qwen2_5_72b__aux_gemma4_e4b,192,17444776,Is the holmium:YAG laser the best intracorporeal lithotripter for the ureter?,yes,False,2,study_design,study design,"The type of study conducted (single-arm, retrospective).","Single-arm, retrospective study",Randomized controlled trial comparing multiple devices,True,maybe,The holmium:YAG laser lithotripsy shows high success rates but may not be definitively labeled as the best without comparative data.,"The study reports a high success rate (92.7% at the time of ureteroscopy and 96.7% at 3 months) for holmium:YAG laser lithotripsy in treating ureteral stones, but it does not provide comparative data with other intracorporeal lithotripters to determine if it is the best.",maybe,"The holmium:YAG laser lithotripsy showed high success rates, but the study compared multiple devices and did not conclusively determine it as the best.","The abstract indicates a high success rate (92.7% at ureteroscopy and 96.7% at 3 months) for holmium:YAG laser lithotripsy, but since the study compared multiple devices, it does not explicitly state that this method is the best among all.",False,True,"The study design was changed from a single-arm, retrospective study to a randomized controlled trial comparing multiple devices. The descriptive text in [PATIENTS AND METHODS] and the corresponding MeSH term were updated to reflect this change.","A series of 188 patients with 208 ureteral stones were treated with semirigid ureteroscopy and holmium:YAG laser lithotripsy from January 2003 to December 2005. ... MeSH terms: ... Retrospective Studies, ...","Patients were enrolled in a randomized controlled trial comparing multiple devices. They had 208 ureteral stones and underwent semirigid ureteroscopy and various lithotripsy methods. ... MeSH terms: ... Randomized Controlled Trial, ...",[]
target_qwen2_5_72b__aux_gemma4_e4b,197,2224269,Should general practitioners call patients by their first names?,yes,True,0,acceptability_of_first_name_use,measured outcome,The general attitude of patients regarding being addressed by their first name by the doctor.,High (Most patients liked or did not mind),Low (A majority of patients disliked it),True,yes,General practitioners should call patients by their first names.,"The study found that most patients either liked or did not mind being called by their first names, indicating a general acceptability of this practice.",no,General practitioners should not call patients by their first names.,"The majority of patients, especially those aged over 65, disliked being called by their first names according to the study.",True,True,"The results section was changed to reflect low acceptability of first name use, reversing the original finding that most patients liked or did not mind being called by their first names. The numbers were adjusted to show a majority dislike (250 dislikes vs. 100 favorable responses).","Most of the patients either liked (223) or did not mind (175) being called by their first names. Only 77 disliked it, most of whom were aged over 65. Most patients (324) did not, however, want to call the doctor by his or her first name.","A majority of patients disliked being called by their first names. Only 100 liked it or did not mind it, while 250 disliked it, most of whom were aged over 65. Most patients (324) did not, however, want to call the doctor by his or her first name.",[]
target_qwen2_5_72b__aux_gemma4_e4b,197,2224269,Should general practitioners call patients by their first names?,yes,True,1,proportion_disliking_first_name_use,numerical size,The percentage or number of patients who actively disliked being called by their first name.,Low (77 disliked it),"High (e.g., 200 disliked it)",True,yes,General practitioners should call patients by their first names.,"The study found that most patients either liked or did not mind being called by their first names, indicating a general acceptability of this practice.",maybe,"General practitioners may call patients by their first names, but this depends on patient preference.","The study shows that while many patients either liked or did not mind being called by their first names, a significant number (200) disliked it, particularly those aged over 65. Therefore, the decision should be based on individual patient preferences.",True,True,"The number of patients who disliked being called by their first name was increased from 77 to 200. To maintain internal consistency with the total patient count (475), the 'liked' count was reduced from 223 to 100 (223 - 123 = 100; 100 + 175 + 200 = 475).","Most of the patients either liked (223) or did not mind (175) being called by their first names. Only 77 disliked it, most of whom were aged over 65.","Most of the patients either liked (100) or did not mind (175) being called by their first names. Only 200 disliked it, most of whom were aged over 65.",[]
target_qwen2_5_72b__aux_gemma4_e4b,215,21214884,Can 'high-risk' human papillomaviruses (HPVs) be detected in human breast milk?,no,True,0,high_risk_hpv_types,disease or condition,The specific types of high-risk HPV tested for detection.,"16, 18, 31, 33, 35, 39, 45, 51, 52, 56, 58 or 58",HPV 6 (a low-risk type),True,no,No 'high-risk' human papillomaviruses (HPVs) were detected in human breast milk.,The study evaluated the presence of HPV infection in human breast milk from both HPV-positive and HPV-negative mothers and found no 'high-risk' HPV DNA in any of the 32 studied specimens.,no,No 'high-risk' HPV DNA was detected in human breast milk.,The study evaluated the presence of HPV infection in human breast milk from both HPV-positive and HPV-negative mothers and found no 'high-risk' HPV 6 (a low-risk type) DNA in any of the specimens.,False,True,"The specific list of high-risk HPV types tested for detection was replaced with the alternative low-risk type, HPV 6 (a low-risk type).","16, 18, 31, 33, 35, 39, 45, 51, 52, 56, 58 or 58",HPV 6 (a low-risk type),[]
target_qwen2_5_72b__aux_gemma4_e4b,215,21214884,Can 'high-risk' human papillomaviruses (HPVs) be detected in human breast milk?,no,True,1,sample_source,other,The biological fluid from which the HPV was tested.,human breast milk,Human blood,True,no,No 'high-risk' human papillomaviruses (HPVs) were detected in human breast milk.,The study evaluated the presence of HPV infection in human breast milk from both HPV-positive and HPV-negative mothers and found no 'high-risk' HPV DNA in any of the 32 studied specimens.,no,"No 'high-risk' HPVs were detected in human blood, and the study did not mention breast milk.",The abstract only reports on the absence of 'high-risk' HPV DNA in maternal blood samples and does not provide any information about the presence or absence of these viruses in breast milk.,False,True,"The sample source was changed from 'human breast milk' to 'Human blood' in the methods section, and 'human milk specimens' was changed to 'blood specimens' in the results section.",human breast milk... human milk specimens,Human blood... blood specimens,[]
target_qwen2_5_72b__aux_gemma4_e4b,215,21214884,Can 'high-risk' human papillomaviruses (HPVs) be detected in human breast milk?,no,True,2,detection_result,measured outcome,The overall finding regarding the presence of high-risk HPV DNA.,no detection,detection of high-risk HPV,True,no,No 'high-risk' human papillomaviruses (HPVs) were detected in human breast milk.,The study evaluated the presence of HPV infection in human breast milk from both HPV-positive and HPV-negative mothers and found no 'high-risk' HPV DNA in any of the 32 studied specimens.,yes,High-risk HPVs can be detected in human breast milk.,"The study found that 'high-risk' HPV DNA was detected in human milk specimens collected from mothers, indicating the presence of these viruses in breast milk.",True,True,The detection result was changed from 'no detection' to 'detection of high-risk HPV' by removing the negation ('no') and confirming the presence of the listed high-risk HPV types.,"no 'high-risk' HPV 16, 18, 31, 33, 35, 39, 45, 51, 52, 56, 58 or 58 DNA was detected.","'high-risk' HPV 16, 18, 31, 33, 35, 39, 45, 51, 52, 56, 58 or 58 DNA was detected.",[]
target_llama3_1_70b__aux_gemma4_e4b,8,17113061,Do mutations causing low HDL-C promote increased carotid intima-media thickness?,no,True,0,cimt_difference,measured outcome,The difference in carotid intima-media thickness (cIMT) between the case group (mutations) and the control group.,Nearly identical (0.66+/-0.17 cm vs 0.65+/-0.18 cm),"Significantly higher in cases (e.g., 0.80 cm vs 0.65 cm)",True,no,Mutations causing low HDL-C do not promote increased carotid intima-media thickness.,"The study found that cIMT was nearly identical between cases with genetic mutations causing low HDL cholesterol and controls, despite significantly lower HDL cholesterol levels.",yes,Mutations causing low HDL-C are associated with increased carotid intima-media thickness.,The study found that cases with genetic mutations resulting in low HDL cholesterol had significantly higher cIMT measurements compared to controls.,True,True,The reported difference in cIMT between cases and controls was changed from being nearly identical to being significantly higher in the case group.,cIMT was nearly identical between cases (0.66+/-0.17 cm) and controls (0.65+/-0.18 cm),"cIMT was significantly higher in cases (e.g., 0.80 cm vs. 0.65 cm)",[]
target_llama3_1_70b__aux_gemma4_e4b,8,17113061,Do mutations causing low HDL-C promote increased carotid intima-media thickness?,no,True,1,hdl_difference,measured outcome,The difference in HDL cholesterol levels between the case group (mutations) and the control group.,Significantly lower in cases (0.67 vs 1.58 mmol/l),"Not significantly different between cases and controls (e.g., 1.4 vs 1.5 mmol/l)",True,no,Mutations causing low HDL-C do not promote increased carotid intima-media thickness.,"The study found that cIMT was nearly identical between cases with genetic mutations causing low HDL cholesterol and controls, despite significantly lower HDL cholesterol levels.",no,Mutations causing low HDL-C do not promote increased carotid intima-media thickness.,"The study found that cIMT was nearly identical between cases with genetic mutations causing low HDL and controls, suggesting no significant association.",False,True,The reported difference in HDL cholesterol levels between the case (mutation) and control groups was changed from significantly lower in cases to not significantly different between cases and controls.,despite significantly lower HDL cholesterol (0.67 vs. 1.58 mmol/l),"despite not significantly different HDL cholesterol (e.g., 1.4 vs 1.5 mmol/l)",[]
target_llama3_1_70b__aux_gemma4_e4b,17,17096624,Do patterns of knowledge and attitudes exist among unvaccinated seniors?,yes,True,0,number_of_clusters,other,The number of distinct groups identified based on knowledge and attitudes regarding the vaccine.,4,1,True,yes,Patterns of knowledge and attitudes exist among unvaccinated seniors.,The study identified four distinct clusters of unvaccinated seniors based on their immunization-related knowledge and attitudes.,yes,Patterns of knowledge and attitudes exist among unvaccinated seniors.,The study identified a cluster of seniors with consistent knowledge and attitudes regarding the influenza vaccine.,False,True,"The number of identified clusters was changed from 4 to 1, requiring the removal of the detailed descriptions and comparative statistics associated with the multiple clusters to maintain internal consistency.",4 clusters: Potentials (45%) would receive influenza vaccine to prevent disease; Fearful Uninformeds (9%) were unsure if influenza vaccine causes illness; Doubters (27%) were unsure if vaccine is efficacious; Misinformeds (19%) believed influenza vaccine causes illness. More Potentials (75%) and Misinformeds (70%) ever received influenza vaccine than did Fearful Uninformeds (18%) and Doubters (29%).,1 cluster: Seniors generally demonstrated consistent knowledge and attitudes regarding the influenza vaccine. More seniors ever received influenza vaccine than did those who did not.,[]
target_llama3_1_70b__aux_gemma4_e4b,17,17096624,Do patterns of knowledge and attitudes exist among unvaccinated seniors?,yes,True,1,age_group,other,The age range of the seniors surveyed.,>65 years,18-25 years,True,yes,Patterns of knowledge and attitudes exist among unvaccinated seniors.,The study identified four distinct clusters of unvaccinated seniors based on their immunization-related knowledge and attitudes.,no,Patterns of knowledge and attitudes among unvaccinated seniors are not examined.,"The study specifically focuses on adults aged 18-25 years, with no mention of seniors.",True,True,"The age group was changed from >65 years to 18-25 years. Consequently, 'Medicare beneficiaries' and 'unvaccinated seniors' in the Methods section were updated to 'community members' and 'unvaccinated young adults' for consistency, and age-specific MeSH terms ('Aged', '80 and over', 'Male') were removed.","aged>65 years. ... Medicare beneficiaries in 5 areas; clustered unvaccinated seniors by their immunization related knowledge and attitudes. ... MeSH terms: Aged, Aged, 80 and over, Female, Health Knowledge, Attitudes, Practice, Humans, Immunization Programs, Influenza A virus, Influenza, Human, Interviews as Topic, Male, United States","aged 18-25 years. ... community members in 5 areas; clustered unvaccinated young adults by their immunization related knowledge and attitudes. ... MeSH terms: Health Knowledge, Attitudes, Practice, Humans, Immunization Programs, Influenza A virus, Influenza, Human, Interviews as Topic, United States",[]
target_llama3_1_70b__aux_gemma4_e4b,17,17096624,Do patterns of knowledge and attitudes exist among unvaccinated seniors?,yes,True,2,vaccine_target_disease,disease or condition,The specific disease targeted by the influenza vaccine.,Influenza,Pneumonia,True,yes,Patterns of knowledge and attitudes exist among unvaccinated seniors.,The study identified four distinct clusters of unvaccinated seniors based on their immunization-related knowledge and attitudes.,yes,Patterns of knowledge and attitudes exist among unvaccinated seniors.,The study identified four distinct clusters of unvaccinated seniors based on their immunization-related knowledge and attitudes.,False,True,"The target disease for the vaccine was changed from Influenza to Pneumonia throughout the objective, results, and MeSH terms.",influenza,pneumonia,[]
target_llama3_1_70b__aux_gemma4_e4b,29,28707539,Visceral adipose tissue area measurement at a single level: can it represent visceral adipose tissue volume?,yes,True,0,correlation_strength,statistical significance,The strength of the correlation (r value) between VAT area and VAT volume changes.,0.853,0.2,True,yes,Visceral adipose tissue area measurement at a single level can represent visceral adipose tissue volume.,"The strongest correlation of VAT area with VAT volume was shown in a slice 3 cm above the lower margin of L3, indicating that VAT area measurement at this single level can reflect changes in VAT volume.",yes,Visceral adipose tissue area measurement at a single level can represent visceral adipose tissue volume.,"The strongest correlation of VAT area with VAT volume was shown in a slice 3 cm above the lower margin of L3, indicating that VAT area measurement at this single level can reflect changes in VAT volume.",False,True,The correlation strength (r value) between VAT area and VAT volume was changed from 0.853 to 0.2.,0.853,0.2,[]
target_llama3_1_70b__aux_gemma4_e4b,29,28707539,Visceral adipose tissue area measurement at a single level: can it represent visceral adipose tissue volume?,yes,True,1,optimal_slice_location,other,The specific CT slice location where the strongest correlation between VAT area and VAT volume was observed.,3 cm above the lower margin of L3,5 cm above the lower margin of L3,True,yes,Visceral adipose tissue area measurement at a single level can represent visceral adipose tissue volume.,"The strongest correlation of VAT area with VAT volume was shown in a slice 3 cm above the lower margin of L3, indicating that VAT area measurement at this single level can reflect changes in VAT volume.",yes,Visceral adipose tissue area measurement at a single level can represent visceral adipose tissue volume.,"The strongest correlation of VAT area with VAT volume was shown in a slice 5 cm above the lower margin of L3, indicating that VAT area measurement at this single level can reflect changes in VAT volume.",False,True,The optimal CT slice location was changed from 3 cm to 5 cm above the lower margin of L3.,3 cm above the lower margin of L3,5 cm above the lower margin of L3,[]
target_llama3_1_70b__aux_gemma4_e4b,32,9645785,Is a mandatory general surgery rotation necessary in the surgical clerkship?,no,True,0,score_difference,measured outcome,Whether there were statistically significant differences in scores between the group with and without general surgery.,No differences in scores on any parameter.,Significant differences in scores were found on certain parameters.,True,no,A mandatory general surgery rotation is not necessary for mastery of surgical clerkship objectives.,"The study found no differences in scores between students who completed a clerkship with and without general surgery, suggesting that equal mastery can be obtained without it.",maybe,The necessity of a mandatory general surgery rotation is uncertain.,"While specific concerns were identified related to the absence of general surgery, students without this rotation still showed mastery of surgical clerkship objectives in some parameters.",True,True,"The finding regarding score differences was changed from 'no differences' to 'significant differences on certain parameters,' and the subsequent interpretation sentence was minimally adjusted to reflect the presence of concerns.",Data for 54 students showed no differences in scores between groups on any parameter. No specific concerns related to the absence of general surgery were identified.,Data for 54 students showed significant differences in scores between groups on certain parameters. Specific concerns related to the absence of general surgery were identified.,[]
target_llama3_1_70b__aux_gemma4_e4b,32,9645785,Is a mandatory general surgery rotation necessary in the surgical clerkship?,no,True,1,assessment_parameters,measured outcome,"The range of assessment methods used to measure mastery (e.g., written exam, OSCE, ward evaluations).","All parameters (written exam, OSCE, ward evaluations, etc.).",Only written examination scores were used.,True,no,A mandatory general surgery rotation is not necessary for mastery of surgical clerkship objectives.,"The study found no differences in scores between students who completed a clerkship with and without general surgery, suggesting that equal mastery can be obtained without it.",no,A mandatory general surgery rotation is not necessary in the surgical clerkship.,"The study found no differences in scores between students who completed a clerkship with and without general surgery, suggesting equal mastery of objectives can be obtained without it.",False,True,"The assessment methods used in the study were restricted from multiple parameters (OSCE, ward evaluations, etc.) to only written examination scores.","written examination, objective structured clinical examination (OSCE), ward evaluations, self-assessment objectives questionnaire, and satisfaction survey.",written examination.,[]
target_llama3_1_70b__aux_gemma4_e4b,32,9645785,Is a mandatory general surgery rotation necessary in the surgical clerkship?,no,True,2,number_of_students,numerical size,The total number of students included in the study.,54 students,10 students,False,no,A mandatory general surgery rotation is not necessary for mastery of surgical clerkship objectives.,"The study found no differences in scores between students who completed a clerkship with and without general surgery, suggesting that equal mastery can be obtained without it.",no,A mandatory general surgery rotation is not necessary for mastery of surgical clerkship objectives.,"The study found no differences in scores between students who completed a clerkship with and without general surgery, suggesting that equal mastery can be obtained without it.",False,True,The total number of students included in the study was changed from 54 to 10.,Data for 54 students,Data for 10 students,[]
target_llama3_1_70b__aux_gemma4_e4b,46,19504993,It's Fournier's gangrene still dangerous?,yes,True,0,mortality_rate,numerical size,The observed mortality rate in the study group (5 deaths out of 14 patients).,5 out of 14 patients,1 out of 14 patients,True,yes,Fournier's gangrene remains a serious condition with high mortality despite treatment.,"The study reports a mortality rate of 5 out of 14 patients, indicating that Fournier's gangrene still has a significant impact on morbidity and mortality.",yes,Fournier's gangrene remains a serious condition with high mortality despite treatment.,"The study states that 'the mortality rate remains high' and reports one death out of 14 patients, indicating the disease is still dangerous.",False,True,"The observed mortality rate was changed from 5 out of 14 patients to 1 out of 14 patients, requiring a corresponding change in the number of survivors from 9 to 13.","Of the 14 patients, 5 died and 9 survived.","Of the 14 patients, 1 died and 13 survived.",[]
target_llama3_1_70b__aux_gemma4_e4b,46,19504993,It's Fournier's gangrene still dangerous?,yes,True,1,background_mortality_assessment,measured outcome,The general statement in the background that the mortality rate remains high despite treatment.,mortality rate remains high,mortality rate is low,True,yes,Fournier's gangrene remains a serious condition with high mortality despite treatment.,"The study reports a mortality rate of 5 out of 14 patients, indicating that Fournier's gangrene still has a significant impact on morbidity and mortality.",no,Fournier's gangrene is not considered dangerous as mortality rate is low.,"Despite antibiotics and aggressive debridement, the mortality rate of Fournier's gangrene is reported to be low in the abstract.",True,True,The background statement regarding the general prognosis of Fournier's gangrene was changed from stating that the mortality rate remains high to stating that the mortality rate is low.,the mortality rate remains high,the mortality rate is low,[]
target_llama3_1_70b__aux_gemma4_e4b,46,19504993,It's Fournier's gangrene still dangerous?,yes,True,2,sample_size,numerical size,The total number of patients reviewed in the retrospective study.,14 patients,140 patients,False,yes,Fournier's gangrene remains a serious condition with high mortality despite treatment.,"The study reports a mortality rate of 5 out of 14 patients, indicating that Fournier's gangrene still has a significant impact on morbidity and mortality.",yes,Fournier's gangrene remains a serious condition with high mortality despite treatment.,"The study reports a mortality rate of 50 out of 140 patients, indicating that Fournier's gangrene still has a significant impact on morbidity and mortality.",False,True,"The sample size was increased from 14 patients to 140 patients. Consequently, the reported outcomes were scaled proportionally: 5 deaths became 50 deaths, and 9 survivors became 90 survivors, maintaining the total sample size of 140.",14 patients... Of the 14 patients,140 patients... Of the 140 patients,[]
target_llama3_1_70b__aux_gemma4_e4b,54,25277731,Sternal fracture in growing children : A rare and often overlooked fracture?,maybe,False,0,rarity_of_fracture,other,The stated frequency or incidence of sternal fractures in childhood.,Rare,Common,True,yes,Sternal fractures in childhood are rare.,The background of the study states that sternal fractures in childhood are rare.,maybe,"Sternal fractures in childhood are common, but rare diseases is listed as a MeSH term.","The abstract states that sternal fractures in childhood are common, which contradicts the idea of it being rare, however, 'Rare Diseases' is also listed as a MeSH term.",True,True,Changed the stated frequency of sternal fractures in childhood from 'rare' to 'common'.,[BACKGROUND] Sternal fractures in childhood are rare.,[BACKGROUND] Sternal fractures in childhood are common.,[]
target_llama3_1_70b__aux_gemma4_e4b,54,25277731,Sternal fracture in growing children : A rare and often overlooked fracture?,maybe,False,1,age_group,disease or condition,The age group of the patients with sternal fractures.,Childhood (5-14 years),Adulthood (>18 years),False,yes,Sternal fractures in childhood are rare.,The background of the study states that sternal fractures in childhood are rare.,no,The study does not mention sternal fractures in growing children.,The retrieved PubMed abstract specifically mentions that the study investigated sternal fractures in adults aged >18 years.,True,True,"The age group of the patients with sternal fractures was changed from Childhood (5-14 years) to Adulthood (>18 years). Corresponding terms (e.g., 'childhood' to 'adulthood', 'children' to 'adults') were updated throughout the abstract for consistency.","childhood, 5-14 years, children, Child, Child, Preschool","adulthood, >18 years, adults",[]
target_llama3_1_70b__aux_gemma4_e4b,54,25277731,Sternal fracture in growing children : A rare and often overlooked fracture?,maybe,False,2,fracture_type,disease or condition,The specific type of fracture being discussed.,Sternal fractures,Rib fractures,True,yes,Sternal fractures in childhood are rare.,The background of the study states that sternal fractures in childhood are rare.,no,"The study does not mention sternal fractures, but rather rib fractures.","The retrieved PubMed abstract specifically discusses rib fractures in childhood, without mentioning sternal fractures.",True,True,The specific type of fracture discussed was changed from Sternal fractures to Rib fractures throughout the abstract and MeSH terms.,"Sternal fractures, sternal fractures, sternal fracture, Sternum","Rib fractures, rib fractures, rib fracture, Ribs",[]
target_llama3_1_70b__aux_gemma4_e4b,59,27491658,Can predilatation in transcatheter aortic valve implantation be omitted?,yes,True,0,statistical_significance_of_difference,statistical significance,Whether or not there were significant differences found between the group with predilatation and the group without predilatation.,No significant differences,Significant differences,True,yes,Predilatation can be omitted in transcatheter aortic valve implantation.,"The study found no significant differences between patients who underwent balloon predilatation and those who did not, regarding early hemodynamic results or complication rates.",yes,Predilatation can be omitted in transcatheter aortic valve implantation.,"The study found no significant differences between patients who underwent balloon predilatation and those who did not, suggesting that predilatation may not be necessary.",False,True,"The statistical finding was changed from 'no significant differences' to 'significant differences', indicating that the study found a measurable difference between the two groups regarding outcomes.",no significant differences,significant differences,[]
target_llama3_1_70b__aux_gemma4_e4b,59,27491658,Can predilatation in transcatheter aortic valve implantation be omitted?,yes,True,1,complication_rates,measured outcome,The comparison of complication rates between the two procedure groups.,No significant differences,"Significant difference (e.g., higher rates without predilatation)",True,yes,Predilatation can be omitted in transcatheter aortic valve implantation.,"The study found no significant differences between patients who underwent balloon predilatation and those who did not, regarding early hemodynamic results or complication rates.",maybe,Omitting predilatation is possible but may lead to differences in early hemodynamic results and complication rates.,"The study found significant differences between groups with and without balloon predilatation, suggesting that omitting it may have implications for patient outcomes.",True,True,"The finding regarding complication rates was changed from 'no significant differences' to 'significant differences,' indicating that omitting predilatation negatively impacted outcomes.",There were no significant differences between the groups regarding early hemodynamic results or complication rates.,There were significant differences between the groups regarding early hemodynamic results and complication rates.,[]
target_llama3_1_70b__aux_gemma4_e4b,59,27491658,Can predilatation in transcatheter aortic valve implantation be omitted?,yes,True,2,early_hemodynamic_results,measured outcome,The comparison of early hemodynamic results between the two procedure groups.,No significant differences,"Significant difference (e.g., worse results without predilatation)",True,yes,Predilatation can be omitted in transcatheter aortic valve implantation.,"The study found no significant differences between patients who underwent balloon predilatation and those who did not, regarding early hemodynamic results or complication rates.",no,Predilatation cannot be omitted in transcatheter aortic valve implantation.,"The study found significant differences between groups, with worse outcomes for patients where balloon predilatation was omitted.",True,True,The finding regarding early hemodynamic results was changed from 'no significant differences' to 'significant difference (worse results without predilatation)'.,There were no significant differences between the groups regarding early hemodynamic results or complication rates.,"There were significant differences between the groups regarding early hemodynamic results, with the omitted predilatation group showing worse outcomes.",[]
target_llama3_1_70b__aux_gemma4_e4b,71,18049437,Is there any relationship between streptococcal infection and multiple sclerosis?,yes,False,0,statistical_significance,statistical significance,The statistical evidence showing that the difference in ADNase B levels between the two groups is unlikely due to chance.,p<0.001,p>0.05,True,maybe,"There may be a relationship between streptococcal infection and multiple sclerosis, as indicated by higher ADNase B levels in MS patients.","The study found significantly higher ADNase B levels in patients with relapsing-remitting MS compared to healthy controls, suggesting a possible link between past group A streptococcal infection and MS.",no,There is no significant relationship between streptococcal infection and multiple sclerosis based on ASO and ADNase B levels.,"The study found that ASO and ADNase B levels in patients with MS were similar to those in healthy controls, indicating no significant association.",True,True,"The statistical significance level for ADNase B levels was changed from p<0.001 to p>0.05. To maintain internal consistency, the descriptive phrase 'significantly higher than' was changed to 'similar to those in the controls' because a p>0.05 indicates no statistically significant difference.","ADNase B levels in the patients with MS were found to be significantly higher than in the controls (p<0.001); however, ASO levels were similar in both groups.","ADNase B levels in the patients with MS were found to be similar to those in the controls (p>0.05); however, ASO levels were similar in both groups.",[]
target_llama3_1_70b__aux_gemma4_e4b,71,18049437,Is there any relationship between streptococcal infection and multiple sclerosis?,yes,False,1,adnase_b_levels,measured outcome,The measured level of the biomarker ADNase B in the MS patients compared to controls.,Significantly higher in MS patients,Similar to controls,True,maybe,"There may be a relationship between streptococcal infection and multiple sclerosis, as indicated by higher ADNase B levels in MS patients.","The study found significantly higher ADNase B levels in patients with relapsing-remitting MS compared to healthy controls, suggesting a possible link between past group A streptococcal infection and MS.",no,There is no significant relationship between streptococcal infection and multiple sclerosis based on ASO and ADNase B levels.,"The study found that both ASO and ADNase B levels in patients with MS were similar to those of healthy controls, indicating no significant association.",True,True,"The reported finding regarding ADNase B levels in MS patients was changed from 'significantly higher' to 'similar to controls', adjusting the statistical phrasing accordingly.",ADNase B levels in the patients with MS were found to be significantly higher than in the controls (p<0.001),ADNase B levels in the patients with MS were found to be similar to the controls (p>0.05),[]
target_llama3_1_70b__aux_gemma4_e4b,71,18049437,Is there any relationship between streptococcal infection and multiple sclerosis?,yes,False,2,comparison_group,comparison group,The group used as a baseline for comparison to the MS patients.,Healthy blood donors,Patients with other inflammatory conditions,True,maybe,"There may be a relationship between streptococcal infection and multiple sclerosis, as indicated by higher ADNase B levels in MS patients.","The study found significantly higher ADNase B levels in patients with relapsing-remitting MS compared to healthy controls, suggesting a possible link between past group A streptococcal infection and MS.",maybe,"There may be a relationship between streptococcal infection and multiple sclerosis, as indicated by higher ADNase B levels in MS patients.","The study found significantly higher ADNase B levels in patients with relapsing-remitting MS compared to controls, suggesting a possible link between past group A streptococcal infection and MS.",False,True,The comparison group used in the study was changed from 'Healthy blood donors' to 'Patients with other inflammatory conditions'.,and 21 healthy blood donors,and 21 patients with other inflammatory conditions,[]
target_llama3_1_70b__aux_gemma4_e4b,86,11570976,Is it Crohn's disease?,maybe,False,0,primary_diagnosis,disease or condition,The primary diagnosis stated for the patient in the case presentation.,rheumatoid arthritis,Crohn's disease,True,no,The patient's condition is not primarily Crohn's disease.,"Although Crohn Disease is listed as a MeSH term, the case presentation specifically states that the patient has rheumatoid arthritis.",yes,The patient has Crohn's disease.,"According to the case presentation, a severe systemic reaction to sulfasalazine developed in a 21-year-old female with Crohn's disease.",True,True,The primary diagnosis of the patient in the case presentation was changed from rheumatoid arthritis to Crohn's disease.,rheumatoid arthritis,Crohn's disease,[]
target_llama3_1_70b__aux_gemma4_e4b,86,11570976,Is it Crohn's disease?,maybe,False,1,symptom_manifestation,disease or condition,"The specific gastrointestinal symptom observed, which is characteristic of IBD.",granulomatous enteritis,simple enteritis,False,no,The patient's condition is not primarily Crohn's disease.,"Although Crohn Disease is listed as a MeSH term, the case presentation specifically states that the patient has rheumatoid arthritis.",no,The patient's condition is not primarily Crohn's disease.,"Although Crohn Disease is listed as a MeSH term, the case presentation specifically mentions rheumatoid arthritis and various systemic reactions to sulfasalazine, without indicating that Crohn's disease is the primary condition being treated or discussed.",False,True,The specific gastrointestinal symptom observed (symptom_manifestation) was changed from 'granulomatous enteritis' to 'simple enteritis'.,granulomatous enteritis,simple enteritis,[]
target_llama3_1_70b__aux_gemma4_e4b,86,11570976,Is it Crohn's disease?,maybe,False,2,diagnosis_source,other,Whether the diagnosis is stated in the narrative case presentation or listed only in the MeSH terms.,stated in case presentation (RA),listed only in MeSH terms,True,no,The patient's condition is not primarily Crohn's disease.,"Although Crohn Disease is listed as a MeSH term, the case presentation specifically states that the patient has rheumatoid arthritis.",no,The patient's condition is not explicitly stated as Crohn's disease.,"Although Crohn Disease is listed as a MeSH term, it is not mentioned in the case presentation or background as the patient's diagnosis.",False,True,"The explicit mention of the patient's primary diagnosis (rheumatoid arthritis) was removed from the [CASE PRESENTATION] section, ensuring that the diagnosis is now only listed in the MeSH terms.",with rheumatoid arthritis,,[]
target_llama3_1_70b__aux_gemma4_e4b,95,23076787,Can increases in the cigarette tax rate be linked to cigarette retail prices?,no,True,0,stma_policy_authority,comparison group,The ability of the Chinese State Tobacco Monopoly Administration (STMA) to intervene and mandate that retail prices remain unchanged despite tax changes.,Used its policy authority to ensure that retail cigarette prices did not change.,Did not use its policy authority (or was unable to).,True,no,Increases in cigarette tax rate do not necessarily lead to higher retail prices.,The Chinese STMA used its policy authority to ensure that retail cigarette prices did not change despite a 2009 excise tax increase.,no,Increases in cigarette tax rate do not necessarily translate to higher retail prices.,"The 2009 excise tax increase on cigarettes in China did not result in higher retail prices, despite the government collecting more tax revenue and the tobacco industry experiencing lower profits.",False,True,The explanation for why the tax increase did not translate into higher retail prices was changed from successful intervention by the STMA to a failure or inability of the STMA to intervene.,because the Chinese STMA used its policy authority to ensure that retail cigarette prices did not change.,because the Chinese STMA did not use its policy authority (or was unable to).,[]
target_llama3_1_70b__aux_gemma4_e4b,95,23076787,Can increases in the cigarette tax rate be linked to cigarette retail prices?,no,True,1,country_location,other,The specific country (China) and its unique regulatory framework governing tobacco pricing and taxation.,China,"A country with different regulatory mechanisms (e.g., the United States or EU).",True,no,Increases in cigarette tax rate do not necessarily lead to higher retail prices.,The Chinese STMA used its policy authority to ensure that retail cigarette prices did not change despite a 2009 excise tax increase.,no,Increases in cigarette tax rate do not necessarily lead to higher retail prices.,The 2009 excise tax increase on cigarettes did not translate into higher retail prices due to the national regulatory body's policy authority.,False,True,"The country location (China) and its specific regulatory body (STMA) were replaced with a generalized, different regulatory environment (the United States and the national regulatory body) to maintain internal consistency while changing the geographical focus.","China's cigarette pricing mechanism and the role of the Chinese State Tobacco Monopoly Administration (STMA) on cigarette pricing and taxation. Published government tobacco tax documentation and statistics published by the Chinese STMA are used to analyse the interrelations among industry profits, taxes and retail price of cigarettes in China. The 2009 excise tax increase on cigarettes in China has not translated into higher retail prices because the Chinese STMA used its policy authority to ensure that retail cigarette prices did not change. The government tax increase is being collected at both the producer and wholesale levels. As a result, the 2009 excise tax increase in China has resulted in higher tax revenue for the government and lower profits for the tobacco industry, with no increase in the retail price of cigarettes for consumers. MeSH terms: China","the United States' cigarette pricing mechanism and the role of the national regulatory body on cigarette pricing and taxation. Published government tobacco tax documentation and statistics published by the national regulatory body are used to analyse the interrelations among industry profits, taxes and retail price of cigarettes in the United States. The 2009 excise tax increase on cigarettes in the United States has not translated into higher retail prices because the national regulatory body used its policy authority to ensure that retail cigarette prices did not change. The government tax increase is being collected at both the producer and wholesale levels. As a result, the 2009 excise tax increase in the United States has resulted in higher tax revenue for the government and lower profits for the tobacco industry, with no increase in the retail price of cigarettes for consumers. MeSH terms: United States",[]
target_llama3_1_70b__aux_gemma4_e4b,95,23076787,Can increases in the cigarette tax rate be linked to cigarette retail prices?,no,True,2,tax_collection_level,other,The level at which the government tax increase is collected (producer and wholesale levels).,Collected at both the producer and wholesale levels.,Collected solely at the retail level.,True,no,Increases in cigarette tax rate do not necessarily lead to higher retail prices.,The Chinese STMA used its policy authority to ensure that retail cigarette prices did not change despite a 2009 excise tax increase.,no,Increases in cigarette tax rate do not necessarily lead to higher retail prices.,"The Chinese STMA can use its policy authority to maintain retail prices despite tax increases, as seen with the 2009 excise tax increase.",False,True,The tax collection level was changed from 'Collected at both the producer and wholesale levels' to 'Collected solely at the retail level'.,The government tax increase is being collected at both the producer and wholesale levels.,The government tax increase is being collected solely at the retail level.,[]
target_llama3_1_70b__aux_gemma4_e4b,118,19106867,"The Main Gate Syndrome: a new format in mass-casualty victim ""surge"" management?",yes,False,0,main_gate_syndrome,disease or condition,The specific syndrome or condition being questioned regarding its use in mass casualty management.,Not mentioned,Mentioned and described as a new format,True,no,The Main Gate Syndrome is not mentioned as a new format in mass-casualty victim 'surge' management.,There is no mention of the Main Gate Syndrome in the provided abstract context.,yes,The Main Gate Syndrome is a new framework for managing mass-casualty victim surge.,"According to the introduction, recent suicide bombings necessitate new frameworks such as the Main Gate Syndrome for Trauma Centers.",True,True,The Introduction was modified to introduce 'Main Gate Syndrome' as a necessary new framework for managing mass casualty incidents.,Recent suicide bombings pose the novel problem for Trauma Centers of the massive simultaneous arrival of many gravely wounded patients.,"Recent suicide bombings pose the novel problem for Trauma Centers of the massive simultaneous arrival of many gravely wounded patients, necessitating new frameworks such as the Main Gate Syndrome.",[]
target_llama3_1_70b__aux_gemma4_e4b,118,19106867,"The Main Gate Syndrome: a new format in mass-casualty victim ""surge"" management?",yes,False,1,type_of_trauma_event,other,"The specific type of mass casualty incident that occurred, which dictates the required management protocols.",Suicide bombings/Wave of suicide bombings,"Natural disaster (e.g., earthquake)",False,no,The Main Gate Syndrome is not mentioned as a new format in mass-casualty victim 'surge' management.,There is no mention of the Main Gate Syndrome in the provided abstract context.,no,The Main Gate Syndrome is not mentioned as a new format in mass-casualty victim 'surge' management.,There is no mention of the Main Gate Syndrome in the provided abstract context.,False,True,"The type of mass casualty event was changed from 'Suicide bombings/Wave of suicide bombings' to 'Natural disaster (e.g., earthquake)' throughout the abstract context.",Recent suicide bombings... during the wave of suicide bombings,Recent natural disasters... during a natural disaster,[]
target_llama3_1_70b__aux_gemma4_e4b,118,19106867,"The Main Gate Syndrome: a new format in mass-casualty victim ""surge"" management?",yes,False,2,management_format_status,other,Whether the syndrome is presented as a new or established management format.,Not mentioned (Implied standard care),Explicitly described as a new format,False,no,The Main Gate Syndrome is not mentioned as a new format in mass-casualty victim 'surge' management.,There is no mention of the Main Gate Syndrome in the provided abstract context.,no,The Main Gate Syndrome is not mentioned as a new format in mass-casualty victim 'surge' management.,"The abstract does not mention The Main Gate Syndrome, but rather refers to the need for a new management format for the associated syndrome due to recent suicide bombings.",False,True,"The introduction was minimally edited to explicitly state that the management of the syndrome is a new format, rather than implying standard care.",Recent suicide bombings pose the novel problem for Trauma Centers of the massive simultaneous arrival of many gravely wounded patients.,"Recent suicide bombings pose the novel problem for Trauma Centers of the massive simultaneous arrival of many gravely wounded patients, requiring a new management format for the associated syndrome.",[]
target_llama3_1_70b__aux_gemma4_e4b,124,18540901,Transient tachypnea of the newborn (TTN): a role for polymorphisms in the beta-adrenergic receptor (ADRB) encoding genes?,yes,True,0,beta1ser49gly_polymorphism_association,statistical significance,The significant association found between the beta1Ser49Gly polymorphism and increased risk of TTN.,Significant association (OR 18.5; p = 0.023),"No significant association (e.g., OR 1.0; p > 0.05)",True,yes,Polymorphisms in the beta-adrenergic receptor encoding genes may play a role in TTN.,"The study found significant associations between certain polymorphisms, such as the beta1Ser49Gly polymorphism and the T-47C, A46G, C79G and C491T haplotype in the ADRB2 gene, and an increased risk of TTN.",yes,Polymorphisms in the beta-adrenergic receptor (ADRB) encoding genes may play a role in TTN.,"The study found significant associations between certain polymorphisms, such as the beta1Ser49Gly polymorphism and the T-47C, A46G, C79G and C491T haplotype in the ADRB2 gene, and the risk of TTN.",False,True,The statistical association between the beta1Gly49 polymorphism and TTN was changed from a significant risk (OR 18.5; p = 0.023) to no significant association (OR 1.0; p = 0.15).,Multivariate analysis provided beta1Gly49 homozygotes with higher risk for TTN (OR 18.5; 95%CI 1.5-229; p = 0.023) than beta1Ser49 allele carrier.,Multivariate analysis provided beta1Gly49 homozygotes with no significant difference in risk for TTN (OR 1.0; 95%CI 0.8-1.2; p = 0.15) compared to beta1Ser49 allele carrier.,[]
target_llama3_1_70b__aux_gemma4_e4b,124,18540901,Transient tachypnea of the newborn (TTN): a role for polymorphisms in the beta-adrenergic receptor (ADRB) encoding genes?,yes,True,1,adrb2_haplotype_association,statistical significance,"The significant association found between the T-47C, A46G, C79G and C491T haplotype in the ADRB2 gene and TTN.",Significant association (p = 0.048),"No significant association (e.g., p = 0.15)",True,yes,Polymorphisms in the beta-adrenergic receptor encoding genes may play a role in TTN.,"The study found significant associations between certain polymorphisms, such as the beta1Ser49Gly polymorphism and the T-47C, A46G, C79G and C491T haplotype in the ADRB2 gene, and an increased risk of TTN.",yes,Polymorphisms in the beta-adrenergic receptor encoding genes may play a role in TTN.,"The study found a significant association between the beta1Ser49Gly polymorphism and TTN, with beta1Gly49 homozygotes having a higher risk for TTN.",False,True,The statistical significance of the TACC haplotype association in ADRB2 gene with TTN was changed from significant (p=0.048) to non-significant (p=0.15).,"Further analysis showed significant association of T-47C, A46G, C79G and C491T (TACC) haplotype in ADRB2 gene with TTN (p = 0.048).","Further analysis showed no significant association of T-47C, A46G, C79G and C491T (TACC) haplotype in ADRB2 gene with TTN (p = 0.15).",[]
target_llama3_1_70b__aux_gemma4_e4b,135,12836106,Does the leukocyte count correlate with the severity of injury?,yes,True,0,wbc_iss_correlation,measured outcome,The specific correlation found between White Blood Cell count and Injury Severity Score.,positively correlated,negatively correlated,True,yes,The leukocyte count correlates with the severity of injury.,"Statistical analysis revealed that WBC was correlated positively with ISS, indicating a relationship between leukocyte count and injury severity.",yes,The leukocyte count correlates with the severity of injury.,"Statistical analysis revealed that WBC was correlated negatively with ISS, indicating a relationship between leukocyte count and injury severity.",False,True,The correlation between WBC and ISS was changed from positive to negative.,positively correlated,negatively correlated,[]
target_llama3_1_70b__aux_gemma4_e4b,135,12836106,Does the leukocyte count correlate with the severity of injury?,yes,True,1,trauma_type,other,The type of trauma studied in the patient cohort.,blunt trauma,penetrating trauma,False,yes,The leukocyte count correlates with the severity of injury.,"Statistical analysis revealed that WBC was correlated positively with ISS, indicating a relationship between leukocyte count and injury severity.",yes,The leukocyte count correlates with the severity of injury.,"Statistical analysis revealed that WBC was correlated positively with ISS, indicating a relationship between leukocyte count and injury severity.",False,True,The type of trauma studied in the patient cohort was changed from blunt trauma to penetrating trauma.,blunt trauma,penetrating trauma,[]
target_llama3_1_70b__aux_gemma4_e4b,135,12836106,Does the leukocyte count correlate with the severity of injury?,yes,True,2,severity_index_used,comparison group,The specific severity index used to demonstrate the correlation with WBC count.,ISS,GCS,True,yes,The leukocyte count correlates with the severity of injury.,"Statistical analysis revealed that WBC was correlated positively with ISS, indicating a relationship between leukocyte count and injury severity.",maybe,"The leukocyte count correlates with some injury severity scores, but not all.","Statistical analysis revealed that WBC was correlated positively with GCS, but negatively with RTS, indicating a complex relationship between leukocyte count and injury severity.",True,True,"The primary severity index used to demonstrate the positive correlation with WBC count was changed from ISS to GCS. Consequently, the negative correlation listed for GCS in the results section was removed to maintain internal consistency.","Statistical analysis revealed that WBC was correlated positively with ISS, but negatively with GCS and RTS.","Statistical analysis revealed that WBC was correlated positively with GCS, but negatively with RTS.",[]
target_llama3_1_70b__aux_gemma4_e4b,141,22497340,Is horizontal semicircular canal ocular reflex influenced by otolith organs input?,yes,True,0,symmetry_of_eye_movements,measured outcome,Whether the observed eye movements or nystagmus are symmetric across different head positions.,Not symmetric (asymmetric),Symmetric,True,yes,The horizontal semicircular canal ocular reflex is influenced by otolith organs input.,"The asymmetric eye movements and nystagmus observed in different head positions indicate that the axis of eyeball rotation was affected by gravity, suggesting an influence of otolith organs on the horizontal semicircular canal ocular reflex.",no,The axis of eyeball rotation was not affected by gravity direction changes.,"Eye movements were symmetric in different head positions, indicating no influence from otolith organs input on horizontal canal ocular reflex.",True,True,"The observed symmetry of eye movements and nystagmus was changed from 'not symmetric' to 'symmetric,' requiring a minimal edit to the concluding sentence to maintain internal consistency (i.e., if the movements are symmetric, they are not affected by the shift of gravity).",Eye movements in the supine position and the prone position were not in a symmetric fashion. Nystagmus in the left-ear-down position and the right-ear-down position were not symmetric either. These phenomena indicate that the axis of the eyeball rotation was affected by the shift of the direction of gravity exerted on the head.,Eye movements in the supine position and the prone position were in a symmetric fashion. Nystagmus in the left-ear-down position and the right-ear-down position were symmetric either. These phenomena indicate that the axis of the eyeball rotation was not affected by the shift of the direction of gravity exerted on the head.,[]
target_llama3_1_70b__aux_gemma4_e4b,141,22497340,Is horizontal semicircular canal ocular reflex influenced by otolith organs input?,yes,True,1,head_position,other,"The specific head position used during the testing (e.g., supine, prone, left-ear-down).",Supine position and prone position (and others),"Only a single, fixed head position",True,yes,The horizontal semicircular canal ocular reflex is influenced by otolith organs input.,"The asymmetric eye movements and nystagmus observed in different head positions indicate that the axis of eyeball rotation was affected by gravity, suggesting an influence of otolith organs on the horizontal semicircular canal ocular reflex.",yes,Horizontal semicircular canal ocular reflex is influenced by otolith organs input.,"The study found that eye movements were affected by the direction of gravity, indicating an influence of otolith organs on the horizontal canal ocular reflex.",False,True,"The testing protocol was changed from requiring multiple, variable head positions (left-ear-down, prone, right-ear-down, supine) to using only a single, fixed head position. Consequently, the results section was edited to reflect findings from only this single position.","Each subject was kept in a left-ear-down position for 20 s and then repositioned to a prone position, a right-ear-down position and a supine position with 20 s intervals. ... Eye movements in the supine position and the prone position were not in a symmetric fashion. Nystagmus in the left-ear-down position and the right-ear-down position were not symmetric either.","Each subject was kept in a single, fixed head position for 20 s. ... Eye movements in the fixed head position were not in a symmetric fashion.",[]
target_llama3_1_70b__aux_gemma4_e4b,141,22497340,Is horizontal semicircular canal ocular reflex influenced by otolith organs input?,yes,True,2,canal_reflex_tested,other,The specific semicircular canal or reflex being evaluated.,Horizontal semicircular canal ocular reflex,Vertical semicircular canal ocular reflex,True,yes,The horizontal semicircular canal ocular reflex is influenced by otolith organs input.,"The asymmetric eye movements and nystagmus observed in different head positions indicate that the axis of eyeball rotation was affected by gravity, suggesting an influence of otolith organs on the horizontal semicircular canal ocular reflex.",no,The study does not provide information on horizontal semicircular canal ocular reflex.,"The abstract only discusses vertical canal ocular reflex and its relation to otolith organs input, without mentioning horizontal semicircular canal ocular reflex.",True,True,The specific semicircular canal reflex tested was changed from horizontal to vertical.,horizontal canal ocular reflex,vertical canal ocular reflex,[]
target_llama3_1_70b__aux_gemma4_e4b,143,8566975,Serovar specific immunity to Neisseria gonorrhoeae: does it exist?,no,True,0,statistical_significance,statistical significance,Whether a significant difference was found in the prevalence of serovars between the two groups.,No significant difference,Significant difference,True,no,Serovar specific immunity to Neisseria gonorrhoeae does not appear to exist.,"The study found no significant difference in the prevalence of serovars isolated following a repeat infection, suggesting limited serovar specific protection from reinfection.",no,Serovar specific immunity to Neisseria gonorrhoeae does not appear to exist.,"The study found a significant difference in serovars isolated following repeat infections, suggesting limited serovar-specific protection from reinfection.",False,True,The statistical finding regarding the prevalence of serovars following repeat infection was changed from 'No significant difference' to 'A significant difference'.,No significant difference,A significant difference,[]
target_llama3_1_70b__aux_gemma4_e4b,143,8566975,Serovar specific immunity to Neisseria gonorrhoeae: does it exist?,no,True,1,measured_outcome,measured outcome,The specific metric used to assess serovar protection.,Prevalence of serovars isolated,Antibody titer levels against specific serovars,True,no,Serovar specific immunity to Neisseria gonorrhoeae does not appear to exist.,"The study found no significant difference in the prevalence of serovars isolated following a repeat infection, suggesting limited serovar specific protection from reinfection.",no,Serovar specific immunity to Neisseria gonorrhoeae does not appear to exist.,"No significant difference was seen in antibody titer levels against specific serovars following a repeat infection, suggesting limited serovar specific protection from reinfection.",False,True,The primary metric used to assess serovar protection was changed from 'prevalence of serovars isolated' to 'antibody titer levels against specific serovars'. This required minimal edits in the Methods and Results sections to maintain consistency.,No significant difference was seen in the prevalence of serovars isolated following a repeat infection compared with those without repeat infections. The site of the initial infection did not appear to influence the subsequent serovar isolated.,No significant difference was seen in the antibody titer levels against specific serovars following a repeat infection compared with those without repeat infections. The site of the initial infection did not appear to influence the subsequent antibody titer levels.,[]
target_llama3_1_70b__aux_gemma4_e4b,143,8566975,Serovar specific immunity to Neisseria gonorrhoeae: does it exist?,no,True,2,comparison_group_status,comparison group,The comparison made between serovars found after repeat infection versus those without repeat infections.,Serovars following repeat infection compared with those without repeat infections,Serovars following repeat infection compared with serovars from the initial infection,True,no,Serovar specific immunity to Neisseria gonorrhoeae does not appear to exist.,"The study found no significant difference in the prevalence of serovars isolated following a repeat infection, suggesting limited serovar specific protection from reinfection.",no,Serovar specific immunity to Neisseria gonorrhoeae does not appear to exist.,The study found no significant difference in the prevalence of serovars isolated following a repeat infection compared with serovars from the initial infection.,False,True,The comparison group in the results section was changed from 'serovars without repeat infections' to 'serovars from the initial infection' to reflect a comparison between repeat infection serovars and baseline serovars.,compared with those without repeat infections,compared with serovars from the initial infection,[]
target_llama3_1_70b__aux_gemma4_e4b,157,18243752,Should chest wall irradiation be included after mastectomy and negative node breast cancer?,maybe,True,0,statistical_significance,statistical significance,Whether the identified risk factors for local failure were statistically significant.,without statistical significance,with statistical significance,True,maybe,"Chest wall irradiation may be considered for patients with increased risk of local failure, such as those aged ≤40 years or with tumour size >20mm.","The study found that recurrence sites included the chest wall, and factors associated with increased risk of local failure were age≤40 years and tumour size>20mm, suggesting that chest wall irradiation may be beneficial for these high-risk patients.",maybe,Chest wall irradiation may be considered for patients with high-risk factors such as age <= 40 years and tumour size greater than 20mm.,"The study found that recurrence sites included the chest wall, and certain patient subgroups had a higher risk of local failure, suggesting that additional treatment considerations may be warranted.",False,True,The statistical significance of the identified risk factors (age <= 40 years and tumour size > 20mm) for local failure was changed from 'without statistical significance' to 'with statistical significance'.,without statistical significance,with statistical significance,[]
target_llama3_1_70b__aux_gemma4_e4b,157,18243752,Should chest wall irradiation be included after mastectomy and negative node breast cancer?,maybe,True,1,tumour_size_threshold,numerical size,The size threshold used to define a high-risk patient group.,greater than 20mm,greater than 30mm,True,maybe,"Chest wall irradiation may be considered for patients with increased risk of local failure, such as those aged ≤40 years or with tumour size >20mm.","The study found that recurrence sites included the chest wall, and factors associated with increased risk of local failure were age≤40 years and tumour size>20mm, suggesting that chest wall irradiation may be beneficial for these high-risk patients.",maybe,"Chest wall irradiation may be considered for patients with increased risk of local failure, such as those aged ≤40 years or with tumour size >30mm.","The study found that recurrence sites included the chest wall, and factors associated with increased risk of local failure were age≤40 years and tumour size>30mm, suggesting that chest wall irradiation may be beneficial for these high-risk patients.",False,True,The numerical threshold for high-risk tumour size was increased from 20mm to 30mm.,tumour size greater than 20mm,tumour size greater than 30mm,[]
target_llama3_1_70b__aux_gemma4_e4b,157,18243752,Should chest wall irradiation be included after mastectomy and negative node breast cancer?,maybe,True,2,recurrence_site,other,The specific anatomical location where local recurrence was observed.,operative scare and chest wall,operative scare only,True,maybe,"Chest wall irradiation may be considered for patients with increased risk of local failure, such as those aged ≤40 years or with tumour size >20mm.","The study found that recurrence sites included the chest wall, and factors associated with increased risk of local failure were age≤40 years and tumour size>20mm, suggesting that chest wall irradiation may be beneficial for these high-risk patients.",no,Chest wall irradiation is not necessary after mastectomy and negative node breast cancer.,"The study found that local recurrence sites were only at the operative scar, suggesting that chest wall irradiation may not be required.",True,True,The recurrence site was changed from 'operative scare and chest wall' to 'operative scare only'.,operative scare and chest wall,operative scare only,[]
target_llama3_1_70b__aux_gemma4_e4b,186,22211919,"Actinobaculum schaalii, a cause of urinary tract infections in children?",maybe,False,0,urinary_tract_infection,disease or condition,The specific disease or condition associated with the positive finding of A. schaalii.,urinary tract infection,asymptomatic bacteriuria,True,yes,Actinobaculum schaalii is a cause of urinary tract infections in children.,A. schaalii was found in quantities equivalent to ≥ 10(6) CFU/mL by both culture and PCR in two children with a urinary tract infection.,yes,Actinobaculum schaalii is a cause of urinary tract infections in children.,"A. schaalii was found in urine samples from children, including two with asymptomatic bacteriuria and large numbers of leucocytes.",False,True,The specific disease or condition associated with A. schaalii was changed from urinary tract infection to asymptomatic bacteriuria.,urinary tract infection,asymptomatic bacteriuria,[]
target_llama3_1_70b__aux_gemma4_e4b,186,22211919,"Actinobaculum schaalii, a cause of urinary tract infections in children?",maybe,False,1,population_group,comparison group,The age group of the individuals in whom the bacteria were found.,children,adults,True,yes,Actinobaculum schaalii is a cause of urinary tract infections in children.,A. schaalii was found in quantities equivalent to ≥ 10(6) CFU/mL by both culture and PCR in two children with a urinary tract infection.,no,Actinobaculum schaalii is not mentioned as a cause of urinary tract infections in children.,"The abstract mentions A. schaalii being found in two adults with urinary tract infection, but does not mention children.",True,True,The population group was changed from children to adults.,two children,two adults,[]
target_llama3_1_70b__aux_gemma4_e4b,186,22211919,"Actinobaculum schaalii, a cause of urinary tract infections in children?",maybe,False,2,bacterial_load,measured outcome,The measured concentration of A. schaalii in the urine samples.,≥ 10(6) CFU/mL,≥ 10(3) CFU/mL,True,yes,Actinobaculum schaalii is a cause of urinary tract infections in children.,A. schaalii was found in quantities equivalent to ≥ 10(6) CFU/mL by both culture and PCR in two children with a urinary tract infection.,yes,Actinobaculum schaalii is a cause of urinary tract infections in children.,A. schaalii was found in quantities equivalent to ≥ 10(3) CFU/mL by both culture and PCR in two children with a urinary tract infection.,False,True,The reported bacterial load of A. schaalii in two children with UTI was reduced from ≥ 10(6) CFU/mL to ≥ 10(3) CFU/mL.,≥ 10(6) CFU/mL,≥ 10(3) CFU/mL,[]
target_llama3_1_70b__aux_gemma4_e4b,192,17444776,Is the holmium:YAG laser the best intracorporeal lithotripter for the ureter?,yes,False,0,comparison_group,comparison group,The type of lithotripter used for comparison against holmium:YAG laser.,None (The study only uses holmium:YAG laser),"Other intracorporeal lithotripters (e.g., pneumatic or different laser types)",True,maybe,The study does not compare holmium:YAG laser to other intracorporeal lithotripters.,"The abstract reports on the efficiency and safety of holmium:YAG laser lithotripsy, but it does not provide a comparison with other lithotripters.",maybe,The study does not compare the holmium:YAG laser to other intracorporeal lithotripters.,"Although the study reports a high success rate for holmium:YAG laser lithotripsy, it also mentions that other types of lasers were used in the treatment of ureteral stones, but does not provide a direct comparison.",False,True,"The study design was changed from a single-arm study using only holmium:YAG laser lithotripsy to a comparative study involving multiple intracorporeal lithotripters (e.g., pneumatic and other laser types).",A series of 188 patients with 208 ureteral stones were treated with semirigid ureteroscopy and holmium:YAG laser lithotripsy from January 2003 to December 2005.,"A series of 188 patients with 208 ureteral stones were treated with semirigid ureteroscopy and various intracorporeal lithotripters, including holmium:YAG laser, pneumatic lithotripsy, and other laser types, from January 2003 to December 2005.",[]
target_llama3_1_70b__aux_gemma4_e4b,192,17444776,Is the holmium:YAG laser the best intracorporeal lithotripter for the ureter?,yes,False,1,study_purpose,study design,"The primary goal of the study (e.g., comparing multiple treatments vs. assessing one treatment).",To study the efficiency and safety of holmium:YAG laser lithotripsy,To compare the efficiency and safety of multiple lithotripsy methods,True,maybe,The study does not compare holmium:YAG laser to other intracorporeal lithotripters.,"The abstract reports on the efficiency and safety of holmium:YAG laser lithotripsy, but it does not provide a comparison with other lithotripters.",maybe,The study does not compare holmium:YAG laser to other intracorporeal lithotripters.,"The abstract only reports on the efficiency and safety of semirigid ureteroscopy with holmium:YAG laser lithotripsy, without comparing it to other methods.",False,True,The study purpose was changed from focusing on a single treatment (holmium:YAG laser lithotripsy) to comparing multiple lithotripsy methods.,[PURPOSE] To study the efficiency and safety of holmium:YAG laser lithotripsy for ureteral stones.,[PURPOSE] To compare the efficiency and safety of multiple lithotripsy methods for ureteral stones.,[]
target_llama3_1_70b__aux_gemma4_e4b,197,2224269,Should general practitioners call patients by their first names?,yes,False,0,overall_acceptability_of_first_names,measured outcome,The proportion of patients who are comfortable with being called by their first names.,398 (liked or did not mind) vs 77 (disliked),"The majority of patients (e.g., 398) disliked being called by their first names, and only 77 liked it.",True,maybe,"It depends on patient preference, as most patients liked or did not mind being called by their first names.","The study found that 398 out of 475 patients either liked (223) or did not mind (175) being called by their first names, but a significant minority (77) disliked it.",no,General practitioners should not call patients by their first names.,"The majority of patients (398) disliked being called by their first names, with most of those who disliked it being aged over 65.",True,True,"The interpretation of the acceptability of being called by one's first name was reversed. Originally, the majority liked or did not mind (398) being called by their first names. In the counterfactual context, the majority (398) disliked being called by their first names, and only 77 liked it.","Most of the patients either liked (223) or did not mind (175) being called by their first names. Only 77 disliked it, most of whom were aged over 65.","The majority of patients (e.g., 398) disliked being called by their first names, and only 77 liked it. Most of those who disliked it were aged over 65.",[]
target_llama3_1_70b__aux_gemma4_e4b,197,2224269,Should general practitioners call patients by their first names?,yes,False,1,patient_preference_to_call_doctor_by_first_name,measured outcome,The proportion of patients who want to call the doctor by his or her first name.,Most patients (324) did not want to call the doctor by his or her first name.,Most patients (324) wanted to call the doctor by his or her first name.,False,maybe,"It depends on patient preference, as most patients liked or did not mind being called by their first names.","The study found that 398 out of 475 patients either liked (223) or did not mind (175) being called by their first names, but a significant minority (77) disliked it.",maybe,"It depends on patient preference, as most patients liked or did not mind being called by their first names.","The study found that while most patients (398 out of 475) either liked or did not mind being called by their first names, a significant minority (77) disliked it, mostly among those aged over 65.",False,True,The reported preference of patients regarding calling the doctor by their first name was reversed from 'did not want' to 'wanted'.,"Most patients (324) did not, however, want to call the doctor by his or her first name.","Most patients (324) wanted, however, to call the doctor by his or her first name.",[]
target_llama3_1_70b__aux_gemma4_e4b,215,21214884,Can 'high-risk' human papillomaviruses (HPVs) be detected in human breast milk?,no,True,0,detection_result,measured outcome,Whether 'high-risk' HPV DNA was detected in the specimens.,No 'high-risk' HPV DNA was detected.,'High-risk' HPV DNA was detected.,True,no,'High-risk' human papillomaviruses (HPVs) were not detected in human breast milk.,The study found no 'high-risk' HPV DNA in 32 human milk specimens using polymerase chain reaction techniques.,yes,'High-risk' HPV DNA was detected in human breast milk specimens.,The study used PCR techniques to evaluate HPV infection in human breast milk and found 'high-risk' HPV DNA in the studied specimens.,True,True,The detection result was changed from 'no high-risk HPV DNA was detected' to 'high-risk HPV DNA was detected'.,"no 'high-risk' HPV 16, 18, 31, 33, 35, 39, 45, 51, 52, 56, 58 or 58 DNA was detected.","'high-risk' HPV 16, 18, 31, 33, 35, 39, 45, 51, 52, 56, 58 or 58 DNA was detected.",[]
target_llama3_1_70b__aux_gemma4_e4b,215,21214884,Can 'high-risk' human papillomaviruses (HPVs) be detected in human breast milk?,no,True,1,sample_type,other,The biological fluid from which the specimens were collected.,Human breast milk,Human blood,True,no,'High-risk' human papillomaviruses (HPVs) were not detected in human breast milk.,The study found no 'high-risk' HPV DNA in 32 human milk specimens using polymerase chain reaction techniques.,no,"'High-risk' HPVs were not detected in human blood, but the study did not specifically examine breast milk.","The study evaluated HPV infection in human blood, not breast milk, and found no 'high-risk' HPV DNA.",False,True,The sample type was changed from 'Human breast milk' to 'Human blood' throughout the abstract context.,human breast milk... human milk specimens,human blood... human blood specimens,[]
target_llama3_1_70b__aux_gemma4_e4b,215,21214884,Can 'high-risk' human papillomaviruses (HPVs) be detected in human breast milk?,no,True,2,hpv_risk_level,other,The risk category of the HPV types being tested for.,High-risk,Low-risk,True,no,'High-risk' human papillomaviruses (HPVs) were not detected in human breast milk.,The study found no 'high-risk' HPV DNA in 32 human milk specimens using polymerase chain reaction techniques.,no,'High-risk' human papillomaviruses (HPVs) were not detected in human breast milk.,"The study specifically mentions that 'low-risk' HPVs were not detected, but it does not provide information on 'high-risk' HPVs; however, the list of undetected HPVs includes some high-risk types such as HPV 16 and 18.",False,True,The risk level of the HPV types tested for was changed from 'High-risk' to 'Low-risk'.,high-risk,low-risk,[]
target_deepseek_r1_32b__aux_gemma4_e4b,8,17113061,Do mutations causing low HDL-C promote increased carotid intima-media thickness?,no,True,0,cimt_difference,measured outcome,The difference in carotid intima-media thickness (cIMT) measurements between cases (with low HDL) and controls.,Nearly identical (0.66 +/- 0.17 cm vs 0.65 +/- 0.18 cm),"Significantly higher in cases (e.g., 0.80 cm)",True,no,"No, mutations causing low HDL-C do not promote increased carotid intima-media thickness.",The study showed that cIMT levels were nearly identical between subjects with genetic HDL deficiency and controls despite significantly lower HDL cholesterol in the cases.,yes,"Yes, mutations causing low HDL-C promote increased carotid intima-media thickness.","The study found that individuals with genetic mutations leading to low HDL cholesterol had significantly higher cIMT compared to controls, indicating an association between these mutations and increased carotid intima-media thickness.",True,True,The reported difference in cIMT between cases and controls was changed from 'nearly identical' to 'significantly higher in cases'.,cIMT was nearly identical between cases (0.66+/-0.17 cm) and controls (0.65+/-0.18 cm),"cIMT was significantly higher in cases (e.g., 0.80 cm) compared to controls",[]
target_deepseek_r1_32b__aux_gemma4_e4b,8,17113061,Do mutations causing low HDL-C promote increased carotid intima-media thickness?,no,True,1,hdl_difference,measured outcome,The difference in HDL cholesterol levels between cases (with mutations) and controls.,Significantly lower in cases (0.67 vs 1.58 mmol/l),Not significantly different between cases and controls,True,no,"No, mutations causing low HDL-C do not promote increased carotid intima-media thickness.",The study showed that cIMT levels were nearly identical between subjects with genetic HDL deficiency and controls despite significantly lower HDL cholesterol in the cases.,no,"No, mutations causing low HDL-C do not promote increased carotid intima-media thickness.",The study found no significant difference in cIMT between cases with HDL-related mutations and controls.,False,True,The description of the difference in HDL cholesterol levels between cases and controls was changed from 'Significantly lower in cases (0.67 vs 1.58 mmol/l)' to 'Not significantly different between cases and controls'.,despite significantly lower HDL cholesterol (0.67 vs. 1.58 mmol/l),despite HDL cholesterol not being significantly different between cases and controls,[]
target_deepseek_r1_32b__aux_gemma4_e4b,8,17113061,Do mutations causing low HDL-C promote increased carotid intima-media thickness?,no,True,2,study_design,study design,The type of study and the specific population studied (case-control study of specific mutations).,"1:2 case-control study of 10 specific mutations (LCAT, ABCA1, APOA1)",Large cross-sectional cohort study of all individuals with low HDL-C,False,no,"No, mutations causing low HDL-C do not promote increased carotid intima-media thickness.",The study showed that cIMT levels were nearly identical between subjects with genetic HDL deficiency and controls despite significantly lower HDL cholesterol in the cases.,no,Mutations causing low HDL-C do not promote increased carotid intima-media thickness.,"The study showed that cIMT measurements were nearly identical between individuals with low HDL-C and controls, despite significantly lower HDL cholesterol levels.",False,True,"The study design was changed from a case-control study of specific mutations (LCAT, ABCA1, APOA1) to a large cross-sectional cohort study of all individuals with low HDL-C. Corresponding minor edits were made in the METHODS and RESULTS sections to reflect this change.","Carotid intima-media thickness (cIMT) measurements were obtained in cases comprising 10 different mutations in LCAT, ABCA1 and APOA1 to further evaluate the relationship between low HDL resulting from genetic variation and early atherosclerosis.

In a 1:2 case-control study of sex and age-related (+/-5 y) subjects (n=114), cIMT was nearly identical between cases (0.66+/-0.17 cm) and controls (0.65+/-0.18 cm) despite significantly lower HDL cholesterol (0.67 vs. 1.58 mmol/l) and apolipoprotein A-I levels (96.7 vs. 151.4 mg/dl) (P<0.05)","Carotid intima-media thickness (cIMT) measurements were obtained in a large cross-sectional cohort study of all individuals with low HDL-C to further evaluate the relationship between low HDL and early atherosclerosis.

In a large cross-sectional cohort study of sex and age-related (+/-5 y) subjects (n=114), cIMT was nearly identical between groups (0.66+/-0.17 cm) and controls (0.65+/-0.18 cm) despite significantly lower HDL cholesterol (0.67 vs. 1.58 mmol/l) and apolipoprotein A-I levels (96.7 vs. 151.4 mg/dl) (P<0.05)",[]
target_deepseek_r1_32b__aux_gemma4_e4b,17,17096624,Do patterns of knowledge and attitudes exist among unvaccinated seniors?,yes,True,0,number_of_clusters,measured outcome,The number of distinct clusters or groups identified among the surveyed seniors.,4,1,True,yes,"Yes, patterns exist.","The study identified four distinct clusters (Potentials, Fearful Uninformeds, Doubters, Misinformeds) with varying beliefs about the influenza vaccine among unvaccinated seniors.",yes,Patterns of knowledge and attitudes do exist among unvaccinated seniors.,"The study identified a cluster of unvaccinated seniors with high knowledge and positive attitudes toward vaccination, indicating existing patterns.",False,True,The number of distinct clusters identified among the seniors was changed from 4 to 1. This required replacing the detailed descriptions of the four groups and generalizing the subsequent comparative sentence to maintain internal consistency.,[RESULTS] Identified 4 clusters: Potentials (45%) would receive influenza vaccine to prevent disease; Fearful Uninformeds (9%) were unsure if influenza vaccine causes illness; Doubters (27%) were unsure if vaccine is efficacious; Misinformeds (19%) believed influenza vaccine causes illness. More Potentials (75%) and Misinformeds (70%) ever received influenza vaccine than did Fearful Uninformeds (18%) and Doubters (29%).,[RESULTS] Identified 1 cluster: The seniors generally demonstrated high knowledge and positive attitudes toward vaccination. The majority of seniors (75%) had previously received the influenza vaccine.,[]
target_deepseek_r1_32b__aux_gemma4_e4b,17,17096624,Do patterns of knowledge and attitudes exist among unvaccinated seniors?,yes,True,1,variability_of_beliefs,measured outcome,The degree of variation in knowledge and attitudes regarding the influenza vaccine among the seniors.,"Varying beliefs (e.g., belief in prevention vs. belief in causation)","Uniform beliefs (e.g., all seniors hold the same belief)",True,yes,"Yes, patterns exist.","The study identified four distinct clusters (Potentials, Fearful Uninformeds, Doubters, Misinformeds) with varying beliefs about the influenza vaccine among unvaccinated seniors.",no,No clear patterns were identified among unvaccinated seniors.,"The study found that most seniors (95%) were vaccinated, leaving insufficient data to identify patterns among the unvaccinated.",True,True,"The description of the findings was changed from showing multiple, varied clusters of beliefs (variability_of_beliefs) to showing a single, uniform belief pattern among the seniors.",Identified 4 clusters: Potentials (45%) would receive influenza vaccine to prevent disease; Fearful Uninformeds (9%) were unsure if influenza vaccine causes illness; Doubters (27%) were unsure if vaccine is efficacious; Misinformeds (19%) believed influenza vaccine causes illness. More Potentials (75%) and Misinformeds (70%) ever received influenza vaccine than did Fearful Uninformeds (18%) and Doubters (29%).,Identified a single cluster: All seniors (100%) expressed consistent belief in the vaccine's role in preventing disease. All seniors (95%) reported having received the influenza vaccine.,[]
target_deepseek_r1_32b__aux_gemma4_e4b,29,28707539,Visceral adipose tissue area measurement at a single level: can it represent visceral adipose tissue volume?,yes,True,0,correlation_r_value,statistical significance,The strength of the correlation (r value) found between VAT area and VAT volume changes.,0.853,0.3,True,yes,"Yes, VAT area measurement at a single level can represent VAT volume.","The study found that measuring VAT area at a slice 3 cm above the lower margin of L3 showed strong correlations with VAT volume (r = 0.853) and body weight changes (r = 0.902), indicating it effectively represents VAT volume.",yes,"Yes, measuring VAT area at a specific slice can represent VAT volume.","The study found that VAT area measured at 3 cm above the lower margin of L3 showed moderate correlation with VAT volume (r=0.3), indicating it can represent VAT volume.",False,True,The correlation coefficient (r value) between VAT area and VAT volume changes was changed from 0.853 to 0.3.,0.853,0.3,[]
target_deepseek_r1_32b__aux_gemma4_e4b,29,28707539,Visceral adipose tissue area measurement at a single level: can it represent visceral adipose tissue volume?,yes,True,1,ct_slice_location,other,The specific anatomical location (slice level) where the VAT area measurement was taken.,3 cm above the lower margin of L3,5 cm above the lower margin of L3,True,yes,"Yes, VAT area measurement at a single level can represent VAT volume.","The study found that measuring VAT area at a slice 3 cm above the lower margin of L3 showed strong correlations with VAT volume (r = 0.853) and body weight changes (r = 0.902), indicating it effectively represents VAT volume.",yes,"Yes, measuring VAT area at a specific slice level correlates strongly with VAT volume.",The study found strong correlations (r=0.853 and r=0.902) between VAT area at a single CT slice level and both VAT volume and body weight changes.,False,True,The slice location used for optimal VAT area measurement was changed from 3 cm to 5 cm above the lower margin of L3.,3 cm above the lower margin of L3,5 cm above the lower margin of L3,[]
target_deepseek_r1_32b__aux_gemma4_e4b,29,28707539,Visceral adipose tissue area measurement at a single level: can it represent visceral adipose tissue volume?,yes,True,2,measured_outcome_comparison,measured outcome,The comparison being made between the single-level VAT area measurement and the overall VAT volume.,VAT area vs VAT volume,VAT area vs body weight change,True,yes,"Yes, VAT area measurement at a single level can represent VAT volume.","The study found that measuring VAT area at a slice 3 cm above the lower margin of L3 showed strong correlations with VAT volume (r = 0.853) and body weight changes (r = 0.902), indicating it effectively represents VAT volume.",yes,"Yes, VAT area measurement at a single level can represent VAT volume.","The study found a strong correlation (r=0.902) between VAT area at a specific CT slice and body weight changes, suggesting it reflects VAT volume.",False,True,The primary outcome comparison in the results section was changed from comparing VAT area to VAT volume (and body weight) to focusing solely on the comparison between VAT area and body weight changes.,"The strongest correlations of VAT area with VAT volume and body weight changes were shown in a slice 3 cm above the lower margin of L3 with r values of 0.853 and 0.902, respectively.",The strongest correlation of VAT area with body weight changes was shown in a slice 3 cm above the lower margin of L3 with an r value of 0.902.,[]
target_deepseek_r1_32b__aux_gemma4_e4b,32,9645785,Is a mandatory general surgery rotation necessary in the surgical clerkship?,no,True,0,no_difference_in_scores,measured outcome,The finding that there were no statistically significant differences in scores between the group with and without general surgery rotations.,no differences in scores on any parameter,significant differences in scores were found,True,no,A mandatory general surgery rotation is not necessary.,The study showed no differences in outcomes between students who did and did not include general surgery rotations.,yes,A mandatory general surgery rotation is necessary.,"The study found significant differences in scores when general surgery was excluded, indicating its importance.",True,True,"The finding that there were no statistically significant differences in scores was changed to a finding that significant differences were found, requiring a minimal adjustment to the subsequent sentence to maintain internal consistency.",Data for 54 students showed no differences in scores between groups on any parameter. No specific concerns related to the absence of general surgery were identified.,Data for 54 students showed significant differences in scores between groups on certain parameters. Specific concerns related to the absence of general surgery were identified.,[]
target_deepseek_r1_32b__aux_gemma4_e4b,32,9645785,Is a mandatory general surgery rotation necessary in the surgical clerkship?,no,True,1,number_of_students,numerical size,The total number of students included in the study.,54 students,10 students,False,no,A mandatory general surgery rotation is not necessary.,The study showed no differences in outcomes between students who did and did not include general surgery rotations.,no,A mandatory general surgery rotation is not necessary.,The study showed no differences in student performance or concerns when a general surgery rotation was omitted.,False,True,The total number of students included in the study was changed from 54 to 10.,Data for 54 students,Data for 10 students,[]
target_deepseek_r1_32b__aux_gemma4_e4b,32,9645785,Is a mandatory general surgery rotation necessary in the surgical clerkship?,no,True,2,specific_outcome_parameter,measured outcome,"The specific assessment method or outcome that was measured (e.g., OSCE, written exam).",any parameter,Objective Structured Clinical Examination (OSCE),False,no,A mandatory general surgery rotation is not necessary.,The study showed no differences in outcomes between students who did and did not include general surgery rotations.,no,A mandatory general surgery rotation is not necessary.,"The study showed no differences in scores between students with and without general surgery rotations, suggesting equal mastery can be achieved.",False,True,The list of assessment methods in the Methods section was narrowed to focus solely on the Objective Structured Clinical Examination (OSCE).,"written examination, objective structured clinical examination (OSCE), ward evaluations, self-assessment objectives questionnaire, and satisfaction survey.",Objective Structured Clinical Examination (OSCE).,[]
target_deepseek_r1_32b__aux_gemma4_e4b,46,19504993,It's Fournier's gangrene still dangerous?,yes,True,0,mortality_rate,measured outcome,The proportion of patients who died from Fournier's gangrene.,5 out of 14 patients (high),1 out of 14 patients (low),True,yes,"Yes, Fournier's gangrene is still dangerous.","The abstract indicates that despite treatments like antibiotics and aggressive debridement, the mortality rate remains high, with 5 out of 14 patients dying.",yes,"Yes, Fournier's gangrene remains dangerous.","The abstract indicates that despite treatments like antibiotics and aggressive debridement, the mortality rate for Fournier's gangrene remains high.",False,True,"The reported number of deaths and survivors was changed from 5/9 to 1/13, reflecting a lower mortality rate.",5 died and 9 survived.,1 died and 13 survived.,[]
target_deepseek_r1_32b__aux_gemma4_e4b,46,19504993,It's Fournier's gangrene still dangerous?,yes,True,1,treatment_type,other,The standard treatments used for Fournier's gangrene.,antibiotics and aggressive debridement,novel immunotherapy,True,yes,"Yes, Fournier's gangrene is still dangerous.","The abstract indicates that despite treatments like antibiotics and aggressive debridement, the mortality rate remains high, with 5 out of 14 patients dying.",yes,"Yes, Fournier's gangrene is still dangerous.","The abstract indicates that despite novel immunotherapy, the mortality rate remains high at approximately 36% among treated patients.",False,True,"The standard treatments used for Fournier's gangrene were changed from ""antibiotics and aggressive debridement"" to ""novel immunotherapy"".",antibiotics and aggressive debridement,novel immunotherapy,[]
target_deepseek_r1_32b__aux_gemma4_e4b,46,19504993,It's Fournier's gangrene still dangerous?,yes,True,2,patient_count,numerical size,The total number of patients included in the retrospective review.,14 patients,140 patients,True,yes,"Yes, Fournier's gangrene is still dangerous.","The abstract indicates that despite treatments like antibiotics and aggressive debridement, the mortality rate remains high, with 5 out of 14 patients dying.",yes,"Yes, Fournier's gangrene is still dangerous.","The abstract indicates that despite treatment with antibiotics and aggressive debridement, the mortality rate for Fournier's gangrene remains high at approximately 36%.",False,True,"The total number of patients reviewed was increased from 14 to 140. To maintain internal consistency, the reported outcomes were adjusted proportionally: 5 deaths and 9 survivors were changed to 50 deaths and 90 survivors.",14 patients,140 patients,[]
target_deepseek_r1_32b__aux_gemma4_e4b,54,25277731,Sternal fracture in growing children : A rare and often overlooked fracture?,maybe,False,0,total_number_of_cases,numerical size,The total number of children with sternal fractures recorded during the study period.,4 children,40 children,True,yes,"Yes, sternal fractures in growing children are rare.","The abstract states that sternal fractures in childhood are rare, with only four cases recorded over two years.",yes,"Yes, sternal fractures in growing children are rare and often overlooked.","The study explicitly states that sternal fractures in childhood are rare, supporting the idea they might be overlooked.",False,True,The total number of children with sternal fractures was increased from 4 to 40. The subsequent breakdown of hospitalized (2 -> 20) and outpatient (2 -> 20) cases was proportionally adjusted to maintain internal consistency (20 + 20 = 40).,"A total of 4 children aged 5-14 years with a sternal fracture were treated in 2 years, 2 children were hospitalized for pain management and 2 remained in outpatient care.","A total of 40 children aged 5-14 years with a sternal fracture were treated in 2 years, 20 children were hospitalized for pain management and 20 remained in outpatient care.",[]
target_deepseek_r1_32b__aux_gemma4_e4b,54,25277731,Sternal fracture in growing children : A rare and often overlooked fracture?,maybe,False,1,study_duration,follow-up duration,The time period over which the sternal fractures were recorded.,2 years,10 years,True,yes,"Yes, sternal fractures in growing children are rare.","The abstract states that sternal fractures in childhood are rare, with only four cases recorded over two years.",yes,"Yes, sternal fractures in growing children are rare.","The abstract states that sternal fractures in childhood are rare, with only four cases recorded over a ten-year period.",False,True,The study duration (time period over which the sternal fractures were recorded) was changed from 2 years to 10 years.,2 years,10 years,[]
target_deepseek_r1_32b__aux_gemma4_e4b,54,25277731,Sternal fracture in growing children : A rare and often overlooked fracture?,maybe,False,2,age_range,comparison group,The specific age group of the children included in the study.,5-14 years,0-25 years,False,yes,"Yes, sternal fractures in growing children are rare.","The abstract states that sternal fractures in childhood are rare, with only four cases recorded over two years.",yes,"Yes, sternal fractures in growing children are rare.","The abstract states that sternal fractures in childhood are rare, with only four cases treated over two years.",False,True,The age range of the children included in the study was expanded from 5-14 years to 0-25 years.,5-14 years,0-25 years,[]
target_deepseek_r1_32b__aux_gemma4_e4b,59,27491658,Can predilatation in transcatheter aortic valve implantation be omitted?,yes,True,0,statistical_significance_of_differences,statistical significance,Whether or not there are significant differences in outcomes between the group with predilatation and the group without predilatation.,No significant differences,"Significant differences (e.g., higher complication rates without predilatation)",True,yes,"Yes, predilatation can be omitted in transcatheter aortic valve implantation.",The study found no significant differences between groups with and without balloon predilatation regarding early hemodynamic results or complication rates.,no,Predilatation cannot be omitted in transcatheter aortic valve implantation.,"The study found higher complication rates when balloon predilatation was omitted, indicating it is necessary.",True,True,"The finding of statistical significance was reversed from 'no significant differences' to 'significant differences', specifically noting increased complication rates in the group without predilatation.",There were no significant differences between the groups regarding early hemodynamic results or complication rates.,"There were significant differences between the groups, notably showing higher complication rates in the group where predilatation was omitted.",[]
target_deepseek_r1_32b__aux_gemma4_e4b,59,27491658,Can predilatation in transcatheter aortic valve implantation be omitted?,yes,True,1,complication_rates,measured outcome,The rate of complications observed in the two study groups.,No significant differences,Significantly higher complication rates in the group without predilatation,True,yes,"Yes, predilatation can be omitted in transcatheter aortic valve implantation.",The study found no significant differences between groups with and without balloon predilatation regarding early hemodynamic results or complication rates.,no,Predilatation in TAVI cannot be omitted.,"The study found higher complication rates when balloon predilatation was omitted, indicating its necessity.",True,True,The finding regarding complication rates was changed from 'no significant differences' to 'significantly higher complication rates in the group without predilatation'.,There were no significant differences between the groups regarding early hemodynamic results or complication rates.,"There were significant differences between the groups regarding complication rates, with the group without predilatation having significantly higher complication rates.",[]
target_deepseek_r1_32b__aux_gemma4_e4b,59,27491658,Can predilatation in transcatheter aortic valve implantation be omitted?,yes,True,2,early_hemodynamic_results,measured outcome,The immediate hemodynamic outcomes measured after the procedure in the two study groups.,No significant differences,Significantly worse hemodynamic results in the group without predilatation,True,yes,"Yes, predilatation can be omitted in transcatheter aortic valve implantation.",The study found no significant differences between groups with and without balloon predilatation regarding early hemodynamic results or complication rates.,no,Predilatation cannot be omitted in transcatheter aortic valve implantation.,The study found that omitting balloon predilatation resulted in significantly worse hemodynamic outcomes without any significant reduction in complications.,True,True,The finding regarding early hemodynamic results was changed from 'No significant differences' to 'Significantly worse hemodynamic results in the group without predilatation'.,There were no significant differences between the groups regarding early hemodynamic results or complication rates.,"There were significantly worse hemodynamic results in the group without predilatation compared to the standard procedure, and no significant differences regarding complication rates.",[]
target_deepseek_r1_32b__aux_gemma4_e4b,71,18049437,Is there any relationship between streptococcal infection and multiple sclerosis?,yes,True,0,adnase_b_levels,measured outcome,The measured level of the enzyme ADNase B in the patient group compared to controls.,Significantly higher in MS patients than controls,Similar to controls,True,yes,"Yes, there is a relationship.","MS patients had significantly higher ADNase B levels than controls, suggesting a possible association with streptococcal infection.",no,There is no relationship between streptococcal infection and multiple sclerosis.,"The study found that ASO and ADNase B levels were similar in both MS patients and controls, indicating no significant association.",True,True,The reported level of ADNase B in MS patients was changed from 'significantly higher than in the controls' to 'similar to controls'.,ADNase B levels in the patients with MS were found to be significantly higher than in the controls (p<0.001),ADNase B levels in the patients with MS were found to be similar to controls,[]
target_deepseek_r1_32b__aux_gemma4_e4b,71,18049437,Is there any relationship between streptococcal infection and multiple sclerosis?,yes,True,1,statistical_significance,statistical significance,The statistical measure indicating the difference between the MS group and the control group.,p < 0.001,p > 0.05 (not significant),True,yes,"Yes, there is a relationship.","MS patients had significantly higher ADNase B levels than controls, suggesting a possible association with streptococcal infection.",no,There is no significant relationship found between streptococcal infection and multiple sclerosis.,"The study measured antibodies against streptococcal components in MS patients and controls, finding no significant differences, suggesting no link.",True,True,The statistical significance of the difference in ADNase B levels between the MS group and the control group was changed from highly significant (p < 0.001) to not significant (p > 0.05). The descriptive wording ('significantly higher') was minimally adjusted to 'similar to those in the controls' to maintain internal consistency with the new non-significant finding.,ADNase B levels in the patients with MS were found to be significantly higher than in the controls (p<0.001),"ADNase B levels in the patients with MS were found to be similar to those in the controls (p > 0.05, not significant)",[]
target_deepseek_r1_32b__aux_gemma4_e4b,71,18049437,Is there any relationship between streptococcal infection and multiple sclerosis?,yes,True,2,control_group_status,comparison group,The health status of the comparison group used in the study.,Healthy blood donors,Patients with another autoimmune condition,True,yes,"Yes, there is a relationship.","MS patients had significantly higher ADNase B levels than controls, suggesting a possible association with streptococcal infection.",maybe,There may be a relationship between streptococcal infection and multiple sclerosis.,"The study found significantly higher ADNase B levels in MS patients compared to controls, suggesting possible exposure to Streptococcus pyogenes.",True,True,The comparison group (control group) was changed from healthy blood donors to patients with another autoimmune condition.,and 21 healthy blood donors,and 21 patients with another autoimmune condition,[]
target_deepseek_r1_32b__aux_gemma4_e4b,86,11570976,Is it Crohn's disease?,maybe,True,0,primary_diagnosis,disease or condition,The established diagnosis of the patient in the case presentation.,rheumatoid arthritis,crohn's disease,True,maybe,It might be related to Crohn's disease.,"The abstract mentions Crohn Disease in the MeSH terms, suggesting it is relevant, but the case involves a patient with rheumatoid arthritis without explicit confirmation of Crohn's.",yes,"Yes, the case involves a patient with Crohn's disease.",The PubMed abstract explicitly mentions a 21-year-old female with Crohn's disease who experienced severe systemic reactions to sulfasalazine.,True,True,The primary diagnosis of the patient was changed from rheumatoid arthritis to crohn's disease.,rheumatoid arthritis,crohn's disease,[]
target_deepseek_r1_32b__aux_gemma4_e4b,86,11570976,Is it Crohn's disease?,maybe,True,1,mesh_term_crohns_disease,other,The inclusion of Crohn's disease in the MeSH terms.,present,absent,True,maybe,It might be related to Crohn's disease.,"The abstract mentions Crohn Disease in the MeSH terms, suggesting it is relevant, but the case involves a patient with rheumatoid arthritis without explicit confirmation of Crohn's.",no,"No, the case does not involve Crohn's disease.","The patient has rheumatoid arthritis and experienced severe systemic reactions to sulfasalazine, but there is no mention of Crohn's disease.",True,True,"The MeSH term 'Crohn Disease' was removed, indicating that the concept is absent from the context.",Crohn Disease,,[]
target_deepseek_r1_32b__aux_gemma4_e4b,86,11570976,Is it Crohn's disease?,maybe,True,2,granulomatous_enteritis,measured outcome,The specific gastrointestinal finding observed in the patient.,present,absent,False,maybe,It might be related to Crohn's disease.,"The abstract mentions Crohn Disease in the MeSH terms, suggesting it is relevant, but the case involves a patient with rheumatoid arthritis without explicit confirmation of Crohn's.",no,"No, the patient has rheumatoid arthritis, not Crohn's disease.","The abstract describes a patient with rheumatoid arthritis experiencing severe reactions to sulfasalazine. While Crohn Disease is listed as a MeSH term, it is not mentioned in the case presentation.",True,True,"The specific gastrointestinal finding, granulomatous enteritis, was changed from present to absent in the patient's characteristic findings.",granulomatous enteritis,,[]
target_deepseek_r1_32b__aux_gemma4_e4b,95,23076787,Can increases in the cigarette tax rate be linked to cigarette retail prices?,no,True,0,excise_tax_increase_year,other,The specific year of the excise tax increase discussed in the context.,2009,2015,True,no,Increases in the cigarette tax rate are not linked to cigarette retail prices.,The 2009 excise tax increase did not translate into higher retail prices as the STMA kept them unchanged.,no,Increases in cigarette tax rates are not linked to higher cigarette retail prices.,"Despite a 2015 excise tax increase, the Chinese STMA ensured that retail cigarette prices remained unchanged.",False,True,The year of the excise tax increase was changed from 2009 to 2015 throughout the results section.,2009,2015,[]
target_deepseek_r1_32b__aux_gemma4_e4b,95,23076787,Can increases in the cigarette tax rate be linked to cigarette retail prices?,no,True,1,stma_regulatory_control,other,The ability of the Chinese STMA to use its policy authority to prevent retail price increases despite tax hikes.,STMA used its policy authority to ensure prices did not change,STMA did not intervene/could not control prices,True,no,Increases in the cigarette tax rate are not linked to cigarette retail prices.,The 2009 excise tax increase did not translate into higher retail prices as the STMA kept them unchanged.,yes,"Yes, increases in the cigarette tax rate can be linked to cigarette retail prices.",The 2009 excise tax increase resulted in higher retail prices because the STMA did not intervene or control prices.,True,True,"The abstract was changed to reflect a scenario where the STMA failed to regulate prices following a tax hike, causing the tax increase to translate into higher consumer prices.",because the Chinese STMA used its policy authority to ensure that retail cigarette prices did not change. ... with no increase in the retail price of cigarettes for consumers.,because the Chinese STMA did not intervene/could not control prices. ... with an increase in the retail price of cigarettes for consumers.,[]
target_deepseek_r1_32b__aux_gemma4_e4b,95,23076787,Can increases in the cigarette tax rate be linked to cigarette retail prices?,no,True,2,retail_price_change,measured outcome,Whether the retail price of cigarettes increased following the tax hike.,No increase in the retail price of cigarettes for consumers,Retail price increased proportionally to the tax hike,True,no,Increases in the cigarette tax rate are not linked to cigarette retail prices.,The 2009 excise tax increase did not translate into higher retail prices as the STMA kept them unchanged.,yes,"Yes, increases in cigarette tax rates can be linked to higher cigarette retail prices.",The 2009 excise tax increase resulted in higher retail prices as the tax was collected at both producer and wholesale levels.,True,True,"The abstract was changed to reflect that the retail price of cigarettes did increase proportionally to the tax hike, reversing the original finding that the STMA prevented any price change.","The 2009 excise tax increase on cigarettes in China has not translated into higher retail prices because the Chinese STMA used its policy authority to ensure that retail cigarette prices did not change. The government tax increase is being collected at both the producer and wholesale levels. As a result, the 2009 excise tax increase in China has resulted in higher tax revenue for the government and lower profits for the tobacco industry, with no increase in the retail price of cigarettes for consumers.","The 2009 excise tax increase on cigarettes in China translated into higher retail prices, as the government tax increase was collected at both the producer and wholesale levels. As a result, the 2009 excise tax increase in China has resulted in higher tax revenue for the government and lower profits for the tobacco industry, with the retail price increasing proportionally to the tax hike.",[]
target_deepseek_r1_32b__aux_gemma4_e4b,118,19106867,"The Main Gate Syndrome: a new format in mass-casualty victim ""surge"" management?",yes,False,0,main_gate_syndrome,disease or condition,The specific syndrome being questioned in the prompt.,Not mentioned,Mentioned and discussed,True,no,"No, the abstract does not introduce or discuss the Main Gate Syndrome.",The abstract focuses on triage and surgical management of casualties from suicide bombings but does not mention the Main Gate Syndrome.,yes,"Yes, Main Gate Syndrome represents a new format in managing mass-casualty surges.","The abstract describes Main Gate Syndrome as a novel problem due to simultaneous arrivals of severely injured patients from suicide bombings, indicating a new approach to surge management.",True,True,The concept 'main_gate_syndrome' was introduced into the Introduction section to reflect that it is now a key focus of the trauma management problem.,Recent suicide bombings pose the novel problem for Trauma Centers of the massive simultaneous arrival of many gravely wounded patients.,"Recent suicide bombings pose the novel problem for Trauma Centers, particularly concerning Main Gate Syndrome, due to the massive simultaneous arrival of many gravely wounded patients.",[]
target_deepseek_r1_32b__aux_gemma4_e4b,118,19106867,"The Main Gate Syndrome: a new format in mass-casualty victim ""surge"" management?",yes,False,1,type_of_incident,other,The cause of the mass casualty incident.,Suicide bombings,"Natural disaster (e.g., earthquake)",True,no,"No, the abstract does not introduce or discuss the Main Gate Syndrome.",The abstract focuses on triage and surgical management of casualties from suicide bombings but does not mention the Main Gate Syndrome.,no,"No, the Main Gate Syndrome is not mentioned as a new format in the context.",The abstract discusses triage and management of casualties during an earthquake but does not reference 'Main Gate Syndrome.',False,True,"The cause of the mass casualty incident was changed from 'Suicide bombings' to 'Natural disaster (e.g., earthquake)' in the Introduction, Methods, and MeSH terms.",suicide bombings,"natural disaster (e.g., earthquake)",[]
target_deepseek_r1_32b__aux_gemma4_e4b,118,19106867,"The Main Gate Syndrome: a new format in mass-casualty victim ""surge"" management?",yes,False,2,management_focus,other,The primary medical focus of the reported experience.,Triage and surgical management,Novel trauma protocol implementation,True,no,"No, the abstract does not introduce or discuss the Main Gate Syndrome.",The abstract focuses on triage and surgical management of casualties from suicide bombings but does not mention the Main Gate Syndrome.,no,"No, the abstract does not mention Main Gate Syndrome.",The abstract describes a novel trauma protocol implemented during mass casualty incidents but does not reference Main Gate Syndrome.,False,True,"The description of the initial medical actions in the RESULTS section was changed from listing specific procedures (triage and surgical triage) to stating that a 'novel trauma protocol' was implemented, thereby shifting the primary focus from the specific medical actions to the systemic implementation of a new protocol.",A first triage was carried out by the U S Army Level I group prior to evacuation. A second surgical triage was carried out with systematic ultrasound exam.,"A novel trauma protocol was implemented, involving a first triage carried out by the U S Army Level I group prior to evacuation and a second surgical triage with systematic ultrasound exam.",[]
target_deepseek_r1_32b__aux_gemma4_e4b,124,18540901,Transient tachypnea of the newborn (TTN): a role for polymorphisms in the beta-adrenergic receptor (ADRB) encoding genes?,yes,True,0,association_significance,statistical significance,Whether the study found a statistically significant association between ADRB polymorphisms and TTN.,Significant (p < 0.05),Not significant (p > 0.05),True,yes,"Yes, polymorphisms in beta-adrenergic receptor genes are associated with TTN.","The study found significant associations between specific ADRB gene polymorphisms and TTN, suggesting a role for these genetic variations.",no,No role for ADRB gene polymorphisms in TTN is supported by the study.,The study found no significant associations between beta1Ser49Gly and other ADRB2 polymorphisms with TTN.,True,True,"The statistical significance of the association between ADRB polymorphisms and TTN was changed from significant (p < 0.05) to not significant (p > 0.05) across all reported analyses, requiring minimal edits to the descriptive wording and p-values for consistency.","The beta1Ser49Gly polymorphism differed significantly between cases and controls. Multivariate analysis provided beta1Gly49 homozygotes with higher risk for TTN (OR 18.5; 95%CI 1.5-229; p = 0.023) than beta1Ser49 allele carrier. Further analysis showed significant association of T-47C, A46G, C79G and C491T (TACC) haplotype in ADRB2 gene with TTN (p = 0.048).","The beta1Ser49Gly polymorphism did not differ significantly between cases and controls. Multivariate analysis provided beta1Gly49 homozygotes with higher risk for TTN (OR 18.5; 95%CI 1.5-229; p = 0.15) than beta1Ser49 allele carrier. Further analysis showed no significant association of T-47C, A46G, C79G and C491T (TACC) haplotype in ADRB2 gene with TTN (p = 0.12).",[]
target_deepseek_r1_32b__aux_gemma4_e4b,124,18540901,Transient tachypnea of the newborn (TTN): a role for polymorphisms in the beta-adrenergic receptor (ADRB) encoding genes?,yes,True,1,adrb_polymorphism_association,other,"The finding that specific polymorphisms (e.g., beta1Ser49Gly or TACC haplotype) are associated with TTN.","Associated (e.g., higher risk for TTN)",Not associated (no difference in risk or prevalence found),True,yes,"Yes, polymorphisms in beta-adrenergic receptor genes are associated with TTN.","The study found significant associations between specific ADRB gene polymorphisms and TTN, suggesting a role for these genetic variations.",no,No significant role for ADRB gene polymorphisms in TTN.,"Multivariate analysis showed no significant association between beta1Gly49 homozygotes and TTN, nor with other ADRB2 polymorphisms.",True,True,The findings regarding the association of both the beta1Gly49 polymorphism and the TACC haplotype with TTN were changed from 'associated/higher risk' to 'no significant difference/no significant association'.,"Multivariate analysis provided beta1Gly49 homozygotes with higher risk for TTN (OR 18.5; 95%CI 1.5-229; p = 0.023) than beta1Ser49 allele carrier. Further analysis showed significant association of T-47C, A46G, C79G and C491T (TACC) haplotype in ADRB2 gene with TTN (p = 0.048).","Multivariate analysis showed no significant difference in risk for TTN between beta1Gly49 homozygotes and beta1Ser49 allele carriers. Further analysis showed no significant association of T-47C, A46G, C79G and C491T (TACC) haplotype in ADRB2 gene with TTN (p = 0.21).",[]
target_deepseek_r1_32b__aux_gemma4_e4b,124,18540901,Transient tachypnea of the newborn (TTN): a role for polymorphisms in the beta-adrenergic receptor (ADRB) encoding genes?,yes,True,2,control_group_status,comparison group,The health status of the comparison group used in the study.,Healthy controls,"Controls with a different condition (e.g., mild respiratory distress)",False,yes,"Yes, polymorphisms in beta-adrenergic receptor genes are associated with TTN.","The study found significant associations between specific ADRB gene polymorphisms and TTN, suggesting a role for these genetic variations.",yes,"Yes, polymorphisms in beta-adrenergic receptor (ADRB) encoding genes are associated with TTN.","The study found significant associations between specific ADRB gene polymorphisms and TTN, including the beta1Ser49Gly polymorphism and certain haplotypes.",False,True,The health status of the comparison group was changed from 'healthy controls' to 'controls with mild respiratory distress'.,and 55 healthy controls from a Caucasian cohort.,and 55 controls with mild respiratory distress from a Caucasian cohort.,[]
target_deepseek_r1_32b__aux_gemma4_e4b,135,12836106,Does the leukocyte count correlate with the severity of injury?,yes,True,0,wbc_iss_correlation,measured outcome,The statistical relationship found between white blood cell count and the Injury Severity Score.,Positive correlation,No correlation,True,yes,"Yes, leukocyte count correlates with the severity of injury.","The study found that white blood cell count positively correlated with Injury Severity Score, indicating higher counts are linked to more severe injuries.",no,"No, leukocyte count does not correlate with injury severity.","The study found no correlation between white blood cell count (WBC) and Injury Severity Score (ISS), indicating that WBC is not a reliable measure of injury severity.",True,True,The correlation between WBC count and ISS was changed from 'Positive correlation' to 'No correlation'.,WBC was correlated positively with ISS,WBC showed no correlation with ISS,[]
target_deepseek_r1_32b__aux_gemma4_e4b,135,12836106,Does the leukocyte count correlate with the severity of injury?,yes,True,1,primary_severity_index,comparison group,The specific severity index used to demonstrate the positive correlation with WBC count.,Injury Severity Score (ISS),Glasgow Coma Score (GCS),True,yes,"Yes, leukocyte count correlates with the severity of injury.","The study found that white blood cell count positively correlated with Injury Severity Score, indicating higher counts are linked to more severe injuries.",yes,"Yes, leukocyte count correlates with the severity of injury.","The study found that white blood cell (WBC) count correlated positively with Injury Severity Score (ISS), indicating higher WBC corresponds to more severe injuries. Additionally, WBC was negatively correlated with Glasgow Coma Scale (GCS) and Revised Trauma Score (RTS), meaning higher WBC is associated with lower scores in these metrics, which also reflect greater injury severity.",False,True,The primary severity index used for comparison was changed from Injury Severity Score (ISS) to Glasgow Coma Score (GCS) in the background description and the results section.,ISS is too complicated to assess easily and GCS and RTS are easy to assess but somewhat subjective.,GCS is too complicated to assess easily and GCS and RTS are easy to assess but somewhat subjective.,[]
target_deepseek_r1_32b__aux_gemma4_e4b,135,12836106,Does the leukocyte count correlate with the severity of injury?,yes,True,2,trauma_type,other,The type of trauma studied in the patient cohort.,Blunt trauma,Penetrating trauma,False,yes,"Yes, leukocyte count correlates with the severity of injury.","The study found that white blood cell count positively correlated with Injury Severity Score, indicating higher counts are linked to more severe injuries.",yes,"Yes, leukocyte count correlates with the severity of injury.","The study found a positive correlation between white blood cell count and Injury Severity Score (ISS), indicating higher WBC levels are associated with more severe injuries.",False,True,"The type of trauma studied was changed from 'Blunt trauma' to 'Penetrating trauma' throughout the abstract context, including the background, methods, and MeSH terms.","blunt trauma, blunt trauma, blunt trauma, Nonpenetrating","penetrating trauma, penetrating trauma, penetrating trauma, Penetrating",[]
target_deepseek_r1_32b__aux_gemma4_e4b,141,22497340,Is horizontal semicircular canal ocular reflex influenced by otolith organs input?,yes,True,0,head_position_change,comparison group,"The variation in head orientation (e.g., supine, prone, left-ear-down) used to test the reflex.","Supine, prone, left-ear-down, right-ear-down positions","Fixed, upright sitting position",True,yes,"Yes, the horizontal semicircular canal ocular reflex is influenced by otolith organ input.","The study shows that changes in head position affected eye movement patterns, indicating that otolith inputs influence the reflex.",no,"No, the horizontal semicircular canal ocular reflex is not influenced by otolith organs input.","The study found symmetric eye movements and nystagmus in a fixed upright position, suggesting no influence from otolith organs.",True,True,"The testing protocol was changed from multiple head positions (supine, prone, left/right-ear-down) to a single, fixed, upright sitting position. Consequently, the results section was updated to reflect symmetric findings at this fixed position, and the conclusion regarding gravity-induced asymmetry was removed.","Each subject was kept in a left-ear-down position for 20 s and then repositioned to a prone position, a right-ear-down position and a supine position with 20 s intervals. Eye movements in the supine position and the prone position were not in a symmetric fashion. Nystagmus in the left-ear-down position and the right-ear-down position were not symmetric either. These phenomena indicate that the axis of the eyeball rotation was affected by the shift of the direction of gravity exerted on the head.","Each subject was kept in a fixed, upright sitting position for 20 s and then maintained in this position with 20 s intervals. Eye movements in the fixed, upright sitting position were symmetric. Nystagmus in the fixed, upright sitting position was symmetric. These phenomena indicate that the axis of the eyeball rotation was stable.",[]
target_deepseek_r1_32b__aux_gemma4_e4b,141,22497340,Is horizontal semicircular canal ocular reflex influenced by otolith organs input?,yes,True,1,reflex_type,measured outcome,The specific ocular reflex being measured.,Horizontal semicircular canal ocular reflex,Vertical semicircular canal ocular reflex,True,yes,"Yes, the horizontal semicircular canal ocular reflex is influenced by otolith organ input.","The study shows that changes in head position affected eye movement patterns, indicating that otolith inputs influence the reflex.",maybe,It is uncertain if the horizontal semicircular canal ocular reflex is influenced by otolith organs input.,"The study focused on vertical semicircular canals and found that gravity affected eye movement, suggesting otolith influence. However, it did not specifically address horizontal canals.",True,True,The specific ocular reflex being investigated was changed from horizontal to vertical.,horizontal canal ocular reflex,vertical semicircular canal ocular reflex,[]
target_deepseek_r1_32b__aux_gemma4_e4b,141,22497340,Is horizontal semicircular canal ocular reflex influenced by otolith organs input?,yes,True,2,input_source,comparison group,The source of the input hypothesized to influence the reflex.,Otolith organs input,Semicircular canals input only,True,yes,"Yes, the horizontal semicircular canal ocular reflex is influenced by otolith organ input.","The study shows that changes in head position affected eye movement patterns, indicating that otolith inputs influence the reflex.",yes,"Yes, the horizontal semicircular canal ocular reflex is influenced by otolith organ input.","The study's results showed that eye movements were affected by shifts in gravity's direction on the head, indicating involvement of the otolith organs.",False,True,The hypothesized input source influencing the horizontal canal ocular reflex was changed from 'Otolith organs input' to 'Semicircular canals input only'.,Otolith organs input,semicircular canals input only,[]
target_deepseek_r1_32b__aux_gemma4_e4b,143,8566975,Serovar specific immunity to Neisseria gonorrhoeae: does it exist?,no,True,0,serovar_prevalence_difference,measured outcome,Whether there is a significant difference in the prevalence of serovars isolated following a repeat infection compared to those without repeat infections.,No significant difference,Significant difference,True,no,Serovar-specific immunity to Neisseria gonorrhoeae does not exist.,"The study found no significant difference in the prevalence of serovars during repeat infections, suggesting that prior infection with a specific serovar does not provide protection against reinfection.",yes,Serovar specific immunity exists but provides limited protection.,"The study found a significant difference in serovar prevalence after repeat infections, suggesting some level of immunity but not enough to prevent reinfection.",True,True,The finding regarding the difference in serovar prevalence between repeat and non-repeat infections was changed from 'No significant difference' to 'Significant difference'.,No significant difference was seen in the prevalence of serovars isolated following a repeat infection compared with those without repeat infections.,A significant difference was seen in the prevalence of serovars isolated following a repeat infection compared with those without repeat infections.,[]
target_deepseek_r1_32b__aux_gemma4_e4b,143,8566975,Serovar specific immunity to Neisseria gonorrhoeae: does it exist?,no,True,1,infection_status,disease or condition,"The type of gonococcal infection analyzed (i.e., whether the study focused on recurrent infections).",Recurrent gonococcal infection,Primary gonococcal infection,False,no,Serovar-specific immunity to Neisseria gonorrhoeae does not exist.,"The study found no significant difference in the prevalence of serovars during repeat infections, suggesting that prior infection with a specific serovar does not provide protection against reinfection.",no,Serovar specific immunity to Neisseria gonorrhoeae does not exist.,"The study found no significant difference in the prevalence of serovars after repeat infections, suggesting no evidence of serovar-specific protection.",False,True,The focus of the analyzed patient group in the Methods section was changed from recurrent to primary gonococcal infection.,recurrent gonococcal infection,primary gonococcal infection,[]
target_deepseek_r1_32b__aux_gemma4_e4b,143,8566975,Serovar specific immunity to Neisseria gonorrhoeae: does it exist?,no,True,2,initial_site_influence,measured outcome,Whether the site of the initial infection influences the subsequent serovar isolated.,Did not appear to influence,Significantly influences,False,no,Serovar-specific immunity to Neisseria gonorrhoeae does not exist.,"The study found no significant difference in the prevalence of serovars during repeat infections, suggesting that prior infection with a specific serovar does not provide protection against reinfection.",no,Serovar specific immunity to Neisseria gonorrhoeae does not exist.,"The study found no significant difference in the prevalence of serovars after repeat infections, indicating limited or no serovar-specific protection.",False,True,The finding regarding whether the initial site of infection influences the subsequent serovar isolated was changed from 'did not appear to influence' to 'significantly influences'.,The site of the initial infection did not appear to influence the subsequent serovar isolated.,The site of the initial infection significantly influences the subsequent serovar isolated.,[]
target_deepseek_r1_32b__aux_gemma4_e4b,157,18243752,Should chest wall irradiation be included after mastectomy and negative node breast cancer?,maybe,True,0,recurrence_site,measured outcome,The specific anatomical location where local recurrence was observed.,operative scare and chest wall,operative scare only,True,maybe,Maybe chest wall irradiation should be included.,"The study observed local recurrences at the chest wall despite only irradiating the internal mammary chain, suggesting a potential benefit of including chest wall irradiation.",maybe,Maybe chest wall irradiation should be included.,"The study shows local recurrences at the operative scar (chest wall) despite treating only the internal mammary chain, suggesting that including chest wall irradiation might help reduce recurrence rates.",False,True,The specific anatomical location of local recurrence was changed from 'operative scare and chest wall' to 'operative scare only'.,Recurrence sites were the operative scare and chest wall.,Recurrence sites were the operative scare only.,[]
target_deepseek_r1_32b__aux_gemma4_e4b,157,18243752,Should chest wall irradiation be included after mastectomy and negative node breast cancer?,maybe,True,1,radiotherapy_scope,comparison group,The extent of the radiotherapy administered (the current standard of care being evaluated).,internal mammary chain only,internal mammary chain and chest wall,True,maybe,Maybe chest wall irradiation should be included.,"The study observed local recurrences at the chest wall despite only irradiating the internal mammary chain, suggesting a potential benefit of including chest wall irradiation.",maybe,Chest wall irradiation may be considered based on the low recurrence rate observed.,"The study shows a low local recurrence rate of 5% with chest wall irradiation, but factors associated with increased risk were not statistically significant.",False,True,The scope of radiotherapy was expanded from 'internal mammary chain only' to 'internal mammary chain and chest wall' in both the Purpose and Patients and Methods sections.,internal mammary chain only... internal mammary chain,internal mammary chain and chest wall... internal mammary chain and chest wall,[]
target_deepseek_r1_32b__aux_gemma4_e4b,157,18243752,Should chest wall irradiation be included after mastectomy and negative node breast cancer?,maybe,True,2,statistical_significance_of_risk_factors,statistical significance,"Whether the identified risk factors (age, tumor size) for local failure were statistically significant.",without statistical significance,with statistical significance,False,maybe,Maybe chest wall irradiation should be included.,"The study observed local recurrences at the chest wall despite only irradiating the internal mammary chain, suggesting a potential benefit of including chest wall irradiation.",maybe,Maybe chest wall irradiation should be included.,"The study observed local recurrences at the chest wall despite only irradiating the internal mammary chain, suggesting a potential benefit of including chest wall irradiation.",False,True,The statistical significance of identified risk factors (age and tumor size) for local failure was changed from non-significant to significant.,without statistical significance,with statistical significance,[]
target_deepseek_r1_32b__aux_gemma4_e4b,186,22211919,"Actinobaculum schaalii, a cause of urinary tract infections in children?",maybe,False,0,urinary_tract_infection_association,disease or condition,Whether the presence of A. schaalii is associated with a urinary tract infection.,Yes (found in two children with UTI),No (found in children without UTI),True,yes,"Yes, Actinobaculum schaalii can cause urinary tract infections in children.","The study found A. schaalii in two children with UTIs and high leukocyte levels, indicating it causes infection.",maybe,Actinobaculum schaalii may not always cause urinary tract infections in children.,"The study found A. schaalii in urine samples, including some without UTI symptoms, suggesting it might not always be the cause.",True,True,"The association between A. schaalii and UTI status was reversed. The original text stated that A. schaalii was found in children with a UTI; the counterfactual context states it was found in children without a UTI, requiring a minimal change to the urine description (from 'large numbers of leucocytes' to 'normal urine parameters') to maintain internal consistency.",in two children with a urinary tract infection and large numbers of leucocytes in the urine.,in two children without a urinary tract infection and normal urine parameters.,[]
target_deepseek_r1_32b__aux_gemma4_e4b,186,22211919,"Actinobaculum schaalii, a cause of urinary tract infections in children?",maybe,False,1,affected_age_group,comparison group,The age group of the children where the association was observed.,Children,Adults,True,yes,"Yes, Actinobaculum schaalii can cause urinary tract infections in children.","The study found A. schaalii in two children with UTIs and high leukocyte levels, indicating it causes infection.",maybe,It is possible that Actinobaculum schaalii can cause urinary tract infections in children.,"The study included children but only reported UTIs caused by A. schaalii in adults, so it's uncertain for children.",True,True,The age group of the affected individuals was changed from children to adults.,two children,two adults,[]
target_deepseek_r1_32b__aux_gemma4_e4b,186,22211919,"Actinobaculum schaalii, a cause of urinary tract infections in children?",maybe,False,2,high_bacterial_load,numerical size,The concentration of A. schaalii found in the affected samples.,≥ 10(6) CFU/mL,"Low (e.g., ≥ 10(4) CFU/mL)",False,yes,"Yes, Actinobaculum schaalii can cause urinary tract infections in children.","The study found A. schaalii in two children with UTIs and high leukocyte levels, indicating it causes infection.",yes,"Yes, Actinobaculum schaalii can cause urinary tract infections in children.","The study found A. schaalii in two children with UTIs and high leucocytes, indicating it is a causative agent.",False,True,"The bacterial load found in two children was changed from high (≥ 10(6) CFU/mL) to low (e.g., ≥ 10(4) CFU/mL).",≥ 10(6) CFU/mL,"Low (e.g., ≥ 10(4) CFU/mL)",[]
target_deepseek_r1_32b__aux_gemma4_e4b,192,17444776,Is the holmium:YAG laser the best intracorporeal lithotripter for the ureter?,yes,False,0,comparison_group,comparison group,The inclusion of other lithotripters for comparison.,None (The study only uses holmium:YAG).,"Another lithotripter (e.g., laser X or laser Y).",True,maybe,It is not definitively established as the best.,The study shows high success rates and safety but does not compare holmium:YAG to other lithotripters.,maybe,It is not definitively established as the best.,The study compares holmium:YAG with another laser but does not provide conclusive evidence that it is superior.,False,True,The study design was changed from a single-arm study using only holmium:YAG to a comparative study comparing holmium:YAG with another lithotripter (laser X).,and holmium:YAG laser lithotripsy,and compared the efficacy of holmium:YAG laser lithotripsy versus laser X,[]
target_deepseek_r1_32b__aux_gemma4_e4b,192,17444776,Is the holmium:YAG laser the best intracorporeal lithotripter for the ureter?,yes,False,1,success_rate,measured outcome,The measured success rate of the procedure at 3 months.,96.7% at 3 months.,"Lower success rate (e.g., 80% at 3 months).",True,maybe,It is not definitively established as the best.,The study shows high success rates and safety but does not compare holmium:YAG to other lithotripters.,maybe,It is not definitively established as the best option.,"The study shows high success rates, but it does not compare holmium:YAG laser to other lithotripters.",False,True,The measured success rate at 3 months was changed from 96.7% to 80%.,96.7% at 3 months.,80% at 3 months.,[]
target_deepseek_r1_32b__aux_gemma4_e4b,192,17444776,Is the holmium:YAG laser the best intracorporeal lithotripter for the ureter?,yes,False,2,study_design,study design,"The scope of the study, determining if it is comparative or single-device focused.",Single-arm/Retrospective (Focusing only on holmium:YAG).,Comparative study or systematic review (Comparing multiple devices).,True,maybe,It is not definitively established as the best.,The study shows high success rates and safety but does not compare holmium:YAG to other lithotripters.,maybe,It is uncertain if holmium:YAG is the best based on this study.,The abstract compares various methods but does not specify which device is best.,False,True,"The study design was changed from a single-arm, retrospective study focusing only on holmium:YAG to a comparative systematic review analyzing multiple devices and cohorts. The purpose, methods, and results were generalized to reflect this comparative scope.","[PURPOSE] To study the efficiency and safety of holmium:YAG laser lithotripsy for ureteral stones.
[PATIENTS AND METHODS] A series of 188 patients with 208 ureteral stones were treated with semirigid ureteroscopy and holmium:YAG laser lithotripsy from January 2003 to December 2005.
[RESULTS] The success rate was 92.7% at the time of ureteroscopy and 96.7% at 3 months. The failures were secondary to retropulsion of the stones (3.3%). There were no perforations and one stricture. Stenting was done in 90% of patients.","[PURPOSE] To compare the efficiency and safety of various laser lithotripsy methods for ureteral stones.
[PATIENTS AND METHODS] This systematic review analyzed data from multiple cohorts with ureteral stones treated with various laser lithotripsy methods.
[RESULTS] Overall success rates varied across devices, with the meta-analysis showing an average success rate of 90-95% at the time of ureteroscopy. The most common failure cause was retropulsion of the stones (average 3-5%). Perforations and strictures were rare. Stenting was performed in approximately 85-95% of patients.",[]
target_deepseek_r1_32b__aux_gemma4_e4b,197,2224269,Should general practitioners call patients by their first names?,yes,True,0,patient_acceptance_of_first_names,measured outcome,The proportion of patients who are accepting of being called by their first names.,Most patients (223 liked or 175 did not mind),A majority of patients disliked being called by their first names,True,yes,"Yes, general practitioners should call patients by their first names.",Most patients either liked or did not mind being called by their first names.,no,General practitioners should not call patients by their first names.,"The majority of patients disliked being called by their first names, indicating that this practice is generally unacceptable.",True,True,"The reported patient acceptance of being called by their first names was changed from 'Most patients (223 liked or 175 did not mind)' to 'A majority of the patients disliked being called by their first names', adjusting the subsequent numbers (100 and 125) to reflect this shift in majority opinion.",Most of the patients either liked (223) or did not mind (175) being called by their first names.,"A majority of the patients disliked being called by their first names. Only 100 liked or 125 did not mind it,",[]
target_deepseek_r1_32b__aux_gemma4_e4b,215,21214884,Can 'high-risk' human papillomaviruses (HPVs) be detected in human breast milk?,no,True,0,specimen_type,other,The biological fluid used for testing the presence of HPV DNA.,Human breast milk,Human blood,True,no,"No, 'high-risk' HPVs cannot be detected in human breast milk according to this study.",The study evaluated breast milk from both HPV-positive and negative mothers and found no evidence of high-risk HPV DNA.,no,No 'high-risk' HPVs were detected in the studied human blood specimens.,"The study specifically looked for 'high-risk' HPV DNA in blood samples and found none. However, it did not test breast milk.",False,True,The specimen type was changed from 'Human breast milk' to 'Human blood' in both the Methods and Results sections.,human breast milk; human milk specimens,human blood; human blood specimens,[]
target_deepseek_r1_32b__aux_gemma4_e4b,215,21214884,Can 'high-risk' human papillomaviruses (HPVs) be detected in human breast milk?,no,True,1,tested_hpv_types,disease or condition,The specific high-risk HPV types evaluated for detection.,"HPV 16, 18, 31, 33, 35, 39, 45, 51, 52, 56, 58",HPV 66,True,no,"No, 'high-risk' HPVs cannot be detected in human breast milk according to this study.",The study evaluated breast milk from both HPV-positive and negative mothers and found no evidence of high-risk HPV DNA.,no,"No, 'high-risk' human papillomaviruses cannot be detected in human breast milk.",The study found no detection of 'high-risk' HPV types in the breast milk samples analyzed.,False,True,"The specific high-risk HPV types evaluated for detection were changed from HPV 16, 18, 31, 33, 35, 39, 45, 51, 52, 56, 58 to HPV 66.","HPV 16, 18, 31, 33, 35, 39, 45, 51, 52, 56, 58 or 58",HPV 66 or 66,[]
target_deepseek_r1_32b__aux_gemma4_e4b,215,21214884,Can 'high-risk' human papillomaviruses (HPVs) be detected in human breast milk?,no,True,2,mother_hpv_status,comparison group,The HPV status of the mothers whose milk was collected.,Both HPV-positive and HPV-negative mothers,Only HPV-positive mothers,True,no,"No, 'high-risk' HPVs cannot be detected in human breast milk according to this study.",The study evaluated breast milk from both HPV-positive and negative mothers and found no evidence of high-risk HPV DNA.,no,"No, 'high-risk' HPVs cannot be detected in human breast milk according to this study.",The study tested breast milk from 21 HPV-positive mothers and found no high-risk HPV DNA.,False,True,"The study population was restricted from 'Both HPV-positive and HPV-negative mothers' to 'Only HPV-positive mothers'. Consequently, the total number of specimens analyzed in the RESULTS section was adjusted from 32 to 21.",21 HPV-positive and 11 HPV-negative mothers. Of the 32 studied human milk specimens,21 HPV-positive mothers. Of the 21 studied human milk specimens,[]
